"Playlist URL","https://www.youtube.com/playlist?list=PLLUxIGUvOzFZvVom3NZSadctFpmgdYY3U"
"Playlist title","40k"
"Playlist author","John Grey"
"Videos","25"

"Video ID","Title","Channel","Added At","Published At","Thumbnail URL","Description"
"ZrjFFqNid3w","Mini Painting: Warhammer 40K Death Jester","Two Bats Gaming","2023-10-14","2018-06-07","https://i.ytimg.com/vi/ZrjFFqNid3w/hqdefault.jpg","Rachel begins work on a Warhammer 40K Harlequin Death Jester.

Twitter: https://twitter.com/TwoBatsGaming
Email: twobatsgaming@gmail.com

TwoBats Gaming: Board Game Reviews, How-To's, and More..."
"rDLd6X1ZtMo","Perturabo! The Lord of Iron! 40k Primarch Lore","Arch","2023-10-14","2020-07-18","https://i.ytimg.com/vi/rDLd6X1ZtMo/hqdefault.jpg","Perturabo! primarch of the 4th legion the Iron Warriors and master of olympia, a complex cookie for sure but let's have a crack at him any ways!

Consider supporting me on SubscribeStar or Patreon!
https://www.subscribestar.com/arch-warhammer
https://www.patreon.com/user?u=3863342

My Chrono.gg Game Store and Merch Store!
https://shop.spreadshirt.com/the-arch-merch-store/
https://archwarhammer.chrono.gg/

And follow me on Parler!
https://parler.com/profile/ArchYT/posts"
"lzKWRl1Acfs","Can Traitor Astartes Ever Be Redeemed? - 40K Theories","40K Theories","2023-10-14","2020-02-12","https://i.ytimg.com/vi/lzKWRl1Acfs/hqdefault.jpg","Is it at all possible for those Space Marines that turned their backs upon the Imperium to embrace the Ruinous Powers to find some form of redemption for their sins?

Featuring WarGamerGirl as Sister Aescarion
https://www.youtube.com/channel/UCVSqFZiGn4cHzSk1Y_CeBMw

Intro theme by Stringstorm
https://www.youtube.com/user/galiant609

Additional audio editing by Officio Audiorum
https://www.youtube.com/user/OfficioAudiorum

This is an updated and remastered video with additional information and higher quality audio

Additional art by Zahaos, √Ålvaro Pesquera, TheMaestroNoob, bitrix-studio and Baklaher
https://www.deviantart.com/zahaos
https://www.artstation.com/apesquera
https://www.deviantart.com/themaestronoob
https://www.deviantart.com/bitrix-studio
https://www.deviantart.com/baklaher

All art property of their respective owners

Visit Games Workshop's official site here:
https://www.games-workshop.com/

Support 40K Theories on Patreon:
http://www.patreon.com/40ktheories"
"-MeVxKZBOfM","LORE - Warhammer 40k Lore in a Minute!","LORE","2023-10-14","2011-09-28","https://i.ytimg.com/vi/-MeVxKZBOfM/hqdefault.jpg","‚Äã‚Äã‚ÄãSee what's next on Maker.TV ‚ñ∫ http://mker.tv/Lore
Gonna get the new WARHAMMER 40K: SPACE MARINE?  Bone up on Warhammer 40k's intricate lore, with the help of TotalBiscuit, in slightly over a minute!

Subscribe for a new episode every Monday, Wednesday, and Friday!
http://goo.gl/OFrMD

Follow us on Twitter @PolarisTweets!

More Lore here http://bit.ly/NV86oo

Click the captions icon above to pick a language. Don't see your language? Join our translation team! ‚ñ∫http://bit.ly/TranslateLore‚óÑ

---

Written and Narrated by TotalBiscuit:
http://www.youtube.com/totalhalibut

(check out his WTF is Space Marine review!)
http://www.youtube.com/watch?v=nb50aAFiOpM

Art by D.J. ""Metaly"" Ross
http://www.youtube.com/vghangover
http://www.vghangover.com

Edited by Schroeder
http://www.youtube.com/TheWarpZone

---

TRANSCRIPT:

Our story begins with a god-like being of immense power known only as the Emperor uniting the warring factions of Earth and embarking on The Great Crusade to reunite all of mankinds lost colonies. He did this by creating 20 legions of post-human genetically engineered badasses known as Space Marines, each with an even more ridiculously OP Primarch to lead them. Unfortunately, the 4 Gods of Chaos who weren't really into that sort of thing intervened and scattered the Primarch's across the universe while still in their infancy. Rather annoyed by this, the Emperor lead the legions across the galaxy, reclaiming, subjegating or annihilating every world they could find, gradually picking up the lost Primarchs along the way. Eventually the Emperor decided there were more important things to do and retired from his career of galaxy plundering to go and muck about with ancient science back on Earth, leaving his favoured Primarch Horus in command of The Crusade. All was going well until the Chaos-tainted Chaplain Erebus engineering a plot in which Horus would also fail to Chaos. Already suffering from some pretty serious Daddy issues, Horus gathered half the Space Marine legions to his side and set about waging civil war against the Emperor. This conflict would be known as the Horus Heresy and culminated in a massive invasion of Earth. The Emperor, knowing that his forces were outnumbered and on the verge of losing the battle, teleported to Horus' flagship to engage him in mortal combat, but being a sentimental old sod, could not bring himself to kill his favoured son. Horus having no such qualms, beat the snot out of him. Finally seeing sense, the Emperor killed him with mindbullets and the loyalists were victorious. Near death, The Emperor was placed in a huge machine known as The Golden Throne which maintained his psychic essence at the bargain price of the souls of 1000 unlucky sods every single day. The Imperium fell into a state of technological regression and brutal dictatorship and for 10,000 years has been under siege from all sides by every single nasty the universe can throw at it. Basically life sucks, there is only war and you're probably going to get eaten by Tyranids.

Have fun!

LORE - Warhammer 40k Lore in a Minute!

---

Who is Polaris? http://bit.ly/14Z6vUP

Want more from Polaris?
Twitter: http://bit.ly/12ecJOw
Facebook: http://on.fb.me/12Ue00n
Google+: http://bit.ly/16l2toB
Instagram: http://bit.ly/1aiOYgZ
Tumblr: http://bit.ly/13HgrW4 Lore (aka Lore in a minute) is a leading video game industry animated cartoon video series that provides backstory to your favorite video games. Lore is connected to Polaris and The Game Station. Both Lore in a minute and Fast Facts formats help explain the history of video game development while often tying it to video game console inventions and video game industry evolving technology. Lore brings all this together in the context of your favorite video games. Using entertaining animation and cartoons Lore makes learning about your favorite games and video game culture super fun! Be sure to check out many of Lore‚Äôs most popular video game videos to learn more about the backstory and history of your favorite aspects of the gaming industry, game titles, inventions, and gaming consoles."
"qm52p9BXh60","The Faith - Warhammer 40K Fan Animation (with subtitles)","Gabriel Christtiane","2023-10-14","2020-10-18","https://i.ytimg.com/vi/qm52p9BXh60/hqdefault.jpg","*** 100% unofficial and in no way endorsed by Games Workshop. Without producing any profit, or claiming intellectual property ***

""In the grim darkness of the far future, there is only war. A war that is not fought only with weapons. The war of faith. And so champion of Black Templars chapter must stand against one of the greatest enemies of God-Emperor - dangerous Word Bearers!""

I'm an amateur and an enthusiast, I don't make a living from this job.
You will also find me on
Instagram: https://www.instagram.com/gabrielchristtiane/
Facebook: https://www.facebook.com/GabrielMChristtiane

Please look on pages of this two artist that help me a lot with this work:
https://www.instagram.com/orniris/  - Great painter, who can draw you favorite custom characters!
https://www.instagram.com/legiosymphonica/ - Great composer, who compose music from warhammer 40K.
https://www.instagram.com/artwork_of_warhammer/ - My favourite IG page for daily Warhammer artwork.

This is my fourth animation from the world of Warhammer. And at the same time it has the first largest and most complete. Working on it took less than ten months and brought me a lot of experience, which I want to use in other projects.
Don't be afraid to leave a comment, I appreciate the healthy criticism and feedback from the community is important to me and can show me what story to start next.

Music in animation is from these artists:
""Light in Dark Places"" and ""Efge of Remorse"" by Scott Buckley
https://www.youtube.com/user/musicbyscottb
""Dark Trinity"" and ""Who is your God"" by CO.AG Music
https://www.youtube.com/channel/UCcavSftXHgxLBWwLDm_bNvA
""'The Army of Minotaur"" and ""Dragon castle"" by Makai Symphony
https://www.youtube.com/channel/UC8cn3OdeqYhyhNUyrMxOQKQ


****

100% unofficial and in no way endorsed by Games Workshop.

¬© Copyright Games Workshop Limited 2020. GW, Games Workshop, BL Publishing, Black Library, Forge World, Citadel, White Dwarf, The Horus Heresy, The Horus Heresy Eye logo, Space Marine, 40K, Warhammer, Warhammer Digital, Warhammer 40,000, the ‚ÄòAquila‚Äô Double-headed Eagle logo, Warhammer Age of Sigmar, Battletome, Stormcast Eternals, and all associated logos, illustrations, images, names, creatures, races, vehicles, locations, weapons, characters, and the distinctive likenesses thereof, are either ¬Æ or TM, and/or ¬© Games Workshop Limited, variably registered around the world. All Rights Reserved."
"htcKdg8vUzY","Is Dawn of War as Good as you Remember? | Retrospective Analysis","Zade","2023-10-14","2020-11-07","https://i.ytimg.com/vi/htcKdg8vUzY/hqdefault.jpg","Dawn of War is one of Relic Entertainment's most beloved series of all time - and one of their most successful, too. Across the base game and its three expansions, Dawn of War has gone down in history as one of the greatest action RTSs of all time - and it even continues to influence the strategy genre to this day.

00:00 - Introduction
02:59 - Preamble
05:11 - Gameplay
14:20 - Dawn of War
21:19 - Winter Assault
27:14 - Dark Crusade
36:11 - Soulstorm
41:30 - Holistic View of the Series
44:13 - Mods & Modern Considerations
48:36 - Legacy
52:30 - Conclusion

Patreon ‚ñ∂ https://www.patreon.com/zade_95
Twitter ‚ñ∂ https://twitter.com/Zade_95
Twitch ‚ñ∂ https://www.twitch.tv/Zade_95
YouTube 2 ‚ñ∂ https://www.youtube.com/channel/UCe7NAiNg6Ef_UDWDrkbLv-Q

'Retrospectives' playlist - https://www.youtube.com/playlist?list=PLN1miPHtA2-L9MJn6YGUFuOhUvJqPuYJv

Gameplay recorded on PC | Audio recorded using a Rode NT-USB

#dawnofwar #dow #relic #warhammer40000"
"O7hgjuFfn3A","Astartes Project by Syama Pedersen - Original Version - Full Edit - All Parts","TheChach","2023-10-14","2020-04-03","https://i.ytimg.com/vi/O7hgjuFfn3A/hqdefault.jpg","Disclaimer: Some viewers have reported mild siezures triggered by sounds in this video.
Parts 1 - 5 of the Astartes Project by Syama Pedersen, edited into one video for convenience. I played no part in the making of this film. All credit goes to the creator:

Astartes Channel
https://www.youtube.com/channel/UCFMtdiQILuTZr22sKUeAOOA

Astartes Animation on Warhammer Community
https://www.warhammer-community.com/warhammer-animation-astartes/

https://www.patreon.com/astartesfilm
https://www.paypal.me/astartesfilm
https://www.instagram.com/astartesfilm/

Download link for this edit:
https://mega.nz/file/z951AIwb#1ap2FzWfrGbjjNA7tNAuctc8LfVI0Uag8Ll-skTLTpk"
"oc4mr8a4H7c","(ASMR) 1 hour of Dakka for a calm, relaxing sleep (BETTER VERSION IN PINNED COMMENT!)","Bunker","2023-10-14","2021-05-07","https://i.ytimg.com/vi/oc4mr8a4H7c/hqdefault.jpg","Warning: Not actually ASMR. Unless if you're into that kind of thing. #NLClan #BunkerSlav #AveDominusNox"
"x9wV2sGlXjY","Death of Hope Part 1: Anarchy Reigns","SparksArtifex","2023-10-14","2020-03-07","https://i.ytimg.com/vi/x9wV2sGlXjY/hqdefault.jpg",""
"NR8Vq5W9Y_U","Space Hulk Deathwing All Cutscenes (Game Movie)","Game Movie","2023-10-14","2020-03-09","https://i.ytimg.com/vi/NR8Vq5W9Y_U/hqdefault.jpg","The video shows the main plot of the game ""Space Hulk: Deathwing"". The game has only 10 minutes of in-game videos. Therefore, all the rest of the video (with the exception of the initial and final cutscenes) is made from video footage of the gameplay.
  I tried to make it as cinematic as possible without a free camera (fly camera). The entire interface and dialogs were removed from the game. The sequence of dialogues and in-game events has been changed for the integrity of the plot."
"zU7TWQgG11A","EVERY EDITION of WARHAMMER 40k in 16 minutes!","Arbitor Ian","2023-10-14","2022-01-20","https://i.ytimg.com/vi/zU7TWQgG11A/hqdefault.jpg","I'm always yammering on about different editions of 40k, but what were the ACTUAL differences? When was Warhammer's Red Period? When did the grimdark start? Who was Mat Ward anyway?

Find me elsewhere on the internet:
patreon.com/arbitorian
instagram.com/arbitorian
twitter.com/arbitorian

Music is Black Rainbows by Karl Casey @ White Bat Audio: https://www.youtube.com/watch?v=bgVfpydKoc0
All imagery ¬© Games Workshop 1983-2021 unless where noted.
With thanks to Stuff of Legends for the archive catalogue images http://www.solegends.com/

#warhammer40k #40klore #tabletopgaming #tabletopgames #40karchives #warhammer #wargaming #oldones #aeldaeri #slann #oldhammer"
"TIyjfpWdpWg","The HORUS HERESY Retrospective: From 1988 to Now","Arbitor Ian","2023-10-14","2021-05-28","https://i.ytimg.com/vi/TIyjfpWdpWg/hqdefault.jpg","The Horus Heresy is a central element of Warhammer 40,000 - the mythological history for the whole setting. But it wasn't ever part of the original game - it was a later addition. In this video, we go through the original story, it's appearances over the years, and how it evolved over time into the full setting it is today.

Support the channel on Patreon for early access vids and other PERKS:
Patreon ‚ñ∫ https://www.patreon.com/arbitorian

Get your discount HOBBY FIX (and buy me toys in the process!!)
Firestorm Games ‚ñ∫  https://www.firestormgames.co.uk/?aff=6390a44b70fed

Elsewhere on the internet:
Twitter ‚ñ∫ https://www.twitter.com/arbitorian
Instagram ‚ñ∫ https://www.instagram.com/arbitorian

Copyright: Unless noted in the video, all images ¬© Games Workshop 1987-2022. Title music is 'Black Rainbows' by Karl Casey  @White Bat Audio

#warhammer40k #thehorusheresy #tabletopgaming #horusheresy #tabletopgames #40karchives #warhammer #wargaming #roguetrader #oldhammer #warhammer30k"
"Q4fpISgV6ug","The 10 problems of the 2nd Edition Shooting Phase","Olden Demon","2023-10-14","2023-06-26","https://i.ytimg.com/vi/Q4fpISgV6ug/hqdefault.jpg","Its a list video, kind of?

ü™ôü™ôü™ô Become a member for great perks on Ko-Fi ü™ôü™ôü™ô
https://ko-fi.com/oldendemon/tiers
üñºÔ∏è Follow on Instagram üñºÔ∏è
https://www.instagram.com/chilvers_industries/
üéâ Threads üéâ
https://www.threads.net/@chilvers_industries
üì® Contact, enquiries or just say hi üì®
oldendemon@gmail.com
üíª Website üíª
https://chilversindustries.com/"
"Z6H-GT6DnNE","RULES BLOAT & MENTAL LOAD in Warhammer 40k - How 3rd Edition Spiralled Into 7th","Arbitor Ian","2023-10-14","2021-02-12","https://i.ytimg.com/vi/Z6H-GT6DnNE/hqdefault.jpg","Different editions of 40k have dealt with the problem of 'too many rules' in a few different ways. In this video we look at how 3ed dealt with it pretty well, but how it's constraints slowly resulted in the mess of 7ed Warhammer 40,000 and how that reflects on current editions like 8ed and 9ed.

40k Badcast: https://40kbadcast.libsyn.com/

Support the channel on Patreon for early access vids and other PERKS:
Patreon ‚ñ∫ https://www.patreon.com/arbitorian

Get your discount HOBBY FIX (and buy me toys in the process!!)
Firestorm Games ‚ñ∫  https://www.firestormgames.co.uk/?aff=6390a44b70fed

Elsewhere on the internet:
Twitter ‚ñ∫ https://www.twitter.com/arbitorian
Instagram ‚ñ∫ https://www.instagram.com/arbitorian

Copyright: Unless noted in the video, all images ¬© Games Workshop 1987-2022. Title music is 'Black Rainbows' by Karl Casey  @WhiteBatAudio

Music: Black Rainbows by Karl Casey @ White Bat Audio https://www.youtube.com/channel/UC_6h...
All images ¬© Games Workshop 1987-2020

#warhammer40k #gamedesign #tabletopgaming #tabletopgames #40karchives #warhammer #wargaming #40khistory"
"5qjmuW_Lsu8","Warhammer 40K 10th Edition Design Interview - Rules Previews Discussed","Auspex Tactics","2023-10-14","2023-03-27","https://i.ytimg.com/vi/5qjmuW_Lsu8/hqdefault.jpg","Let's talk about GW's quick design interview for 10th edition, and some hints of what's to come

10th Interview - https://tinyurl.com/5n8hbjpn

-- Patreon Page --
https://www.patreon.com/auspex
-- SubscribeStar --
https://www.subscribestar.com/auspex

-- Buy Warhammer 40K miniatures here --
Element Games in the UK: http://elementgames.co.uk/?d=10426
Amazon in the USA + Canada: https://amzn.to/303klKD

-- Buy 3D Printers from Elegoo Here --
https://shareasale.com/r.cfm?b=1680329&u=3447346&m=104244&urllink=&afftrack=
Discount Code for $10 off: MRT10OFF

-- Social Media --
Facebook: https://www.facebook.com/Auspex-Tactics-103129707773165
Discord: https://discord.gg/RrvQurN

-- Subscribe to Auspex Tactics --
https://tinyurl.com/yc69mguy

0:00 Intro
1:49 Stratagems
3:42 Pregame Choices
5:05 Universal Special Rules
6:17 Psychic Powers
8:39 Downloadable Indexes
10:38 Outro"
"05YRMHWtv1Y","WARHAMMER 40k TIMELINE IN 20 MINS! From the 21st Century to the 41st Millenium - 40k Archives","Arbitor Ian","2023-10-14","2021-02-04","https://i.ytimg.com/vi/05YRMHWtv1Y/hqdefault.jpg","So, what universe is Warhammer 40,000 set in? Ours, of course! After a friend asked just that question, I wrote this; a short guide to how the 21st century turns into the 41st Millennium.

And FINE. 21 minutes. :/

Support the channel on Patreon for early access vids and other PERKS:
Patreon ‚ñ∫ https://www.patreon.com/arbitorian

Get your discount HOBBY FIX (and buy me toys in the process!!)
Firestorm Games ‚ñ∫  https://www.firestormgames.co.uk/?aff=6390a44b70fed

Elsewhere on the internet:
Twitter ‚ñ∫ https://www.twitter.com/arbitorian
Instagram ‚ñ∫ https://www.instagram.com/arbitorian

Copyright: Unless noted in the video, all images ¬© Games Workshop 1987-2022. Title music is 'Black Rainbows' by Karl Casey  @WhiteBatAudio

Copyright: Unless noted in the video, all images ¬© Games Workshop 1987-2022. Title music is 'Black Rainbows' by Karl Casey  @White Bat Audio

#warhammer40k #40klore #tabletopgaming #tabletopgames #40karchives #warhammer #wargaming #40khistory"
"tKjsOu2Kzbw","Warhammer 40K Chapter Master Review","MandaloreGaming","2023-10-14","2019-12-14","https://i.ytimg.com/vi/tKjsOu2Kzbw/hqdefault.jpg","Chapter Master is a Warhammer 40K strategy game made by players long ago, and this review takes a brief look at all the game could be. Space Marines have busy lives.
Support the channel at: https://www.patreon.com/mandaloregaming or https://www.paypal.me/MandaloreGaming
I take video suggestions at mandaloremovies@gmail.com
Twitter: https://twitter.com/Lord_Mandalore
#Warhammer40K #ChapterMaster #Warhammer40KChapterMaster #ChapterMasterReview

00:00 - Intro
00:24 - Game Premise
1:40 - Visuals
2:18 - Music & Sound Effect (the one)
2:57 - Gameplay Mechanics
6:37 - Issues & Conclusion
8:30 - Credits
9:38 - Heresy Found"
"LIDVcwNMn5c","Every Warhammer 40K Army's Playstyle- Each Faction's Gameplay Reviewed","Auspex Tactics","2023-10-14","2023-03-10","https://i.ytimg.com/vi/LIDVcwNMn5c/hqdefault.jpg","Let's talk through the gameplay and playstyle of each Warhammer 40K Army and their core rules mechanics...

-- Patreon Page --
https://www.patreon.com/auspex
-- SubscribeStar --
https://www.subscribestar.com/auspex

-- Buy Warhammer 40K miniatures here --
Element Games in the UK: http://elementgames.co.uk/?d=10426
Noble Knight Games in the USA: https://www.nobleknight.com/SC/Warhammer-40000?awid=1317
Amazon in the USA + Canada: https://amzn.to/303klKD

-- Buy 3D Printers from Elegoo Here --
https://shareasale.com/r.cfm?b=1680329&u=3447346&m=104244&urllink=&afftrack=
Discount Code for $10 off: MRT10OFF

-- Social Media --
Facebook: https://www.facebook.com/Auspex-Tactics-103129707773165
Discord: https://discord.gg/RrvQurN

-- Subscribe to Auspex Tactics --
https://tinyurl.com/yc69mguy

0:00 Adeptus Mechanicus
1:46 Astra Militarum
3:47 Grey Knights
5:48 Adepta Sororitas
7:50 Adeptus Custodes
9:50 Imperial Knights
12:14 Space Marines
14:33 Ultramarines
15:51 White Scars
16:58 Iron Hands
18:20 Raven Guard
19:32 Salamanders
20:46 Imperial Fists
21:45 Black Templars
23:00 Blood Angels
24:39 Space Wolves
26:21 Dark Angels
28:13 Deathwatch
30:06 Agents of the Imperium
32:01 Death Guard
34:26 Thousand Sons
37:01 World Eaters
39:32 Chaos Daemons
41:54 Chaos Knights
44:15 Chaos Space Marines
46:33 Chaos Legions
49:41 Craftworld Eldar
52:24 Drukhari
54:55 Harlequins
57:32 Ynnari
59:08 Tyranids
1:01:49 Genestealer Cults
1:04:35 Tau Empire
1:07:24 Orks
1:10:17 Leagues of Votann
1:13:00 Necrons
1:16:02 Outro"
"_eWASfsetfE","10th CORE RULES FULLY LEAKED - Eight Big Changes Reviewed!","Auspex Tactics","2023-10-14","2023-05-17","https://i.ytimg.com/vi/_eWASfsetfE/hqdefault.jpg","Warhammer 40K 10th Edition appears to be out in the wild! Let's talk about the rules changes...

Rules have been shared on Warhammer Competitive as well as many other places - https://www.reddit.com/r/WarhammerCompetitive/

-- Patreon Page --
https://www.patreon.com/auspex
-- SubscribeStar --
https://www.subscribestar.com/auspex

-- Buy Warhammer 40K miniatures here --
Element Games in the UK: http://elementgames.co.uk/?d=10426
Noble Knight Games in the USA: https://www.nobleknight.com/SC/Warhammer-40000?awid=1317
or Amazon also in the USA - https://amzn.to/303klKD

-- Buy 3D Printers from Elegoo Here --
https://shareasale.com/r.cfm?b=1680329&u=3447346&m=104244&urllink=&afftrack=
Discount Code for $10 off: MRT10OFF

-- Social Media --
Facebook: https://www.facebook.com/Auspex-Tactics-103129707773165
Discord: https://discord.gg/RrvQurN

-- Subscribe to Auspex Tactics --
https://tinyurl.com/yc69mguy

0:00 Intro
0:36 Intro
1:31 Movement
2:42 Weapon Keywords
6:56 Leaders
8:36 Desperate Escape
10:17 Deployment Special Rules
11:55 Big Guns Never Tire
13:50 Core Stratagems
19:10 Strategic Reserves
21:15 Closing Thoughts"
"hEPfyYKU5Nk","The tragic tale of this Warhammer model will bring a tear to the eye","Olden Demon","2023-10-14","2023-05-22","https://i.ytimg.com/vi/hEPfyYKU5Nk/hqdefault.jpg","Today we hold back tears to remember a classic model and its tragic fall from grace.

ü™ôü™ôü™ô Become a member for great perks on Ko-Fi ü™ôü™ôü™ô
https://ko-fi.com/oldendemon/tiers
üñºÔ∏è Follow on Instagram üñºÔ∏è
https://www.instagram.com/chilvers_industries/
üéâ Threads üéâ
https://www.threads.net/@chilvers_industries
üì® Contact, enquiries or just say hi üì®
oldendemon@gmail.com
üíª Website üíª
https://chilversindustries.com/"
"QuU-mdMdH4I","Reviewing The Eisenhorn Trilogy | Some of the Best Books You'll Ever Read!","Majorkill","2023-10-14","2021-12-28","https://i.ytimg.com/vi/QuU-mdMdH4I/hqdefault.jpg","Today we review the most iconic Warhammer trilogy around, the Eisenhorn trilogy

Goes without saying, this video is in no way sponsored, encouraged or endorsed by anyone. All thoughts and opinions are entirely my own

Get the Eisenhorn audiobooks here :

Xenos : https://adbl.co/3qzj0rD
Malleus : https://adbl.co/3sDpmIY
Hereticus : https://adbl.co/3erAQHn

To pick up some Majorkill exclusive Miniatures go here : https://majorkill.com/

To see some naughty ""artworks"" go here : https://www.patreon.com/majorkill

To pick up some Majorkill exclusive Plastic Crack go here : https://majorkill.com/

To Download the Majorkill Mod go here : https://steamcommunity.com/sharedfiles/filedetails/?id=2134952055&searchtext=majorkill

Download the Majorkill SFO submod here : https://steamcommunity.com/sharedfiles/filedetails/?id=2167934736&searchtext=

If you want to play games or join the community further then join the Discord: https://discord.gg/hm3ug8kAtg

Follow me on Twitter for a laugh: https://twitter.com/Majorkill1

Like, Comment and Subscribe for more

DISCLAIMER : Majorkill PTY LTD is in no way associated or affiliated with Games workshop. The Warhammer IP and it's respective trademarks are the property of GW.

Artwork in this video is used for commentary and educational purposes. Artwork belongs to GW and other respective owners.
If you see artwork you have created in this video and would like to be credited, message me on discord at MajorKill9058 with a screenshot and credit link."
"t48UFxFlWeM","The movement phase was pretty wild in classic 40k","Olden Demon","2023-10-14","2023-03-27","https://i.ytimg.com/vi/t48UFxFlWeM/hqdefault.jpg","Today is a day for learning. But watch out because wrong answers will be deducted from your credit score.

ü™ôü™ôü™ô Become a member for great perks on Ko-Fi ü™ôü™ôü™ô
https://ko-fi.com/oldendemon/tiers
üñºÔ∏è Follow on Instagram üñºÔ∏è
https://www.instagram.com/chilvers_industries/
üéâ Threads üéâ
https://www.threads.net/@chilvers_industries
üì® Contact, enquiries or just say hi üì®
oldendemon@gmail.com
üíª Website üíª
https://chilversindustries.com/"
"QLMf8ewMcSI","HUGE Changes to Warhammer 40K Army Building! 'Chapter' Rules Dead, Force Organisation Chart Gone...","Auspex Tactics","2023-10-14","2023-04-01","https://i.ytimg.com/vi/QLMf8ewMcSI/hqdefault.jpg","10th edition army construction for Warhammer 40K is going to be be very simple and streatmlined - let's talk about GW's previewed changes...

Article here - https://www.warhammer-community.com/2023/03/30/how-army-building-works-in-the-new-edition-of-warhammer-40000/

-- Patreon Page --
https://www.patreon.com/auspex
-- SubscribeStar --
https://www.subscribestar.com/auspex

-- Buy Warhammer 40K miniatures here --
Element Games in the UK: http://elementgames.co.uk/?d=10426
Amazon in the USA + Canada: https://amzn.to/303klKD

-- Buy 3D Printers from Elegoo Here --
https://shareasale.com/r.cfm?b=1680329&u=3447346&m=104244&urllink=&afftrack=
Discount Code for $10 off: MRT10OFF

-- Social Media --
Facebook: https://www.facebook.com/Auspex-Tactics-103129707773165
Discord: https://discord.gg/RrvQurN

-- Subscribe to Auspex Tactics --
https://tinyurl.com/yc69mguy

0:00 Intro
2:10 Army Construction Process
5:13 Subfactions Gone
9:32 Detachments Preview
12:36 Unit Selection
19:39 Points, not Power Level
21:57 Allies
23:59 Enhancing Characters
26:44 Overall Thoughts?
27:59 Outro"
"ewIhDSQ37pk","The Funniest Balance Mistakes of 40K 9th Edition","Poorhammer","2023-10-14","2023-04-20","https://i.ytimg.com/vi/ewIhDSQ37pk/hqdefault.jpg","On this episode, Brad and Eric walk down memory lane to visit all of the ‚Äúfun‚Äù moments the 9th edition codices have brought us.  From unintentional F1 racing lists to insanely spicy squirt guns we‚Äôve seen it all this edition.  Surely 10th Edition will be without any balance issues and this episode won‚Äôt have a sequel in 2 to 3 years.

Show Links:
Website: https://poorhammer.libsyn.com/
Patreon: https://www.patreon.com/SolelySingleton

Brad‚Äôs Twitter: https://twitter.com/DrRuler
Eric‚Äôs Twitter: https://twitter.com/OnekuoSora


00:00 - Intro
01:43 - The Horseman of Conquest: Orks Vehicles
07:43 - The Horseman of War: The ‚ÄúFlamers‚Äù
13:42 - The Horseman of Famine: Votann‚Äôs Auto Wounds
18:03 - The Horseman of Death: Drukhari‚Äôs Spicy Squirt Guns
22:47 - Honorable Mentions


READ THE INFINITE AND THE DIVINE


Licensed Music Used By This Program:
‚ÄúNight Out‚Äù by LiQWYD, CC BY
 ‚ÄúThursday & Snow (Reprise)‚Äù by Blank & Kytt, CC BY
 ‚ÄúFirst Class‚Äù by Peyruis, CC BY
 ‚ÄúFunky Souls‚Äù by Amaria, CC BY


‚Äì‚Äì‚Äì‚Äì‚Äì‚Äì‚Äì‚Äì‚Äì‚Äì‚Äì‚Äì‚Äì‚Äì‚Äì‚Äì‚Äì‚Äì‚Äì‚Äì‚Äì‚Äì‚Äì‚Äì‚Äì‚Äì‚Äì‚Äì‚Äì‚Äì
Funky Souls by Amari√† https://soundcloud.com/amariamusique
Creative Commons ‚Äî Attribution 3.0 Unported  ‚Äî CC BY 3.0
Free Download / Stream: http://bit.ly/Funky-Souls
Music promoted by Audio Library https://youtu.be/jFMCyqKF-EE
‚Äì‚Äì‚Äì‚Äì‚Äì‚Äì‚Äì‚Äì‚Äì‚Äì‚Äì‚Äì‚Äì‚Äì‚Äì‚Äì‚Äì‚Äì‚Äì‚Äì‚Äì‚Äì‚Äì‚Äì‚Äì‚Äì‚Äì‚Äì‚Äì‚Äì"
"rUldbmgYNnA","The Primarchs 40k","40kBrit","2023-10-14","2023-03-19","https://i.ytimg.com/vi/rUldbmgYNnA/hqdefault.jpg","@all credit to lion el johnson."
