"Playlist URL","https://www.youtube.com/playlist?list=PLLUxIGUvOzFb4SCHn5iFDHD-JzGzxeXnv"
"Playlist title","misc"
"Playlist author","John Grey"
"Videos","45"

"Video ID","Title","Channel","Added At","Published At","Thumbnail URL","Description"
"n7WH7A2v7OU","Real Psychologist Reviews Mental Illness In Movies","BuzzFeedVideo","2023-10-14","2018-10-11","https://i.ytimg.com/vi/n7WH7A2v7OU/hqdefault.jpg","What does a real psychologist think of how mental illness is portrayed in movies? Dr. Ali Mattu, clinical psychologist at the Columbia University Medical Center, takes a look at how mental illness is depicted in pop culture and tells us how accurate they really are.

Credits: https://www.buzzfeed.com/bfmp/videos/68415

Special thanks to Dr. Ali Mattu!
https://youtube.com/thepsychshow

Check out more awesome videos at BuzzFeedVideo!
https://bit.ly/YTbuzzfeedvideo
https://bit.ly/YTbuzzfeedblue1
https://bit.ly/YTbuzzfeedviolet

GET MORE BUZZFEED:
https://www.buzzfeed.com
https://www.buzzfeed.com/videos
https://www.youtube.com/buzzfeedvideo
https://www.youtube.com/asis
https://www.youtube.com/buzzfeedblue
https://www.youtube.com/buzzfeedviolet
https://www.youtube.com/perolike
https://www.youtube.com/ladylike

BuzzFeedVideo
BuzzFeed‚Äôs flagship channel. Sometimes funny, sometimes serious, always shareable. New videos posted daily!
To see behind-the-scenes & more, follow us on Instagram @buzzfeedvideo http://bit.ly/2JRRkKU

Love BuzzFeed? Get the merch! BUY NOW: https://goo.gl/gQKF8m"
"S4vxoP-IF2M","How the Squid Lost Its Shell","PBS Eons","2023-10-14","2018-04-17","https://i.ytimg.com/vi/S4vxoP-IF2M/hqdefault.jpg","PBS Member Stations rely on viewers like you. To support your local station, go to http://to.pbs.org/DonateEons
‚Üì More info below ‚Üì

The ancestors of modern, squishy cephalopods like the octopus and the squid all had shells. In ancient times, their shell was their greatest asset but it eventually proved to be their biggest weakness.

Special thanks to Franz Anthony for the beautiful cephalopod reconstructions. You can see more of Franz's tremendous work at http://252mya.com

And thanks as always to Nobumichi Tamura for allowing us to use his wonderful paleoart: http://spinops.blogspot.com/

Produced for PBS Digital Studios.

Want to follow Eons elsewhere on the internet?
Facebook - https://www.facebook.com/eonsshow
Twitter - https://twitter.com/eonsshow
Instagram - https://www.instagram.com/eonsshow/

References:
http://www.ucmp.berkeley.edu/taxa/inverts/mollusca/mollusca.php
http://citeseerx.ist.psu.edu/viewdoc/download?doi=10.1.1.860.9021&rep=rep1&type=pdf
http://onlinelibrary.wiley.com/doi/10.1002/bies.201100001/full
http://www.deepseanews.com/2017/10/how-the-squid-lost-its-shell/
https://www.researchgate.net/publication/269526655_An_endocochleate_experiment_in_the_Silurian_straight-shelled_cephalopod_Sphooceras
https://link.springer.com/article/10.1007/s13358-015-0100-3
http://onlinelibrary.wiley.com/store/10.1111/1475-4983.00155/asset/1475-4983.00155.pdf?v=1&t=jedjjjbl&s=df93664ab7ea8768c2832ea135e7dd76626b0ea3
http://journals.plos.org/plosone/article?id=10.1371/journal.pone.0007262
http://onlinelibrary.wiley.com/doi/10.1111/j.1475-4983.2008.00828.x/epdf
https://arstechnica.com/science/2017/11/if-you-liked-the-cambrian-explosion-youll-love-the-ordovician-radiation/
Squid Empire by Danna Staaf: http://www.cephalopodiatrist.com/p/squid-empire.html"
"OZIiGZD3AQ0","Making an Aquaterrarium with two flowing waterfalls","Asu","2023-10-14","2019-04-20","https://i.ytimg.com/vi/OZIiGZD3AQ0/hqdefault.jpg","I divided the water with a T-shaped pipe and tried making two waterfalls.
I incorporated a mist maker into the high and large waterfall to reproduce splashes.

Instagram
https://www.instagram.com/asu_green11/

„ÄêAquaterrarium 60√ó30√ó36„Äë"
"d9vDcfH03gs","The Reason Our Streets Switched to Cul-De-Sacs","City Beautiful","2023-10-14","2019-08-08","https://i.ytimg.com/vi/d9vDcfH03gs/hqdefault.jpg","Get a 2 month FREE trial of Skillshare here: http://skl.sh/citybeautiful10

I'm on Patreon! Consider supporting this channel: https://www.patreon.com/citybeautiful

Resources:

A. This video is based on the book Streets and the Shaping of Towns and Cities by Southworth and Ben-Joseph. https://www.amazon.com/Streets-Shaping-Cities-Michael-Southworth/dp/1559639164/ref=nodl_
Not an affiliate link, just recommend it highly!

Produced by Dave Amos in sunny Sacramento, California.
Edited by Eric Schneider in cloudy Cleveland, Ohio."
"RwCeE9_xaR4","ND Academy, Robert's Rules of Order ... in a Nutshell?","Clyde Eisenbeis","2023-10-14","2017-09-30","https://i.ytimg.com/vi/RwCeE9_xaR4/hqdefault.jpg","HOME PAGE: https://NDAcademy.FoxPing.com/
Summary: https://RONR.FoxPing.com/
Why use Robert's Rules of Order?
...Nobody speaks twice before everyone else can speak once.
...Person who makes Second may, or may not, agree with Motion.
...Call the Question does not force a vote.
...Chair does not vote unless.
...What is Unfinished Business?
...No vote for Treasurer's Report.
...Is vote for Meeting Minutes necessary?
...What is a quorum?
...Procedure to make Motions.
...Chair cannot make Motions or participate in Debate.
...Person who made Second, ""not"" recorded in Meeting Minutes.
...Reverse decision by the Chair.
...Lay on the Table is out of order, if not an emergency.
---
Note that ""Point of Information"" has been changed to ""Request for Information"" effective RONR 11th Edition.
-----
Clyde Eisenbeis"
"78EmmdfOcI8","Judea Pearl Tribute Symposium: Causality","UCLA","2023-10-14","2010-05-17","https://i.ytimg.com/vi/78EmmdfOcI8/hqdefault.jpg","UCLA computer science professor Judea Pearl was honored March 12, 2010 at an all-day workshop celebrating his influential contributions in artificial intelligence and related sciences.

The event, held at the UCLA Faculty Center, coincided with the 25th anniversary in which Pearl introduced the term Bayesian Network -- a graphical model of probabilistic and causal relationships named after the 18th Century English mathematician Thomas Bayes.

At the event, Pearl was presented with a Festschrift entitled ""Heuristic, Probability and Causality: A Tribute to Judea Pearl"" http://bayes.cs.ucla.edu/TRIBUTE/pearl-tribute2010.htm"
"SeRqBllYBM4","ACRYLIC NAILS ~ ENCHANTED FRUITS ~ GLOW IN THE DARK | ABSOLUTE NAILS","Absolute Nails & Crafts","2023-10-14","2018-03-03","https://i.ytimg.com/vi/SeRqBllYBM4/hqdefault.jpg","So I decided to use the glow in the dark glitter mixes I made last week, I was riding by the seat of my pants with this design lol but I think they came out cute!
I would love to know what u think of these very orange nails!

Links to items used in this video are down below, if u can think of any other design u would like me to do, please let me know in the comments section =)
Thank you ever so much for watching guys,
Nicki xx

INSnails:  https://www.insnails.co.uk/ Spend ¬£20 to get 10% discount with code ~ Absolute 10 (UK ONLY)

Banggood.com: https://goo.gl/k78rsN
Luminous Halloween powder(#1,#4,#6): https://goo.gl/vCwjrf
48 Dual Sided Sticker Pads: https://goo.gl/KfmkPi

LINK TO WHERE U CAN GET THE CRYSTALS:  Kyms Facebook page is below:
https://www.facebook.com/groups/1990631757885283/

The black stripper pen u can probably get from Pound Land!

ACRYLIC PRODUCTS I USE IN MOST OF MY VIDEOS:

NAIO NAILS:
Websites:
UK https://www.naio-nails.co.uk
US https://www.naio-nails.us
France https://www.naio-nails.fr
Spain https://www.naio-nails.es
Italy https://www.naio-nails.it
Europe (English) https://www.naio-nails.eu

~~~~~~~~~~~~~~~~~~~~~~~~~~~~~~~~~~~~~~~~~~~

NAIL ART AND NAIL PRODUCTS:

FOR THE BEST GLITTER EVER! SHOP AT SMILEYS6062...
UK LINK: https://www.smileysglitterstore.co.uk/
This is the link also used for people who live in the USA, AUSTRALIA & CANADA.

LINK TO FEMME FATALE NAILS:
https://www.femmefatalenails.co.uk/

Crystalum drill bits: https://www.crystalum.co.uk/collections/ceramic-nail-drill/products/crystalum-ceramic-nail-drill-bit-flame-bullet
USA Crystalum customers - https://www.amazon.com/s?marketplaceID=ATVPDKIKX0DER&me=A1OK4FMB13305F&merchant=A1OK4FMB13305F&redirect=true

For the best glitters and nail art visit: TWINKLED T: http://www.twinkledt.com/#_a_h5 AND QUOTE ABSOLUTE10 FOR 10% OFF UR ORDER

LINK TO THE NAIL DRILL I USE: https://www.youtube.com/watch?v=KX0l3lkSNkc&t=28s&index=27&list=PL8F52544B837D1347

THE ACRYLIC BRUSH I USE:
INSnails:  https://www.insnails.co.uk/ Spend ¬£20 to get 10% discount with code ~ Absolute 10
You can also buy a REALLY GOOD brush from:
http://www.alphabrush.com/

LINK TO THE LED/UV LAMP I USE: https://www.youtube.com/watch?v=xw06YNc0BqM&index=34&list=PL8F52544B837D1347&t=9s

~~~~~~~~~~~~~~~~~~~~~~~~~~~~~~~~~~~~~~~~~~~

LINK TO MY MUMS CHANNEL: https://www.youtube.com/channel/UCo5VDYLwmnE_pbhKIuM20vA/videos

To see more of what i get upto outside of Youtube, follow me on Facebook:
https://www.facebook.com/configure1973

I also have an Instagram page, come follow me at:
http://instagram.com/absolute_nails

And link to my Facebook fanpage:
https://www.facebook.com/Nickisnailart"
"zwqPiZ4Wgys","Off Grid Heating Prototype- Copper Coil Water Heater / Heat Exchanger / Radiant Heater","The Outsider","2023-10-14","2019-08-31","https://i.ytimg.com/vi/zwqPiZ4Wgys/hqdefault.jpg","With an ammo box, mason jar, and copper coil, I constructed an off grid water heater / heat exchanger / space heater.

Important to note:
- Notice that this is an ""open"" system. Meaning that I made sure to leave a vent hole to prevent any pressure buildup.
- This system is not for drinking or cooking, as the ammo can and other components are definitely not food grade rated. I designed this as an experimental heater only.
- Once the water became hot enough, I made sure to remove the copper coil from the fire, to ensure that the temperature tolerances of the hoses and fittings would not be exceeded.
- And of course this is a prototype, meaning that it's not perfect, but something I've been working to develop further.
- The copper obviously isn't designed to be set directly in fire, but I simply wanted to see if the concept of heating with copper was possible. Now my goal is find a way to shield the copper from the flames in order to protect it from degradation.

Outsider Store: https://teespring.com/en-GB/stores/the-outsider

Here's a list of materials I used for the project:
Copper Coil- https://amzn.to/2NJsEFZ
Tall Ammo Box- https://amzn.to/2ZHn35A
Metal Braided Flexy Hose- https://amzn.to/2zC1Lf4
Rain Barrel Spigot- https://amzn.to/2LcdQy7
Copper Pipe Connector- https://amzn.to/2Le1iq9
Candy Thermometer- https://amzn.to/2MMFiEC
Digital Aquarium Thermometer- https://amzn.to/2LcmAV9

Snowmobile Camper Series:
https://www.youtube.com/watch?v=XjACmr7QAU0&list=PLVv60L_JAEHYAmwLKWA7mrVLzTyFjtySt

Other equipment I use on a regular basis:
Trail Cam: https://amzn.to/2Q6MD0B
Wristwatch- https://amzn.to/2ZTuTcM
Fiskars Axe- https://amzn.to/2EJVdhR
Pocket Knife- https://amzn.to/2Udm1MJ
Fixed Blade Knife- https://amzn.to/2HnrT2i
Drone- https://amzn.to/2IPucxH
GoPro- https://amzn.to/2XDHRee
Camcorder- https://amzn.to/2HnpLHq
Solar Power Bank: https://amzn.to/2Fgt4Og
Solar Panel (similar)- https://amzn.to/2D18amh
Propane Cook Stove- https://amzn.to/2CaGXgy
Little Power Bank- https://amzn.to/2TeUpui
Handheld flashlight: https://amzn.to/2unfweO
Headlamp: https://amzn.to/2CyEe0u
Camping Wood Stove- https://amzn.to/2UA0luc
Backup Camcorder- https://amzn.to/2Tb3sMG
Flexible Tripod- https://amzn.to/2EIlRrj
Cordless Drills- https://amzn.to/2Tb4tV0
Chainsaw (Poulan)- https://amzn.to/2IP1fls
Chainsaw (Echo)- https://amzn.to/2VykyB2"
"Il-46nTvNhs","Building Most Secret Hidden Underground House with Underground Deep Pool To Avoid An Enemy","Primitive Unique Tool","2023-10-14","2019-06-25","https://i.ytimg.com/vi/Il-46nTvNhs/hqdefault.jpg","Building Most Secret Hidden Underground House with Underground Deep Pool To Avoid An Enemy.

Hello all fan and visitor welcome to my channel #PrimitiveUniqueTool. #UndergroundDeepPool #UndergroundHouse

Thank you very much for your value time Watching , Like, Comment, Share, and Subscribe to our Channel, and I will try all My best to find more idea and produce more interesting
video for survival purpose living harmony in the deep jungle.

Thank You and hope you really enjoy watching our video.
=======================
We Will Make a New Video Everyday If Possible.

GET READY...things are about to get Primitive Unique Tool Channel

¬© PLEASE NOTICE: All of my videos are owned by Primitive Unique Tool . Please don't re-upload if you don't want to get any copyright issues.

Leave a Like if you enjoyed its. Please Subscribe if you want to see more video

Subscribe Here: https://bit.ly/2MmtNkp"
"d3zTfXvYZ9s","Time Travel in Fiction Rundown","minutephysics","2023-10-14","2017-10-26","https://i.ytimg.com/vi/d3zTfXvYZ9s/hqdefault.jpg","Thanks to YouTube RED‚Äôs new original series, LIFELINE, for sponsoring this video. Watch the first episode for free: https://www.youtube.com/watch?v=Ru4zkxNuJ_I
And thanks to my friends Sam and Niko (and all the rest) at the Corridor Digital channel for making awesome videos.

Support MinutePhysics on Patreon! http://www.patreon.com/minutephysics
Link to Patreon Supporters: http://www.minutephysics.com/supporters/

For ages I‚Äôve been thinking about doing a video analyzing time travel in fiction and doing a comparison of different fictional time travels ‚Äì some do use wormholes, some relativistic/faster than light travel with time dilation, some closed timelike curves, some have essentially ‚Äúmagic‚Äù or no consistent rules that make any sense, or TARDIS's, or whatever. This video is an explanation of how time travel functions in different popular movies, books, & shows ‚Äì not how it works ‚Äúunder the hood"", but how it causally affects the perspective of characters‚Äô timelines (who has free will? can you change things by going back to the past or forwards into the future?). In particular, I explain Ender's Game, Planet of the Apes, Harry Potter and the Prisoner of Azkaban, Primer, Bill & Ted‚Äôs Excellent Adventure, Back to the Future, Groundhog Day, Looper, the video game ‚ÄúBraid‚Äù, and Lifeline.

MinutePhysics is on twitter - @minutephysics
And facebook - http://facebook.com/minutephysics
And Google+ (does anyone use this any more?) - http://bit.ly/qzEwc6

Minute Physics provides an energetic and entertaining view of old and new problems in physics -- all in a minute!

Created by Henry Reich"
"EZURIKHf6Es","Couple Build Amazing Shipping Container Home For Debt-Free Living","Living Big In A Tiny House","2023-10-14","2019-12-13","https://i.ytimg.com/vi/EZURIKHf6Es/hqdefault.jpg","This amazing shipping container home is guaranteed to impress! Constructed from one 20ft and one 40ft shipping container, this compact container home has it all!

If you enjoy our videos, please consider supporting us on Patreon: https://www.patreon.com/livingbig

Built entirely as a DIY project, this home is filled with with some amazing features. Jaimie and Dave constructed their home to be beautiful, artistic and have everything the couple need, while fulfilling their dream of living debt and mortgage free. Living debt free was important to the couple, who wanted to break free of the rat race and be able to live a life of their choosing with more options and more freedom.

Find out more about this tiny house and others on our website: https://www.livingbiginatinyhouse.com/couple-build-amazing-shipping-container-home-for-debt-free-living/

Jaimie and Dave‚Äôs story is one of resilience, love, choosing joy and overcoming adversity. After Dave suffered a major brain bleed, the couples dreams of building their own mortgage-free shipping container home were almost shattered. Together, they pushed through the challenges and the building of their shipping container home actually become part of Dave's physical and mental recovery.

You can follow this inspiring couple and learn more about their beautiful home on their website: https://thattinylifelove.com/ and instagram: https://www.instagram.com/that_tiny_life_love/

Follow us on Instagram: https://www.instagram.com/livingbiginatinyhouse/

Follow us on Facebook:  http://www.facebook.com/livingbiginatinyhouse/

Follow us on Twitter: https://twitter.com/tinyhousenz

Please subscribe for more videos on tiny houses, architecture, DIY, design, and sustainable, off-grid living.

Title music in this video by Bryce Langston: http://www.youtube.com/brycelangston

Presented and Produced by: Bryce Langston
Camera: Bryce Langston & Rasa Pescud
Editing: Rasa Pescud

'Living Big in a Tiny House' ¬© 2019 Zyia Pictures Ltd"
"c3SUk-OqfS8","Artists Draw Pokemon As Dark Souls Bosses","Drawfee Show","2023-10-14","2019-10-08","https://i.ytimg.com/vi/c3SUk-OqfS8/hqdefault.jpg","Jacob, Julia, & Karina transform Pok√©mon into Dark Souls monsters and get distracted by ska.

SUPPORT US ON PATREON!
https://www.patreon.com/drawfee

WATCH US ON TWITCH!
https://www.twitch.tv/drawfeeshow

VISIT THE DRAWFEE STORE!
https://store.dftba.com/collections/drawfee

LIKE OUR FACEBOOK PAGE!
https://www.facebook.com/drawfee

FOLLOW US ON TWITTER!
https://twitter.com/DrawfeeShow
https://twitter.com/AtNathanYaffe
https://twitter.com/caldy
https://twitter.com/JuliaLepetit
https://twitter.com/FLoaBComic
https://twitter.com/dilfosaur
https://twitter.com/DavidClarkie

AND ON INSTAGRAM!
http://bit.ly/2lres2S

AND ON TUMBLR!
http://www.drawfee.com

THE DRAWFEE SUBREDDIT:
https://www.reddit.com/r/MorningDrawfee/

Your comments here may be used as inspiration for our future shows! By commenting here with an episode prompt, you acknowledge that we may use and reproduce your handle and suggestions on our programs."
"IEuFUVM6f28","Cats vs Robot Vacuum | Kittisaurus","Kittisaurus","2023-10-14","2019-12-21","https://i.ytimg.com/vi/IEuFUVM6f28/hqdefault.jpg","#Kittisaurus
Can my kitties be friends with a robot vacuum?

Please forward all partnership inquiries to we@luvcat.com."
"RU-qFs2hH9o","The Mechanics of the Piano - Christmas Lectures with Charles Taylor","The Royal Institution","2023-10-14","2020-01-04","https://i.ytimg.com/vi/RU-qFs2hH9o/hqdefault.jpg","What makes a piano produce a sound?
Watch the full fifth lecture of the series: https://www.rigb.org/christmas-lectures/watch/1989/exploring-music/scales-synthesizers-and-samplers?utm_source=youtube&utm_medium=social&utm_term=description

Charles Taylor gave the 1989 Christmas Lectures ""Exploring Music"" about how science and music are often treated as separate subjects but one can often say a lot about the other.

His fifth lecture, where this clip is from, delves into electronic instruments and explores whether these will one day replace the traditional ones.

Watch the full series:
https://www.rigb.org/christmas-lectures/watch/1989/exploring-music?utm_source=youtube&utm_medium=social&utm_term=description

The Ri is on Twitter: http://twitter.com/ri_science
and Facebook: http://www.facebook.com/royalinstitution
and Tumblr: http://ri-science.tumblr.com/
Our editorial policy: http://www.rigb.org/home/editorial-policy
Subscribe for the latest science videos: http://bit.ly/RiNewsletter"
"Eoe5IZHbarQ","YOASOBI / Monster („ÄåÊÄ™Áâ©„ÄçEnglish Ver.)","Ayase / YOASOBI","2023-10-14","2021-07-29","https://i.ytimg.com/vi/Eoe5IZHbarQ/hqdefault.jpg","„ÉªDownload & Streaming
https://orcd.co/yoasobi_monster
The Opening theme of Animation series ""BEASTARS"" 2nd season

Original Ver.„ÄåÊÄ™Áâ©„Äç(Kaibutsu)
https://www.youtube.com/watch?v=dy90tA3TT1c

Original Novel(English Ver.)„ÄåI Press My Own Ear to My Chest„Äç(Written by Paru Itagaki / Translated by Emily Balistrieri/Arranged by TranNet KK)
https://www.yoasobi-music.jp/novel/kaibutsu/
--
Lyrics„ÉªMusic„ÉªArrangedÔºöAyase (https://twitter.com/ayase_0404)
Vocal : ikura(https://twitter.com/ikutalilas)
TranslationÔºöKonnie Aoki(https://twitter.com/koniaoki)

MUSIC VIDEO
-Direction
Rina Mitsuzumi(Hyperbole Inc.)

-Motion Graphics
Jun Matsuda(TWO WAIDEE INC.)
Cafuu (Argument)

-2D Animation
Kaori Onishi

-Design Support
AI Rinna
---
Lyrics : Ayase
Translated by Konnie Aoki(https://twitter.com/koniaoki)

Ah, so what a scene, let's do another toast to confine
Match a city, overflowing laughing voices are
Pretended fabrications of a lie, blinded eye, deception
I'm trying not to go mad

Could a, could an aroma come and feed the brain in tune
With stimulation, reawaken inclinations
Don't know who's gonna go there today, I wonder

If I kept trying then, what can I, that cannot be done
On to the world, what can I, that cannot be done
Looking in those dark little eyes, I decide
I need to not once let your tear fall beneath

Get out to find it now, don't ever let go
The brighter future knows to reach it
Even when the world is caught and full of wrong
Keep needing ya to laugh and be free for once
No, I cannot be hurting no one
I wanted, I wanted to be stronger now
Woken to resume my need to stay the real me

So what a scene, here's to another safely passed time
Masking every new bad rumor flowing in the city
Feel the lie, feel the lie, release to turn a blind eye
Choking on their own hysteria

Marching with an innocence, they proceed
To a location echoing the sound of feet skipping and
Feeling high, feeling high, memories of a lasting flavor
The other side's insanity

Can you call the ""standard good"" a living at all
And can ""nobody feeling sadder"" be a living at all
How is a straighter path you could see a living at all
So let's imagine going ""no mistake"" as living at all

And I don't wanna live as you'd assume, be saying it's right
And artificially be living and you're saying it's right
I don't know what I'll be, and to believe this, I wonder
Want to know the truth, what I'm inside and under
Oh, spill me the tale
Oh, spill me the tale

Still, we reside inside a dry confusing big world
I make a wish alone
Believe it, I just wanna be with you forever
Give me hope to be just smiling with you again

The skipping beating in my heart
Is shaking me within, and begins to shout
""Now you got to move, go make the way‚Äù

I will rise to prove the fragile little ""myself""
Go bite into my own and reach it
Even when the world is caught, and full of wrong
Keep needing ya to laugh and be free for once
No, I cannot see nobody cry
I wanted, I wanted to be stronger now
Woken to resume my need to stay the real me

I'm gonna keep ya from danger, there are too many
I'm running, I'm running, I'm running for you
I will overcome what is residing for you
---
#YOASOBI #Monster #BEASTARS"
"0wwuwmbVVvc","God Was Real, And He Hated Us","Sam Dean","2023-10-14","2021-07-13","https://i.ytimg.com/vi/0wwuwmbVVvc/hqdefault.jpg","music used:

Warhammer vermintide 2 - OST Norsca Chaos by Jesper Kyd: https://www.youtube.com/watch?v=4bkbcNaAj-U

videos used:

Death of Hope Part 1: Anarchy Reigns: https://www.youtube.com/watch?v=x9wV2sGlXjY&t=258s

Death of Hope Trailer 1 - War on Sathus: https://www.youtube.com/watch?v=FhULhHCk_D8&t=7s

Death of Hope Trailer 2 - Pre War on Sathus: https://www.youtube.com/watch?v=7jcuYA714Jw"
"bCXxE8YBfzw","Faculty Senate Special Meeting","TAMU Faculty Senate","2023-10-14","2023-07-20","https://i.ytimg.com/vi/bCXxE8YBfzw/hqdefault.jpg",""
"2yLRoQlSMGQ","Gears of War All Trailers (Gears 1-5)","King Abz","2023-10-14","2019-06-19","https://i.ytimg.com/vi/2yLRoQlSMGQ/hqdefault.jpg","Gears of War All Trailers (Gears 1-5)

Contact us on:
Twitter: @KingAbzTV
Instagram: @KingAbzTV
Discord: https://discord.gg/QZC6nqS

In this video we decided to create a compilation of all of the announcement trailers for Gears of War. Including every Gears of War title excluding Gears of War Judgement as it didn't flow with the other trailers and isn't part of the main storyline.

Thanks for watching! More to come! Check out our other content too!

Outro Music by: TheFatRat - Xenogenesis
https://www.youtube.com/user/ThisIsTheFatRat
Tasty Records: https://www.youtube.com/user/TastyNetwork/featured
Xenogenesis: https://www.youtube.com/watch?v=3_-a9nVZYjk

THE GAMES WE PLAY:
Black Ops 4 Content:
https://www.youtube.com/watch?v=dyoUMyHJhaY&list=PL1_N9IsBFT4SgyHzxhEjig3bGtUTOo-XI

FIFA 19 Content:
https://www.youtube.com/watch?v=jjyFKiH_uyU&list=PL1_N9IsBFT4Rhmkob2MszpxcZ4QMXAxtx

Forza Horizon 4 Content:
https://www.youtube.com/watch?v=x4rKJeZM85U&list=PL1_N9IsBFT4TGH1UDoe31sbNTC-2mK0YM

Fortnite content:
https://www.youtube.com/watch?v=nQOPuHfn_Ac&list=PL1_N9IsBFT4S7fIfCl1agCV_rfAARUpP-

Gears Of War 4 Content:
https://www.youtube.com/playlist?list=PL1_N9IsBFT4QGbFlhAIhDLBNf_qE7mvcJ

FIFA 18 Content:
https://www.youtube.com/watch?v=UtbJlC2hpl4&list=PL1_N9IsBFT4TKY_Gu0-H5HiEpjRs6LKmA

Forza Motorsport 7 Content:
https://www.youtube.com/watch?v=_FVMkqamEaQ&list=PL1_N9IsBFT4Qk7YqxgTRfGABcslDjYWpw

Gta 5 Content:
https://www.youtube.com/playlist?list=PL1_N9IsBFT4SzEUKZwAZPNszTlKGoRjuW

Overwatch Content:
https://www.youtube.com/playlist?list=PL1_N9IsBFT4QxoUskhPdGOsh_paFckNpA

COD Black Ops 3 Content:
https://www.youtube.com/watch?v=GDWw9CzPZ-8&list=PL1_N9IsBFT4SeXJCQt6Pgvw1y42GC5hjI

King Abz

#gears5 #gearsofwar"
"rXIjDzlGc5I","Gears of War 2 : Rendezvous With Death - Official Trailer (HD)","KopfchaosStudios","2023-10-14","2012-03-04","https://i.ytimg.com/vi/rXIjDzlGc5I/hqdefault.jpg","Gears of War 2: Rendezvous With Death - Official Trailer
(E3 2008)

Platform: Xbox 360
Developer: Epic Games

Music by: Trans Am -- Diabolical Cracker

Gears of War Trilogy - Official Trailer:
http://www.youtube.com/playlist?list=PLB9A6F48EDA9CD3F8&feature=plcp"
"ccWrbGEFgI8","gears of war (mad world)","gears0fwar","2023-10-14","2006-11-04","https://i.ytimg.com/vi/ccWrbGEFgI8/hqdefault.jpg","look at the title"
"KrE8B7OVWH0","I recreated the Super Mario Bros. theme song in Stardew Valley using flute and drum blocks.","NetWarrior FM","2023-10-14","2021-01-31","https://i.ytimg.com/vi/KrE8B7OVWH0/hqdefault.jpg","Here we go!

Flute Blocks: 433
Drum Blocks: 193

Song: Ground Theme/ Overworld Theme
Composer: Koji Kondo

Check out my Stardew Valley Flute and Drum Block Covers Playlist:
https://www.youtube.com/watch?v=KrE8B7OVWH0&list=PLKd6drG0tdcOpXSMP2GQA-WHusem7MB1b&t=0s

#StardewValley #Mario"
"yztoaNakKok","Mycenae Alpha","Donald Craig","2023-10-14","2007-07-13","https://i.ytimg.com/vi/yztoaNakKok/hqdefault.jpg","Iannis Xenakis created the music using the UPIC which makes sound based on drawings that Xenakis made."
"dpqelE_9OgA","All Ironman suit-ups (2008-2019) in 4K","Nick Graauwmans","2023-10-14","2019-10-14","https://i.ytimg.com/vi/dpqelE_9OgA/hqdefault.jpg","If you are a fan of Marvel you can buy merch here.
http://bit.ly/NickGMarvelMerch

Made a montage of all the suit-ups from Ironman.
[4K, HQ Audio, No Watermark BS]
If at some parts of the video the colors seem a little bit washed out, it's because sony vegas pro 15 couldn't get the HDR metadata.
I will remake this video when i've got sony vegas pro 17 with HDR support.

Thumbnail image:
https://www.deviantart.com/the-dark-mamba-995/art/Tony-Stark-Tribute-Wallpaper-795990326

Check em out!
~Instagram // nickmans_01
~SoundCloud // https://soundcloud.com/nick-graauwmans"
"c6uVnR9B2vY","Sonic 2 - Chemical Plant Zone Acapella","Smooth McGroove","2023-10-14","2013-05-13","https://i.ytimg.com/vi/c6uVnR9B2vY/hqdefault.jpg","An original acapella arrangement of Chemical Plant Zone from Sonic the Hedgehog 2.

Catch me live on Twitch! ‚ñ∫ https://www.twitch.tv/smoothmcgroove

‚óèBecome my Patron: http://www.patreon.com/SmoothMcGroove
‚óèJoin my Discord server ‚ñ∫ https://discord.gg/0qszWYeoeYBNXpHX
‚óèDownload my albums on iTunes: http://bit.ly/1rTxp0a
‚óèDownload this song on Bandcamp: http://smoothmcgroove.bandcamp.com/
‚óèSmooth McGroove on Facebook: http://www.facebook.com/smoothmcgroove1
‚óèSmooth McGroove on Twitter: http://twitter.com/SmoothMcGroove

Out of all the awesome Sonic songs, I had to try this one :)"
"aBXyEpn4Q9s","things change","Red Means Recording","2023-10-14","2021-08-09","https://i.ytimg.com/vi/aBXyEpn4Q9s/hqdefault.jpg","hello, checking in and updating you on the channel red means recording. that's where you are right now. this is a video about that. thanks for being part of the journey.
------------------------------------
Patreon:  http://bit.ly/rmrpatreon

My Music:
Bandcamp: http://bit.ly/2Kq617o
Soundcloud: http://bit.ly/2NOH9Is
Spotify: https://spoti.fi/2N40SoX
Google Play: http://bit.ly/33M9aG5
iTunes: https://apple.co/2pqh3SK
Amazon Music: https://amzn.to/2O9q1fe

Merch: http://bit.ly/rmrshirts

Connect:
Twitter: http://bit.ly/rmrtwitters
Website: http://bit.ly/rmrmedia"
"uYOmtEcZ1lk","The Bit with the Ducks (James Veitch is a terrible roommate)","James Veitch","2023-10-14","2021-01-23","https://i.ytimg.com/vi/uYOmtEcZ1lk/hqdefault.jpg","Pre-order my comedy special here: https://veitch.me/a-shop/p/usd"
"QMPh83NNozs","Deconstructeam Wants You to Feel Again","thevoiceofdog","2023-10-14","2021-10-11","https://i.ytimg.com/vi/QMPh83NNozs/hqdefault.jpg","Essays on Empathy is a small collection of short games by Spanish indie dev Deconstructeam.  Here, we dive into a few.

Content warnings are in the launcher for each game but I kind of speed past a few, apologies for that.  Deconstructeam games have a tendency to be emotionally stirring or viscerally brutal or some combination of the two.  Expect intense language, body horror, and some real interesting storytelling."
"qtNytQXVnx8","64 Bits - Bioshock Infinite Demake for SNES","64 Bits","2023-10-14","2021-12-20","https://i.ytimg.com/vi/qtNytQXVnx8/hqdefault.jpg","It's Bioshock Infinite, but it's 1993 and on SNES!

This is the THIRD in a series of short demakes we're creating! Here we're taking you back in time with ""Bioshock Infinite"". Which if you look closely has elements from Clock Tower, and also a little bit of Indiana Jones on SNES! One of our favorite consoles of all time.

The video mimics these scenes from Bioshock Infinite where you meet elizabeth for the first time: https://youtu.be/UUBIRc4QEcA?t=363

More demakes are in the making! (We have around 7 planned). These videos are a bit shorter but with more regular uploads!


We honestly can't do this without you: grab a bowl of 64 Bits Patreon-e-O's over at: https://www.patreon.com/64Bits and get:
- Your name in the credits
- Behind the scenes
- Early Access
- Special Discord Flair + bonus channels
- And more!


Also check out these (demake) t-shirts from our new official store!
https://crowdmade.com/collections/64bits


64 Bits is an Animation channel run by three best friends,
Ryan, Niels and Nelis, working their hardest to make you
the best animated parodies, based on movies and videogames.


Also why not join our Discord? https://discord.gg/RPzNGzB


Shirt Commercial music by ""George Streicher"": https://www.youtube.com/watch?v=-n-zduNJ0t8
Patreon Commercial music by: https://www.youtube.com/watch?v=LQ4RA2_tnk8

Music by Menno (Astroidtbh)! Download it here: https://soundcloud.com/astroidtbh/bioshock-snes-welcome-girl-in-tower-whistle-battle-01-battle-02-girls-just-wanna-fun

Thank you for your help:
Menno: https://twitter.com/Astroidtbh
Eva: https://www.instagram.com/evajongepier/
Rens: https://twitter.com/sneroekin

‚ñ¨ ‚ñ¨ ‚ñ¨ ‚ñ¨ ‚ñ¨ ‚ñ¨ ‚ñ¨ ‚ñ¨ ‚ñ¨ ‚ñ¨ ‚ñ¨ ‚ñ¨ ‚ñ¨ ‚ñ¨ ‚ñ¨ ‚ñ¨ ‚ñ¨
64 Bits Animation:
‚ñ∫ Youtube: https://youtube.com/64bits/
‚ñ∫ Twitch: https://www.twitch.tv/64bitsanimation
‚ñ∫ Instagram - https://www.instagram.com/64bitsanimation/
‚ñ∫ Patreon - https://www.patreon.com/64bits
‚ñ∫ Twitter - https://twitter.com/64BitsAnimation
‚ñ∫ Discord: https://discord.gg/RPzNGzB
‚ñ∫ Email: 64bitsanimation@gmail.com
‚ñ¨ ‚ñ¨ ‚ñ¨ ‚ñ¨ ‚ñ¨ ‚ñ¨ ‚ñ¨ ‚ñ¨ ‚ñ¨ ‚ñ¨ ‚ñ¨ ‚ñ¨ ‚ñ¨ ‚ñ¨ ‚ñ¨ ‚ñ¨ ‚ñ¨"
"c4IIn6ZscPo","I miss Wintergatan Wednesdays, so I spent 100+ hours on this music sync in Line Rider","DoodleChaos","2023-10-14","2022-01-25","https://i.ytimg.com/vi/c4IIn6ZscPo/hqdefault.jpg","This video is a tribute to a youtube channel I'm a big fan of called  @Wintergatan . I've synchronized the physics of the riders to the music, all done by hand. It's not a sponsored video, I just want to show my support for the marble machine project.

Music Credit (Wintergatan - Sommarf√•gel): https://www.youtube.com/watch?v=SBK2AF-NdVA
Thank you for making this music free to use!

To include your name in the next video, here is my Patreon page: https://www.patreon.com/doodlechaos
Come hang on discord: https://discord.com/invite/7FCrWAzDY7
Twitter: https://twitter.com/doodlechaos
Official tiktok: https://www.tiktok.com/@doodlechaos
Email: contact@doodlechaos.com"
"aZolXqXz2Zg","All Eyes On Me - Bo Burnham || cover","Abbey Glover","2023-10-14","2021-08-03","https://i.ytimg.com/vi/aZolXqXz2Zg/hqdefault.jpg",""
"6TuJiWdUW0k","MOST EXPENSIVE OPALS - RANKED!","Pulitzer Opal","2023-10-14","2020-10-03","https://i.ytimg.com/vi/6TuJiWdUW0k/hqdefault.jpg","In this video, the top types of opal in the world are ranked and compared. Information is provided on how to identify each type. The list of opals include White Australian Opal, Crystal Australian Opal, Black Australian Opal, Andamooka Matrix Opal, Virgin Valley Opal, Brazilian Opal, Mexican Fire Opal, Boulder Opal and Semi-Crystal Opal. The history of the different types is presented and both rough and cut stones are shown, as are opal gemstone jewelry.

TABLE OF CONTENTS
00:00 - Start of Video
00:06 - Andamooka Matrix Opal
01:21 - Rocky Mountain Opal (Virgin Valley; Spencer, Idaho)
02:16 - Australian White Opal
03:20 - Ethiopian Welo Opal
04:39 - Mexican Fire Opal
05:35 - Australian Semi-Crystal Opal
06:02 - Brazilian Opal
06:37 - Australian Crystal Opal
07:21 - Australian Boulder Opal
08:07 - Lightning Ridge Black Opal
09:12 - Precious vs. Common Opal
09:40 - White vs. Crystal Opal
10:21 - Outtakes
12:26 ‚Äì Message from Pulitzer Opal"
"Sk4b4L8Da10","Rare Revealed: Five Things You Didn't Know About Viva Pi√±ata","Rare Ltd","2023-10-14","2016-02-26","https://i.ytimg.com/vi/Sk4b4L8Da10/hqdefault.jpg","The Making Of videos included in Rare Replay are so packed with anecdotal goodness that there will, inevitably, be tales we didn't have time to tell. So let's share a little more of the dev love right now with some bonus Viva Pi√±ata series insider facts!

A Lot of Name Calling: 0:26
Absent Pi√±ata Friends: 2:35
The Cool TV Premiere: 4:49
Experiencing Visions: 7:29
Getting Quite Vocal: 9:28

Get Rare Replay for more: https://store.xbox.com/Xbox-One/Bundle/Rare-Replay/bc5c9721-2752-489e-851a-aa2aa039a23c
Talk to us on Twitter: https://twitter.com/RareLtd
Find us on Facebook: https://www.facebook.com/RareLtd
Inspire us on Instagram: https://instagram.com/rareltd/"
"K0cl0KiT2Ro","This game is an absolute nightmare","Indeimaus","2023-10-14","2020-09-22","https://i.ytimg.com/vi/K0cl0KiT2Ro/hqdefault.jpg","welcome to spelunky 2

Social
‚ñ∫ https://twitter.com/indeimaus
‚ñ∫ https://www.instagram.com/indeimaus/
‚ñ∫ http://www.patreon.com/Indeimaus
‚ñ∫ http://discord.gg/cthulhuclub

#SPELUNKY2 #INDEIMAUS

outro song - https://www.youtube.com/watch?v=7I5c8mublEY

OTHER CREDITS
‚ñ∫ thumbnail art - https://twitter.com/fsnowzombie
‚ñ∫ incredible end screen art - robshields.net
‚ñ∫ sallie - https://twitter.com/sallie_ai"
"G3NKdiAWU8k","Dollhouse 1x13 Epitaph One Final scene (Maurissa Tancharoen-Remains) HQ","Olianda","2023-10-14","2013-07-24","https://i.ytimg.com/vi/G3NKdiAWU8k/hqdefault.jpg","Final scene of Dollhouse episode 1x13 Epitaph one (unaired in the USA).
The song is called ""Remains"" by Maurissa Tancharoen and Jed Whedon, and it had been written on purpose for this episode.

LYRICS:

Burn down my home
my memory's hardened in the brightest chrome
good times escape
while every mistake seems to be caught on tape

I will go rolling fast arms out in the rain
feel momentum building to lift off ground like an airplane
love ties you down to the pains
a billion eyes are watchin, fossilized they see what remains, remains

gave up this town
what waste are we left with when its boiled down
shine light on me
your image reflected is all you'll ever see

I will go rolling fast arms out in the rain
feel momentum building to lift off ground like an airplane
love ties you down to the pains
a billion eyes are watchin, fossilized they see what remains, remains


¬© 2009 FOX Broadcasting Company. All rights reserved to their respective owners. No copyright infrignment intended."
"_Fx0aJCRRpE","Mina the Hollower Announcement Trailer","Yacht Club Games","2023-10-14","2022-02-01","https://i.ytimg.com/vi/_Fx0aJCRRpE/hqdefault.jpg","NOW on Kickstarter visit http://www.MinaTheHollower.com

Mina the Hollower is a bone-chilling action-adventure game featuring classic gameplay and an 8-bit aesthetic in the style of Game Boy Color, refined for the modern era.

Quick and deliberate 60fps action combat, captivating world design, and top-down adventuring combine in a nostalgic blend. Whip foes, burrow through the ground, and explore a pixel-perfect world in Mina the Hollower, a brand new game from the developers who brought you Shovel Knight!"
"Tb75RjpvBIk","The sword in the stone - Higitus Figitus","CurlySVT","2023-10-14","2013-09-04","https://i.ytimg.com/vi/Tb75RjpvBIk/hqdefault.jpg","I do not own this movie.
All rights reserved by Disney and partners - The sword in the stone (1963)

Music by Richard M. Sherman & Robert B. Sherman
Lyrics by Richard M. Sherman & Robert B. Sherman
Sung by Karl Swenson"
"hBVhtT4BwhM","Rare Replay Concept Showcases: Viva Pinata & Viva Pinata: Trouble in Paradise","KrvaviTCRF","2023-10-14","2015-08-21","https://i.ytimg.com/vi/hBVhtT4BwhM/hqdefault.jpg",""
"kKO1s-CUZvY","ARMORED CORE VI FIRES OF RUBICON ‚Äì Reveal Trailer","BANDAI NAMCO Europe","2023-10-14","2022-12-09","https://i.ytimg.com/vi/kKO1s-CUZvY/hqdefault.jpg","From the legendary minds at From Software, the #ARMOREDCORE series blazes a new trail in ARMORED CORE VI FIRES OF RUBICON.

Learn more: https://bnent.eu/AmoredCoreVI

Find us on:
Web: https://www.bandainamcoent.eu
Instagram: https://www.instagram.com/ARMOREDCORE
Twitter: https://twitter.com/ARMOREDCORE
Facebook: https://www.facebook.com/ARMOREDCORE"
"mmcI9v3YGfg","Tenacious D - Tribute cover in Late Latin (3rd - 5th century A.D) Bardcore/Medieval style","the_miracle_aligner","2023-10-14","2022-10-19","https://i.ytimg.com/vi/mmcI9v3YGfg/hqdefault.jpg","This is not the greatest cover in the world, It's only a tribute... to the greatest song in the world XD This was a really fun one to do, stay tuned for more upcoming releases in the coming week :) Take care and see ya'll on the next one folks.

Original song by The D : https://www.youtube.com/watch?v=_lK4cX5xGiQ

Consider supporting the channel, I know what I do ain't much but its honest work ‚ù§ : https://www.patreon.com/the_miracle_aligner?fan_landing=true

Wanna follow and support me?
https://open.spotify.com/artist/4y9XM0PsNhwYu6PmzpsjB5
https://music.apple.com/bm/artist/the-miracle-aligner/1534341495
https://paypal.me/jakholethaisii?country.x=CA&locale.x=en_US
https://www.instagram.com/the_miracle_aligner/

A big thanks to Memoramissa for carrying this video with all his hard work, check out the lyrics below, you can also find more of his Latin translations here: https://lyricstranslate.com/en/translator/memoramissa

A very big shoutout to @DoctorHmm for the amazing instrumentals, It was really a pleasure working with you. Please go check out his channel for more BARDCORE bangers:
https://www.youtube.com/watch?v=i00reL5yFMg

And finally, my utmost gratitude to tidestudiolnd for the sublime mix and master of the track here, Go get your own tracks done from him, he's simply amazing :)
https://www.fiverr.com/tidestudiolnd

The images in the video were all AI generated:
https://www.midjourney.com/home/

Here's are the lyrics courtesy of Memoramissa:

hic est optimus cantus in cosm≈ç
laudƒìs
jamprƒ´dem ego et frater meus
in viƒÅ longa iter fƒìcimus
subit≈ç effulsit daemon
in viƒÅ mediƒÅ
dum dƒ´xit

cantum optimum in cosm≈ç mƒ´ dƒìtis
sunt negantƒìs jam ƒìsƒ´

ad meum fratrem
spexƒ´, ac spexit ad mƒì
et dƒ´ximus
certissimƒì

et cecinimus rem
qua imprƒ´mis mentƒìs
advenet forte nostr≈çs
cantio optima in cosm≈ç
fuit cantio optima in cosm≈ç

oc‚Äôl≈çs me≈çs aspice, facile ‚Äòst vƒ´s≈´
est sƒ´c fƒÅt≈ç, n≈çn rƒ´s≈ç,
semel inde bis, ergo
it postea bis terque

semel in centum aut mƒ´lle ann≈çrum
quum dat l≈´cem s≈çl
ac l≈´na dat pernox
tum viride crƒìscunt

nƒ´l attinet ut dƒ´cam
bestia erat stupƒ´ta
submƒ´sit ira ad modum
ejus caudae

rogƒÅvit n≈çs
‚Äòangelƒ´, n≈çnnƒì?‚Äô
negƒÅvimus
‚Äòhominƒìs modo!‚Äô

nunc cosmƒ´ optimus cantus est non
sed sƒ´c laudƒÅs dƒÅmus
memorƒÅmus optimum cantus haud
sed laudƒÅs clƒÅmƒÅmus
cosmƒ´ optimae canti≈çnis
cosmƒ´ optimus cantus fuit
cantus optimus fuit esto
optimus in ≈´nivers≈ç

papae L≈´cifer≈ç!

amƒ´cƒ´, et sola res, qua pl≈´rimƒì interest
ƒÅ n≈çbƒ´s cantƒÅtum hƒÅc noct≈´ fatƒ´ minimƒì
sonuit huic cantuƒ´ simulter

sƒ´c laudƒÅs dƒÅmus
sƒ´ placet crƒìdƒÅtis
ibi v≈çs fuisse vol≈ç
sƒ´c opƒ´nƒÅrƒ´ possum
ah, merda!
dee, quam amanda,
nostra res est, ƒÅ nemine standa
ardƒìns flammae circus
beƒÅtus hircus
bene
bene

#tenaciousd #latin #medieval #bardcore"
"MrRAO_vG_K4","AUSTRALIA'S DEADLIEST ANIMALS (SONG)","Van Vuuren Bros","2023-10-14","2018-04-26","https://i.ytimg.com/vi/MrRAO_vG_K4/hqdefault.jpg","A fun song about Australia and all the wonderful things that Australia has to offer.

FULL CREDITS BELOW:
Written and Performed by Christiaan Van Vuuren.
Animated by Connor Van Vuuren.
Recorded and Mixed by Alex Mills at Song Zu.
Backing Track is 'Payday' by Jason Farnham: https://youtu.be/-96SMUqYA1k

FULL LYRICS BELOW:

VERSE 1:
In Australia we've got deadly animals a plenty.
We've got funnel web spiders who'll murder you and your family.
Under every second rock is a red back spider.
And they‚Äôll kill ya just cause, I dunno, they're bored or whatever.

We got invisible brown snakes who'll bite you on the foot,
And you‚Äôll be dead in seven minutes, like that, kaput.
We've got the world's deadliest creatures all over the place.
We've got magpies who'll steal the eyeballs from your face -

But at least we don't have AR-15's.

VERSE 2:
We've got great white sharks who'll ascend from the deep,
And rip ya in half with their razor sharp teeth.
We've got salt water crocs who'll death-roll you to death,
and sea-snakes who'll gladly snatch your last breath.¬†

We've got a blue ringed octopus no bigger than this,
that just sits around in rock pools waiting to kill kids.
And even the platypus, a cute beaver-duck thing,
has got a spur on it‚Äôs ankle that‚Äôll kill ya in one sting.¬†

But at least we don't have AR-15's.
And at least they can't end up in the hands of psychopathic teens.

VERSE 3:
We've got stonefish and stingrays and sea-urchins and shit,
and hectic fucken homicidal box jellyfish,
and these Jellyfish they aren‚Äôt even sentient beings,
they don‚Äôt even really do stuff or know about things.¬†

They just float around on the whim of the currents,
being pointless non-cognitive murderous cunts.
And if that weren't enough in terms of natural hazards,
here in Australia the sun causes cancer.

But at least we don't have AR-15's.
And at least they can't end up in the hands of suicidal teens.
And at least we don't have an NRA, who pay millions of dollars every day, buying off politicians not to change old laws.

VERSE 4:
We got bull sharks, cone shells, salt water crocodiles.
Honey bees, european wasps, and blue ringed octopi's.
Death adders, blue bottles, red back spiders.
Tiger sharks, tiger snakes, and lizards that'll bite ya.¬†

We got Sea snakes, taipans, cassowaries, copperheads,
all the creatures of the land and sky and sea that want you dead.
Toadfish, stonefish, irukandgi jellyfish -
Bull ants, centipedes, and ticks that cause paralysis.¬†

But thank fuck we don't have AR-15's.
And thank fuck they can't end up in the hands psychopathic suicidal teens. And thank fuck we don't have an NRA, who pay millions of dollars every day, buying off politicians not to change some law.¬†

A law that was written 200 years ago,
in a time when it took three minutes to reload,
a single round of ammunition, and we knew nothing about depression,
and you couldn't fire 45 rounds in sixty seconds.

And there wasn't even such a thing as automatic weapons.
And there weren't thirty one mass-shootings monthly‚Ä¶
but what would I know cause I'm from another country."
"RIz3klPET3o","Line Rider - Mountain King","DoodleChaos","2023-10-14","2017-10-07","https://i.ytimg.com/vi/RIz3klPET3o/hqdefault.jpg","I synchronized the song ""In the Hall of the Mountain King"" by Edvard Grieg to my first line rider track drawing everything by hand. It took me over a month of my free time to create. Hope you enjoy!

Also quick warning for headphone users, the song starts off quiet and gets a lot louder.

Subscribe if you want to see more chaotic doodles.

Big thanks to Conundrumer and Rabid Squirrel for the help and inspiration. Links to their channels are below.

Conundrumer: https://www.youtube.com/channel/UCyLsWnruJsALVNYg7osc_qA

Rabid Squirrel:
https://www.youtube.com/channel/UCqWUIhjy5fqh-XhsmbIfmUA

If you would like to support me making videos for this channel here is the link to my Patreon page: https://www.patreon.com/doodlechaos

https://www.instagram.com/me.robbins/
https://twitter.com/doodlechaos
contact@doodlechaos.com"
"KlLMlJ2tDkg","Owen Wilson Says Wow (Original)","Owenergy","2023-10-14","2015-05-09","https://i.ytimg.com/vi/KlLMlJ2tDkg/hqdefault.jpg","A compilation of Owen Wilson saying WOW.
 ‚ñ∫ Follow us!
‚Ä¢ Facebook - https://www.facebook.com/OwenergyStudios/
‚Ä¢ Twitter - https://twitter.com/OwenergyBoost?lang=en
Subscribe for more videos!
- Owenergy

Movie Wow List.
Bottle Rocket 0:01
The Internship 0:07
Are You Here 0:08
Marley & Me 0:10
Hall Pass 0:12
The Big Year 0:13
The Internship 0:15
The Darjeeling Limited 0:18
Meet the Parents 0:23
The Big Bounce 0:25
Wedding Crashers 0:26
Starsky & Hatch 0:27
The Haunting 0:29
Midnight in Paris 0:34
I-Spy 0:37
Hall Pass 0:39
Hall Pass 0:40
The Internship 0:41
Zoolander 0:42
Midnight in Paris 0:44
Shanghai Noon 0:48
The Big Year 0:51
I-Spy 0:54
Drillbit Taylor 0:55
You Me & Dupree 0:57
Shanghai Knights 0:59
Little Fockers 1:02
The Haunting 1:06
You Me & Dupree 1:08
Meet the Parents 1:09
The Internship 1:12
Marley & Me 1:14
Shanghai Knights 1:16
Night at the Museum 3 1:19
Midnight in Paris 1:21
The Big Bounce 1:25
Midnight in Paris 1:28
Hall Pass 1:29
Midnight in Paris 1:29
The Haunting 1:30
You Me & Dupree 1:31
Shanghai Knights 1:36
Midnight in Paris 1:39
The Haunting 1:43
You Me & Dupree 1:46
Midnight in Paris 1:47
The Haunting 1:48
Little Fockers 1:56
I-Spy 2:00
Starsky and Hutch 2:03
Hall Pass 2:08
Midnight in Paris2:09
You Me & Dupree 2:10
The Internship 2:13
You Me & Dupree 2:15
Shanghai Knights 2:17
Hall Pass 2:20
Wedding Crashers  2:23"
"7kXgwdmOYfw","Chemical Plant Zone for 8 Cellos","Samara Ginsberg","2023-10-14","2021-02-05","https://i.ytimg.com/vi/7kXgwdmOYfw/hqdefault.jpg","Chemical Plant Zone arranged for 8 cellos by Samara Ginsberg

Follow me on Instagram https://www.instagram.com/samaracello/
Twitter https://twitter.com/samaracello

Sheet music on Sheet Music Plus https://www.sheetmusicplus.com/publishers/samara-ginsberg-sheet-music/3007416

Follow me on Instagram https://www.instagram.com/samaracello/
Twitter https://twitter.com/samaracello

Sheet music on Sheet Music Plus https://www.sheetmusicplus.com/publishers/samara-ginsberg-sheet-music/3007416"
"8N_tupPBtWQ","Muppet Show - Mahna Mahna...m HD 720p bacco... Original!","Veselin Trayanov","2023-10-14","2010-10-03","https://i.ytimg.com/vi/8N_tupPBtWQ/hqdefault.jpg","üëï       WANT TO BUY T-SHIRT?        üëï
https://teespring.com/en-GB/mahna-mahna-bacco-muppet-hd-72?tsmac=store&tsmic=bacco&pid=389&cid=102282&sid=front"
"2Xm14OufK-I","Why Are There Private/Deleted Videos in Playlists?","Keith Ballard","2023-10-14","2020-11-16","https://i.ytimg.com/vi/2Xm14OufK-I/hqdefault.jpg",""
