"Playlist URL","https://www.youtube.com/playlist?list=PLv2Qcu6n6_mI7QiJ7bl7MEq5Ds2sUwQNI"
"Playlist title","SB Plays Crusader Kings III"
"Playlist author","SB"
"Videos","32"

"Video ID","Title","Channel","Added At","Published At","Thumbnail URL","Description"
"1xzBGpFRdDQ","SB Plays Crusader Kings III 01 - A Bit Of A Learning Curve","SB","2021-02-16","2021-02-16","https://i.ytimg.com/vi/1xzBGpFRdDQ/hqdefault.jpg","Is it possible for me to run this kingdom into the ground before the end of the first episode? Let's find out!

Crusader Kings III is the heir to a long legacy of historical grand strategy experiences and arrives with a host of new ways to ensure the success of your royal house. It seems to be really a lot, and I am finally going to learn how to operate it! And, of course, I'm going to die horribly ten thousand in the process.
Get it on Steam at https://store.steampowered.com/app/1158310/Crusader_Kings_III/

You can chat with other folks on the subreddit at https://www.reddit.com/r/SBMakesStuff
If you enjoy these videos, you can now support us on Patreon at https://www.patreon.com/SBMakesStuff ! You can also do that if you don't enjoy the videos, actually. I'm not going to tell you how to spend your money."
"z2pqzF5dqnw","SB Plays Crusader Kings 3 02 - ""Diplomacy""","SB","2021-02-17","2021-02-17","https://i.ytimg.com/vi/z2pqzF5dqnw/hqdefault.jpg","When all you have is a mercenary company, every problem looks like a thing you can murder with a mercenary company.


Crusader Kings III is the heir to a long legacy of historical grand strategy experiences and arrives with a host of new ways to ensure the success of your royal house. It seems to be really a lot, and I am finally going to learn how to operate it! And, of course, I'm going to die horribly ten thousand in the process.
Get it on Steam at https://store.steampowered.com/app/1158310/Crusader_Kings_III/


You can chat with other folks on the subreddit at https://www.reddit.com/r/SBMakesStuff
If you enjoy these videos, you can now support us on Patreon at https://www.patreon.com/SBMakesStuff ! You can also do that if you don't enjoy the videos, actually. I'm not going to tell you how to spend your money."
"RWJLApe__yQ","SB Plays Crusader Kings III 03 - We're All Friends Here","SB","2021-02-18","2021-02-18","https://i.ytimg.com/vi/RWJLApe__yQ/hqdefault.jpg","Like a house on fire.


Crusader Kings III is the heir to a long legacy of historical grand strategy experiences and arrives with a host of new ways to ensure the success of your royal house. It seems to be really a lot, and I am finally going to learn how to operate it! And, of course, I'm going to die horribly ten thousand in the process.
Get it on Steam at https://store.steampowered.com/app/1158310/Crusader_Kings_III/


You can chat with other folks on the subreddit at https://www.reddit.com/r/SBMakesStuff
If you enjoy these videos, you can now support us on Patreon at https://www.patreon.com/SBMakesStuff ! You can also do that if you don't enjoy the videos, actually. I'm not going to tell you how to spend your money."
"YXSJnxQwaVQ","SB Plays Crusader Kings III 04 - Living In Fear","SB","2021-02-18","2021-02-18","https://i.ytimg.com/vi/YXSJnxQwaVQ/hqdefault.jpg","There's a lot going in here, but in some ways I'm surprised by how shallow our ability to interact with all of it is.


Crusader Kings III is the heir to a long legacy of historical grand strategy experiences and arrives with a host of new ways to ensure the success of your royal house. It seems to be really a lot, and I am finally going to learn how to operate it! And, of course, I'm going to die horribly ten thousand in the process.
Get it on Steam at https://store.steampowered.com/app/1158310/Crusader_Kings_III/


You can chat with other folks on the subreddit at https://www.reddit.com/r/SBMakesStuff
If you enjoy these videos, you can now support us on Patreon at https://www.patreon.com/SBMakesStuff ! You can also do that if you don't enjoy the videos, actually. I'm not going to tell you how to spend your money."
"9HVJZ8YjH1Y","SB Plays Crusader Kings III 05 - It Comes For Us All","SB","2021-02-19","2021-02-19","https://i.ytimg.com/vi/9HVJZ8YjH1Y/hqdefault.jpg","Indecision, I mean.


Crusader Kings III is the heir to a long legacy of historical grand strategy experiences and arrives with a host of new ways to ensure the success of your royal house. It seems to be really a lot, and I am finally going to learn how to operate it! And, of course, I'm going to die horribly ten thousand in the process.
Get it on Steam at https://store.steampowered.com/app/1158310/Crusader_Kings_III/


You can chat with other folks on the subreddit at https://www.reddit.com/r/SBMakesStuff
If you enjoy these videos, you can now support us on Patreon at https://www.patreon.com/SBMakesStuff ! You can also do that if you don't enjoy the videos, actually. I'm not going to tell you how to spend your money."
"b0P7R1JrSws","SB Plays Crusader Kings III 06 - Plot Devices","SB","2021-02-24","2021-02-24","https://i.ytimg.com/vi/b0P7R1JrSws/hqdefault.jpg","I need to just put every member of my court in one room so I can keep an eye on all of them all the time.


Crusader Kings III is the heir to a long legacy of historical grand strategy experiences and arrives with a host of new ways to ensure the success of your royal house. It seems to be really a lot, and I am finally going to learn how to operate it! And, of course, I'm going to die horribly ten thousand in the process.
Get it on Steam at https://store.steampowered.com/app/1158310/Crusader_Kings_III/


You can chat with other folks on the subreddit at https://www.reddit.com/r/SBMakesStuff
If you enjoy these videos, you can now support us on Patreon at https://www.patreon.com/SBMakesStuff ! You can also do that if you don't enjoy the videos, actually. I'm not going to tell you how to spend your money."
"7OSKNSejgMg","SB Plays Crusader Kings III 07 - Distant Shore","SB","2021-02-25","2021-02-25","https://i.ytimg.com/vi/7OSKNSejgMg/hqdefault.jpg","No single island can contain this much bloodthirst.


Crusader Kings III is the heir to a long legacy of historical grand strategy experiences and arrives with a host of new ways to ensure the success of your royal house. It seems to be really a lot, and I am finally going to learn how to operate it! And, of course, I'm going to die horribly ten thousand in the process.
Get it on Steam at https://store.steampowered.com/app/1158310/Crusader_Kings_III/


You can chat with other folks on the subreddit at https://www.reddit.com/r/SBMakesStuff
If you enjoy these videos, you can now support us on Patreon at https://www.patreon.com/SBMakesStuff ! You can also do that if you don't enjoy the videos, actually. I'm not going to tell you how to spend your money."
"oDMF8zytcQc","SB Plays Crusader Kings III 08 - The Sound of Treachery","SB","2021-02-26","2021-02-26","https://i.ytimg.com/vi/oDMF8zytcQc/hqdefault.jpg","So it turns out that OBS betrayed me as well and just didn't include the game sound in the video. I will be revoking its titles immediately.


Crusader Kings III is the heir to a long legacy of historical grand strategy experiences and arrives with a host of new ways to ensure the success of your royal house. It seems to be really a lot, and I am finally going to learn how to operate it! And, of course, I'm going to die horribly ten thousand in the process.
Get it on Steam at https://store.steampowered.com/app/1158310/Crusader_Kings_III/


You can chat with other folks on the subreddit at https://www.reddit.com/r/SBMakesStuff
If you enjoy these videos, you can now support us on Patreon at https://www.patreon.com/SBMakesStuff ! You can also do that if you don't enjoy the videos, actually. I'm not going to tell you how to spend your money."
"_YFA9rYLqi8","SB Plays Crusader Kings III 09 - How Do Plans Work?","SB","2021-02-28","2021-02-28","https://i.ytimg.com/vi/_YFA9rYLqi8/hqdefault.jpg","I'm just roleplaying a guy who doesn't know what he's doing. It's all just extremely good roleplaying.


Crusader Kings III is the heir to a long legacy of historical grand strategy experiences and arrives with a host of new ways to ensure the success of your royal house. It seems to be really a lot, and I am finally going to learn how to operate it! And, of course, I'm going to die horribly ten thousand in the process.
Get it on Steam at https://store.steampowered.com/app/1158310/Crusader_Kings_III/


You can chat with other folks on the subreddit at https://www.reddit.com/r/SBMakesStuff
If you enjoy these videos, you can now support us on Patreon at https://www.patreon.com/SBMakesStuff ! You can also do that if you don't enjoy the videos, actually. I'm not going to tell you how to spend your money."
"_sjBSl7JwUM","SB Plays Crusader Kings III 10 - And Then, French Danger","SB","2021-03-02","2021-03-02","https://i.ytimg.com/vi/_sjBSl7JwUM/hqdefault.jpg","I need to get my spymaster to start cooking up a plan to kidnap my own daughter.


Crusader Kings III is the heir to a long legacy of historical grand strategy experiences and arrives with a host of new ways to ensure the success of your royal house. It seems to be really a lot, and I am finally going to learn how to operate it! And, of course, I'm going to die horribly ten thousand in the process.
Get it on Steam at https://store.steampowered.com/app/1158310/Crusader_Kings_III/


You can chat with other folks on the subreddit at https://www.reddit.com/r/SBMakesStuff
If you enjoy these videos, you can now support us on Patreon at https://www.patreon.com/SBMakesStuff ! You can also do that if you don't enjoy the videos, actually. I'm not going to tell you how to spend your money."
"uJzoHd4Kf2c","SB Plays Crusader Kings III 11 - Turning Inward","SB","2021-03-03","2021-03-03","https://i.ytimg.com/vi/uJzoHd4Kf2c/hqdefault.jpg","As far as I'm concerned, the Pope can go crusade himself.


Crusader Kings III is the heir to a long legacy of historical grand strategy experiences and arrives with a host of new ways to ensure the success of your royal house. It seems to be really a lot, and I am finally going to learn how to operate it! And, of course, I'm going to die horribly ten thousand in the process.
Get it on Steam at https://store.steampowered.com/app/1158310/Crusader_Kings_III/


You can chat with other folks on the subreddit at https://www.reddit.com/r/SBMakesStuff
If you enjoy these videos, you can now support us on Patreon at https://www.patreon.com/SBMakesStuff ! You can also do that if you don't enjoy the videos, actually. I'm not going to tell you how to spend your money."
"HQeDfF5b1KI","SB Plays Crusader Kings III 12 - Exactly As Planned","SB","2021-03-07","2021-03-07","https://i.ytimg.com/vi/HQeDfF5b1KI/hqdefault.jpg","This is 100% what King Brian was trying to do, I'm sure of it.


Crusader Kings III is the heir to a long legacy of historical grand strategy experiences and arrives with a host of new ways to ensure the success of your royal house. It seems to be really a lot, and I am finally going to learn how to operate it! And, of course, I'm going to die horribly ten thousand in the process.
Get it on Steam at https://store.steampowered.com/app/1158310/Crusader_Kings_III/


You can chat with other folks on the subreddit at https://www.reddit.com/r/SBMakesStuff
If you enjoy these videos, you can now support us on Patreon at https://www.patreon.com/SBMakesStuff ! You can also do that if you don't enjoy the videos, actually. I'm not going to tell you how to spend your money."
"tOFMujN3Klo","SB Plays Crusader Kings III 13 - Acceptance","SB","2021-03-07","2021-03-07","https://i.ytimg.com/vi/tOFMujN3Klo/hqdefault.jpg","Something's gotta give here, and I think it's going to me, and also the thing that I'm giving is going to be murders.


Crusader Kings III is the heir to a long legacy of historical grand strategy experiences and arrives with a host of new ways to ensure the success of your royal house. It seems to be really a lot, and I am finally going to learn how to operate it! And, of course, I'm going to die horribly ten thousand in the process.
Get it on Steam at https://store.steampowered.com/app/1158310/Crusader_Kings_III/


You can chat with other folks on the subreddit at https://www.reddit.com/r/SBMakesStuff
If you enjoy these videos, you can now support us on Patreon at https://www.patreon.com/SBMakesStuff ! You can also do that if you don't enjoy the videos, actually. I'm not going to tell you how to spend your money."
"oZi5Dk5rqp8","SB Plays Crusader Kings III 14 - Sister Acts","SB","2021-03-10","2021-03-10","https://i.ytimg.com/vi/oZi5Dk5rqp8/hqdefault.jpg","Our family has somewhat more unconventional habits.


Crusader Kings III is the heir to a long legacy of historical grand strategy experiences and arrives with a host of new ways to ensure the success of your royal house. It seems to be really a lot, and I am finally going to learn how to operate it! And, of course, I'm going to die horribly ten thousand in the process.
Get it on Steam at https://store.steampowered.com/app/1158310/Crusader_Kings_III/


You can chat with other folks on the subreddit at https://www.reddit.com/r/SBMakesStuff
If you enjoy these videos, you can now support us on Patreon at https://www.patreon.com/SBMakesStuff ! You can also do that if you don't enjoy the videos, actually. I'm not going to tell you how to spend your money."
"dV_T8agkTHY","SB Plays Crusader Kings III 15 - Bonding Exercise","SB","2021-03-12","2021-03-12","https://i.ytimg.com/vi/dV_T8agkTHY/hqdefault.jpg","Derbail hasn't always been well-loved in her court, but suddenly everyone seems to find her quite bewitching.


Crusader Kings III is the heir to a long legacy of historical grand strategy experiences and arrives with a host of new ways to ensure the success of your royal house. It seems to be really a lot, and I am finally going to learn how to operate it! And, of course, I'm going to die horribly ten thousand in the process.
Get it on Steam at https://store.steampowered.com/app/1158310/Crusader_Kings_III/


You can chat with other folks on the subreddit at https://www.reddit.com/r/SBMakesStuff
If you enjoy these videos, you can now support us on Patreon at https://www.patreon.com/SBMakesStuff ! You can also do that if you don't enjoy the videos, actually. I'm not going to tell you how to spend your money."
"22TeAzct0LI","SB Plays Crusader Kings III 16 - Managing Opinion","SB","2021-03-12","2021-03-12","https://i.ytimg.com/vi/22TeAzct0LI/hqdefault.jpg","Hey, we got people to like us eventually! Some of them, anyway.


Crusader Kings III is the heir to a long legacy of historical grand strategy experiences and arrives with a host of new ways to ensure the success of your royal house. It seems to be really a lot, and I am finally going to learn how to operate it! And, of course, I'm going to die horribly ten thousand in the process.
Get it on Steam at https://store.steampowered.com/app/1158310/Crusader_Kings_III/


You can chat with other folks on the subreddit at https://www.reddit.com/r/SBMakesStuff
If you enjoy these videos, you can now support us on Patreon at https://www.patreon.com/SBMakesStuff ! You can also do that if you don't enjoy the videos, actually. I'm not going to tell you how to spend your money."
"Oqq7fks_ccs","SB Plays Crusader Kings III 17 - Let's You And Him Fight","SB","2021-03-14","2021-03-14","https://i.ytimg.com/vi/Oqq7fks_ccs/hqdefault.jpg","I kind of can't believe they keep coming to back me up.


Crusader Kings III is the heir to a long legacy of historical grand strategy experiences and arrives with a host of new ways to ensure the success of your royal house. It seems to be really a lot, and I am finally going to learn how to operate it! And, of course, I'm going to die horribly ten thousand in the process.
Get it on Steam at https://store.steampowered.com/app/1158310/Crusader_Kings_III/


You can chat with other folks on the subreddit at https://www.reddit.com/r/SBMakesStuff
If you enjoy these videos, you can now support us on Patreon at https://www.patreon.com/SBMakesStuff ! You can also do that if you don't enjoy the videos, actually. I'm not going to tell you how to spend your money."
"lGMg7g4R6qw","SB Plays Crusader Kings III 18 - Killing Time","SB","2021-03-18","2021-03-18","https://i.ytimg.com/vi/lGMg7g4R6qw/hqdefault.jpg","Derbail has this one hammer, and suddenly everyone looks like a nail.


Crusader Kings III is the heir to a long legacy of historical grand strategy experiences and arrives with a host of new ways to ensure the success of your royal house. It seems to be really a lot, and I am finally going to learn how to operate it! And, of course, I'm going to die horribly ten thousand in the process.
Get it on Steam at https://store.steampowered.com/app/1158310/Crusader_Kings_III/


You can chat with other folks on the subreddit at https://www.reddit.com/r/SBMakesStuff
If you enjoy these videos, you can now support us on Patreon at https://www.patreon.com/SBMakesStuff ! You can also do that if you don't enjoy the videos, actually. I'm not going to tell you how to spend your money."
"M-Duo_XAaNg","SB Plays Crusader Kings III 19 - Big Bets","SB","2021-03-19","2021-03-19","https://i.ytimg.com/vi/M-Duo_XAaNg/hqdefault.jpg","Nothing in this life is certain (except that Derbail will try to murder any problem that is put in front of her).


Crusader Kings III is the heir to a long legacy of historical grand strategy experiences and arrives with a host of new ways to ensure the success of your royal house. It seems to be really a lot, and I am finally going to learn how to operate it! And, of course, I'm going to die horribly ten thousand in the process.
Get it on Steam at https://store.steampowered.com/app/1158310/Crusader_Kings_III/


You can chat with other folks on the subreddit at https://www.reddit.com/r/SBMakesStuff
If you enjoy these videos, you can now support us on Patreon at https://www.patreon.com/SBMakesStuff ! You can also do that if you don't enjoy the videos, actually. I'm not going to tell you how to spend your money."
"VoEWInzAVF0","SB Plays Crusader Kings III 20 - Grand Finale","SB","2021-03-20","2021-03-20","https://i.ytimg.com/vi/VoEWInzAVF0/hqdefault.jpg","Derbail has certainly left her mark on this world. And also on many people's necks.

Crusader Kings III is the heir to a long legacy of historical grand strategy experiences and arrives with a host of new ways to ensure the success of your royal house. It seems to be really a lot, and I am finally going to learn how to operate it! And, of course, I'm going to die horribly ten thousand in the process.
Get it on Steam at https://store.steampowered.com/app/1158310/Crusader_Kings_III/

You can chat with other folks on the subreddit at https://www.reddit.com/r/SBMakesStuff
If you enjoy these videos, you can now support us on Patreon at https://www.patreon.com/SBMakesStuff ! You can also do that if you don't enjoy the videos, actually. I'm not going to tell you how to spend your money."
"NtzVwPSOIe8","SB Plays Crusader Kings III 21 - It Begins","SB","2021-03-23","2021-03-23","https://i.ytimg.com/vi/NtzVwPSOIe8/hqdefault.jpg","Does anybody else hear spinning?


Crusader Kings III is the heir to a long legacy of historical grand strategy experiences and arrives with a host of new ways to ensure the success of your royal house. It seems to be really a lot, and I am finally going to learn how to operate it! And, of course, I'm going to die horribly ten thousand in the process.
Get it on Steam at https://store.steampowered.com/app/1158310/Crusader_Kings_III/


You can chat with other folks on the subreddit at https://www.reddit.com/r/SBMakesStuff
If you enjoy these videos, you can now support us on Patreon at https://www.patreon.com/SBMakesStuff ! You can also do that if you don't enjoy the videos, actually. I'm not going to tell you how to spend your money."
"IgfktKZINjY","SB Plays Crusader Kings III 22 - A Sprawling Challenge","SB","2021-03-23","2021-03-23","https://i.ytimg.com/vi/IgfktKZINjY/hqdefault.jpg","I hope we're buying good boots for these soldiers.


Crusader Kings III is the heir to a long legacy of historical grand strategy experiences and arrives with a host of new ways to ensure the success of your royal house. It seems to be really a lot, and I am finally going to learn how to operate it! And, of course, I'm going to die horribly ten thousand in the process.
Get it on Steam at https://store.steampowered.com/app/1158310/Crusader_Kings_III/


You can chat with other folks on the subreddit at https://www.reddit.com/r/SBMakesStuff
If you enjoy these videos, you can now support us on Patreon at https://www.patreon.com/SBMakesStuff ! You can also do that if you don't enjoy the videos, actually. I'm not going to tell you how to spend your money."
"RgkEztYorWU","SB Plays Crusader Kings III 23 - Reaching Out","SB","2021-03-25","2021-03-25","https://i.ytimg.com/vi/RgkEztYorWU/hqdefault.jpg","Brilliant new plan: Keep producing children until we can ally with more than half of the soldiers on the planet. I can't see how it could possibly fail!


Crusader Kings III is the heir to a long legacy of historical grand strategy experiences and arrives with a host of new ways to ensure the success of your royal house. It seems to be really a lot, and I am finally going to learn how to operate it! And, of course, I'm going to die horribly ten thousand in the process.
Get it on Steam at https://store.steampowered.com/app/1158310/Crusader_Kings_III/


You can chat with other folks on the subreddit at https://www.reddit.com/r/SBMakesStuff
If you enjoy these videos, you can now support us on Patreon at https://www.patreon.com/SBMakesStuff ! You can also do that if you don't enjoy the videos, actually. I'm not going to tell you how to spend your money."
"8W8gGNpj8VI","SB Plays Crusader Kings III 24 - Love And War","SB","2021-03-26","2021-03-26","https://i.ytimg.com/vi/8W8gGNpj8VI/hqdefault.jpg","Time to fail at a whole new realm of interactions!


Crusader Kings III is the heir to a long legacy of historical grand strategy experiences and arrives with a host of new ways to ensure the success of your royal house. It seems to be really a lot, and I am finally going to learn how to operate it! And, of course, I'm going to die horribly ten thousand in the process.
Get it on Steam at https://store.steampowered.com/app/1158310/Crusader_Kings_III/


You can chat with other folks on the subreddit at https://www.reddit.com/r/SBMakesStuff
If you enjoy these videos, you can now support us on Patreon at https://www.patreon.com/SBMakesStuff ! You can also do that if you don't enjoy the videos, actually. I'm not going to tell you how to spend your money."
"r19VcaqfosA","SB Plays Crusader Kings III 25 - Reformer","SB","2021-03-26","2021-03-26","https://i.ytimg.com/vi/r19VcaqfosA/hqdefault.jpg","The amount of effort here doesn't really feel commensurate to the size of the changes we're actually making.


Crusader Kings III is the heir to a long legacy of historical grand strategy experiences and arrives with a host of new ways to ensure the success of your royal house. It seems to be really a lot, and I am finally going to learn how to operate it! And, of course, I'm going to die horribly ten thousand in the process.
Get it on Steam at https://store.steampowered.com/app/1158310/Crusader_Kings_III/


You can chat with other folks on the subreddit at https://www.reddit.com/r/SBMakesStuff
If you enjoy these videos, you can now support us on Patreon at https://www.patreon.com/SBMakesStuff ! You can also do that if you don't enjoy the videos, actually. I'm not going to tell you how to spend your money."
"RYJ5zdKpo1E","SB Plays Crusader Kings III 26 - Even More Impressive","SB","2021-03-29","2021-03-29","https://i.ytimg.com/vi/RYJ5zdKpo1E/hqdefault.jpg","I don't know how else to make clear to everyone that I am the greatest.


Crusader Kings III is the heir to a long legacy of historical grand strategy experiences and arrives with a host of new ways to ensure the success of your royal house. It seems to be really a lot, and I am finally going to learn how to operate it! And, of course, I'm going to die horribly ten thousand in the process.
Get it on Steam at https://store.steampowered.com/app/1158310/Crusader_Kings_III/


You can chat with other folks on the subreddit at https://www.reddit.com/r/SBMakesStuff
If you enjoy these videos, you can now support us on Patreon at https://www.patreon.com/SBMakesStuff ! You can also do that if you don't enjoy the videos, actually. I'm not going to tell you how to spend your money."
"szWCRrvuk2w","SB Plays Crusader Kings III 27 - A Forest Of Nails","SB","2021-03-31","2021-03-31","https://i.ytimg.com/vi/szWCRrvuk2w/hqdefault.jpg","And me with only this hammer.


Crusader Kings III is the heir to a long legacy of historical grand strategy experiences and arrives with a host of new ways to ensure the success of your royal house. It seems to be really a lot, and I am finally going to learn how to operate it! And, of course, I'm going to die horribly ten thousand in the process.
Get it on Steam at https://store.steampowered.com/app/1158310/Crusader_Kings_III/


You can chat with other folks on the subreddit at https://www.reddit.com/r/SBMakesStuff
If you enjoy these videos, you can now support us on Patreon at https://www.patreon.com/SBMakesStuff ! You can also do that if you don't enjoy the videos, actually. I'm not going to tell you how to spend your money."
"_jpKbr3T_Ag","SB Plays Crusader Kings III 28 - Among The Trees","SB","2021-04-01","2021-04-01","https://i.ytimg.com/vi/_jpKbr3T_Ag/hqdefault.jpg","I could really use an ax.

Crusader Kings III is the heir to a long legacy of historical grand strategy experiences and arrives with a host of new ways to ensure the success of your royal house. It seems to be really a lot, and I am finally going to learn how to operate it! And, of course, I'm going to die horribly ten thousand in the process.
Get it on Steam at https://store.steampowered.com/app/1158310/Crusader_Kings_III/

You can chat with other folks on the subreddit at https://www.reddit.com/r/SBMakesStuff
If you enjoy these videos, you can now support us on Patreon at https://www.patreon.com/SBMakesStuff ! You can also do that if you don't enjoy the videos, actually. I'm not going to tell you how to spend your money."
"vNnvE9BF96g","SB Plays Crusader Kings III 29 - What Is An Ally, Anyway?","SB","2021-04-01","2021-04-02","https://i.ytimg.com/vi/vNnvE9BF96g/hqdefault.jpg","Everybody in this game is simultaneously way too hung up on formalized relationships and completely disdainful of formalized relationships.


Crusader Kings III is the heir to a long legacy of historical grand strategy experiences and arrives with a host of new ways to ensure the success of your royal house. It seems to be really a lot, and I am finally going to learn how to operate it! And, of course, I'm going to die horribly ten thousand in the process.
Get it on Steam at https://store.steampowered.com/app/1158310/Crusader_Kings_III/


You can chat with other folks on the subreddit at https://www.reddit.com/r/SBMakesStuff
If you enjoy these videos, you can now support us on Patreon at https://www.patreon.com/SBMakesStuff ! You can also do that if you don't enjoy the videos, actually. I'm not going to tell you how to spend your money."
"4M4LNx9-9A8","SB Plays Crusader Kings 3 30 - The Survivor","SB","2021-04-02","2021-04-02","https://i.ytimg.com/vi/4M4LNx9-9A8/hqdefault.jpg","If I were a historical personage, I would simply not die.


Crusader Kings III is the heir to a long legacy of historical grand strategy experiences and arrives with a host of new ways to ensure the success of your royal house. It seems to be really a lot, and I am finally going to learn how to operate it! And, of course, I'm going to die horribly ten thousand in the process.
Get it on Steam at https://store.steampowered.com/app/1158310/Crusader_Kings_III/


You can chat with other folks on the subreddit at https://www.reddit.com/r/SBMakesStuff
If you enjoy these videos, you can now support us on Patreon at https://www.patreon.com/SBMakesStuff ! You can also do that if you don't enjoy the videos, actually. I'm not going to tell you how to spend your money."
"cVofKB9_uso","SB Plays Crusader Kings III 31 - Just A Tiny Holy War","SB","2021-04-07","2021-04-07","https://i.ytimg.com/vi/cVofKB9_uso/hqdefault.jpg","The Bloodwheel does love a war, but it's probably pretty disappointed about the lack of giant robots and explosions in this one.

Crusader Kings III is the heir to a long legacy of historical grand strategy experiences and arrives with a host of new ways to ensure the success of your royal house. It seems to be really a lot, and I am finally going to learn how to operate it! And, of course, I'm going to die horribly ten thousand in the process.
Get it on Steam at https://store.steampowered.com/app/1158310/Crusader_Kings_III/

You can chat with other folks on the subreddit at https://www.reddit.com/r/SBMakesStuff
If you enjoy these videos, you can now support us on Patreon at https://www.patreon.com/SBMakesStuff ! You can also do that if you don't enjoy the videos, actually. I'm not going to tell you how to spend your money."
"RzFgo9-hUsw","SB Plays Crusader Kings III 32 - Or Maybe Not","SB","2021-04-09","2021-04-09","https://i.ytimg.com/vi/RzFgo9-hUsw/hqdefault.jpg","Probably this isn't going to come as a huge surprise to anyone.


Crusader Kings III is the heir to a long legacy of historical grand strategy experiences and arrives with a host of new ways to ensure the success of your royal house. It seems to be really a lot, and I am finally going to learn how to operate it! And, of course, I'm going to die horribly ten thousand in the process.
Get it on Steam at https://store.steampowered.com/app/1158310/Crusader_Kings_III/


You can chat with other folks on the subreddit at https://www.reddit.com/r/SBMakesStuff
If you enjoy these videos, you can now support us on Patreon at https://www.patreon.com/SBMakesStuff ! You can also do that if you don't enjoy the videos, actually. I'm not going to tell you how to spend your money."
