"Playlist URL","https://www.youtube.com/playlist?list=PLv2Qcu6n6_mKybtXTHVMw1fwRFxKODggh"
"Playlist title","SB Returns To Dungeon of the Endless"
"Playlist author","SB"
"Videos","22"

"Video ID","Title","Channel","Added At","Published At","Thumbnail URL","Description"
"ghqQ5IVN178","SB Returns To Dungeon of the Endless 01 - Soft Landing","SB","2018-05-01","2018-05-01","https://i.ytimg.com/vi/ghqQ5IVN178/hqdefault.jpg","Maybe if we just let the monsters have the dust they'd leave us alone.

Dungeon of the Endless is a weird little sort-of-tower-defense-sort-of-roguelite from the back catalog of Amplitude Studios, creators of Endless Legend and Endless Space. It's a strange, difficult little game that I've never managed to fully grasp, but maybe I'm finally ready for it. Maybe.
Get it on Steam at https://store.steampowered.com/app/249050/Dungeon_of_the_Endless/

You can chat with other folks on the subreddit at https://www.reddit.com/r/SBMakesStuff
If you enjoy these videos, you can now support us on Patreon at https://www.patreon.com/SBMakesStuff ! You can also still do that if you don't enjoy the videos, actually. I'm not going to tell you how to spend your money."
"XEPbgTRaUz4","SB Returns To Dungeon of the Endless 02 - Good Advice","SB","2018-05-02","2018-05-02","https://i.ytimg.com/vi/XEPbgTRaUz4/hqdefault.jpg","This time I will try to follow it, rather than just reading it, saying ""Oh, good idea"", and then immediately forgetting it.
Well, maybe this time.

Dungeon of the Endless is a weird little sort-of-tower-defense-sort-of-roguelite from the back catalog of Amplitude Studios, creators of Endless Legend and Endless Space. It's a strange, difficult little game that I've never managed to fully grasp, but maybe I'm finally ready for it. Maybe.
Get it on Steam at https://store.steampowered.com/app/249050/Dungeon_of_the_Endless/

You can chat with other folks on the subreddit at https://www.reddit.com/r/SBMakesStuff
If you enjoy these videos, you can now support us on Patreon at https://www.patreon.com/SBMakesStuff ! You can also still do that if you don't enjoy the videos, actually. I'm not going to tell you how to spend your money."
"jqRCq3QdDOQ","SB Returns To Dungeon of the Endless 03 - It Gets Real","SB","2018-05-03","2018-05-03","https://i.ytimg.com/vi/jqRCq3QdDOQ/hqdefault.jpg","The kid gloves are coming off, mostly because it is gross to wear clothing made out of children.

Dungeon of the Endless is a weird little sort-of-tower-defense-sort-of-roguelite from the back catalog of Amplitude Studios, creators of Endless Legend and Endless Space. It's a strange, difficult little game that I've never managed to fully grasp, but maybe I'm finally ready for it. Maybe.
Get it on Steam at https://store.steampowered.com/app/249050/Dungeon_of_the_Endless/

You can chat with other folks on the subreddit at https://www.reddit.com/r/SBMakesStuff
If you enjoy these videos, you can now support us on Patreon at https://www.patreon.com/SBMakesStuff ! You can also still do that if you don't enjoy the videos, actually. I'm not going to tell you how to spend your money."
"1Ox6lSyoyVM","SB Returns To Dungeon of the Endless 04 - Pinnacle","SB","2018-05-04","2018-05-04","https://i.ytimg.com/vi/1Ox6lSyoyVM/hqdefault.jpg","One way or the other, we're finished.

Dungeon of the Endless is a weird little sort-of-tower-defense-sort-of-roguelite from the back catalog of Amplitude Studios, creators of Endless Legend and Endless Space. It's a strange, difficult little game that I've never managed to fully grasp, but maybe I'm finally ready for it. Maybe.
Get it on Steam at https://store.steampowered.com/app/249050/Dungeon_of_the_Endless/

You can chat with other folks on the subreddit at https://www.reddit.com/r/SBMakesStuff
If you enjoy these videos, you can now support us on Patreon at https://www.patreon.com/SBMakesStuff ! You can also still do that if you don't enjoy the videos, actually. I'm not going to tell you how to spend your money."
"L86y1jv_TZ0","SB Returns To Dungeon of the Endless 05 - Easy Mode","SB","2018-05-07","2018-05-07","https://i.ytimg.com/vi/L86y1jv_TZ0/hqdefault.jpg","Who knew an interstellar voyage on a prison vessel manned mainly by underqualified psychopaths would be dangerous?

Dungeon of the Endless is a weird little sort-of-tower-defense-sort-of-roguelite from the back catalog of Amplitude Studios, creators of Endless Legend and Endless Space. It's a strange, difficult little game that I've never managed to fully grasp, but maybe I'm finally ready for it. Maybe.
Get it on Steam at https://store.steampowered.com/app/249050/Dungeon_of_the_Endless/

You can chat with other folks on the subreddit at https://www.reddit.com/r/SBMakesStuff
If you enjoy these videos, you can now support us on Patreon at https://www.patreon.com/SBMakesStuff ! You can also still do that if you don't enjoy the videos, actually. I'm not going to tell you how to spend your money."
"JNzktC9N9qo","SB Returns To Dungeon of the Endless 06 - Attention","SB","2018-05-08","2018-05-08","https://i.ytimg.com/vi/JNzktC9N9qo/hqdefault.jpg","I just need the whole game to always run at about half speed.

Dungeon of the Endless is a weird little sort-of-tower-defense-sort-of-roguelite from the back catalog of Amplitude Studios, creators of Endless Legend and Endless Space. It's a strange, difficult little game that I've never managed to fully grasp, but maybe I'm finally ready for it. Maybe.
Get it on Steam at https://store.steampowered.com/app/249050/Dungeon_of_the_Endless/

You can chat with other folks on the subreddit at https://www.reddit.com/r/SBMakesStuff
If you enjoy these videos, you can now support us on Patreon at https://www.patreon.com/SBMakesStuff ! You can also still do that if you don't enjoy the videos, actually. I'm not going to tell you how to spend your money."
"KeKXTTWI1ac","SB Returns To Dungeon of the Endless 07 - Recovery","SB","2018-05-09","2018-05-09","https://i.ytimg.com/vi/KeKXTTWI1ac/hqdefault.jpg","There must be some other survivors down here, right?
... right?

Dungeon of the Endless is a weird little sort-of-tower-defense-sort-of-roguelite from the back catalog of Amplitude Studios, creators of Endless Legend and Endless Space. It's a strange, difficult little game that I've never managed to fully grasp, but maybe I'm finally ready for it. Maybe.
Get it on Steam at https://store.steampowered.com/app/249050/Dungeon_of_the_Endless/

You can chat with other folks on the subreddit at https://www.reddit.com/r/SBMakesStuff
If you enjoy these videos, you can now support us on Patreon at https://www.patreon.com/SBMakesStuff ! You can also still do that if you don't enjoy the videos, actually. I'm not going to tell you how to spend your money."
"DBHb-YXpmT8","SB Returns To Dungeon of the Endless 08 - Going Up?","SB","2018-05-10","2018-05-10","https://i.ytimg.com/vi/DBHb-YXpmT8/hqdefault.jpg","Our weird little team is hanging together pretty well... for now.

Dungeon of the Endless is a weird little sort-of-tower-defense-sort-of-roguelite from the back catalog of Amplitude Studios, creators of Endless Legend and Endless Space. It's a strange, difficult little game that I've never managed to fully grasp, but maybe I'm finally ready for it. Maybe.
Get it on Steam at https://store.steampowered.com/app/249050/Dungeon_of_the_Endless/

You can chat with other folks on the subreddit at https://www.reddit.com/r/SBMakesStuff
If you enjoy these videos, you can now support us on Patreon at https://www.patreon.com/SBMakesStuff ! You can also still do that if you don't enjoy the videos, actually. I'm not going to tell you how to spend your money."
"q7JljC6Muic","SB Return To Dungeon of the Endless 09 - End Of The Line","SB","2018-05-11","2018-05-11","https://i.ytimg.com/vi/q7JljC6Muic/hqdefault.jpg","The moment of truth....

Dungeon of the Endless is a weird little sort-of-tower-defense-sort-of-roguelite from the back catalog of Amplitude Studios, creators of Endless Legend and Endless Space. It's a strange, difficult little game that I've never managed to fully grasp, but maybe I'm finally ready for it. Maybe.
Get it on Steam at https://store.steampowered.com/app/249050/Dungeon_of_the_Endless/

You can chat with other folks on the subreddit at https://www.reddit.com/r/SBMakesStuff
If you enjoy these videos, you can now support us on Patreon at https://www.patreon.com/SBMakesStuff ! You can also still do that if you don't enjoy the videos, actually. I'm not going to tell you how to spend your money."
"EKWI4WR8PfE","SB Returns To Dungeon of the Endless 10 - Armory","SB","2018-05-14","2018-05-14","https://i.ytimg.com/vi/EKWI4WR8PfE/hqdefault.jpg","Yeah, I wouldn't mind a big gun or two.

Dungeon of the Endless is a weird little sort-of-tower-defense-sort-of-roguelite from the back catalog of Amplitude Studios, creators of Endless Legend and Endless Space. It's a strange, difficult little game that I've never managed to fully grasp, but maybe I'm finally ready for it. Maybe.
Get it on Steam at https://store.steampowered.com/app/249050/Dungeon_of_the_Endless/

You can chat with other folks on the subreddit at https://www.reddit.com/r/SBMakesStuff
If you enjoy these videos, you can now support us on Patreon at https://www.patreon.com/SBMakesStuff ! You can also still do that if you don't enjoy the videos, actually. I'm not going to tell you how to spend your money."
"lE5t44D23b4","SB Returns To Dungeon of the Endless 11 - Adapting","SB","2018-05-15","2018-05-15","https://i.ytimg.com/vi/lE5t44D23b4/hqdefault.jpg","We have to strategize for the situation we're in, not the situation we'd like to be in.

Dungeon of the Endless is a weird little sort-of-tower-defense-sort-of-roguelite from the back catalog of Amplitude Studios, creators of Endless Legend and Endless Space. It's a strange, difficult little game that I've never managed to fully grasp, but maybe I'm finally ready for it. Maybe.
Get it on Steam at https://store.steampowered.com/app/249050/Dungeon_of_the_Endless/

You can chat with other folks on the subreddit at https://www.reddit.com/r/SBMakesStuff
If you enjoy these videos, you can now support us on Patreon at https://www.patreon.com/SBMakesStuff ! You can also still do that if you don't enjoy the videos, actually. I'm not going to tell you how to spend your money."
"lC-U6hgEE-Q","SB Returns To Dungeon of the Endless 12 - SO MUCH DAMAGE","SB","2018-05-16","2018-05-16","https://i.ytimg.com/vi/lC-U6hgEE-Q/hqdefault.jpg","Stupid zombies and their stupid arms....

Dungeon of the Endless is a weird little sort-of-tower-defense-sort-of-roguelite from the back catalog of Amplitude Studios, creators of Endless Legend and Endless Space. It's a strange, difficult little game that I've never managed to fully grasp, but maybe I'm finally ready for it. Maybe.
Get it on Steam at https://store.steampowered.com/app/249050/Dungeon_of_the_Endless/

You can chat with other folks on the subreddit at https://www.reddit.com/r/SBMakesStuff
If you enjoy these videos, you can now support us on Patreon at https://www.patreon.com/SBMakesStuff ! You can also still do that if you don't enjoy the videos, actually. I'm not going to tell you how to spend your money."
"XSw0D4uu9qg","SB Returns To Dungeon of the Endless 13 - Overwhelming","SB","2018-05-17","2018-05-17","https://i.ytimg.com/vi/XSw0D4uu9qg/hqdefault.jpg","Monsters sure do love to bite that crystal. I wonder what it tastes like.

Dungeon of the Endless is a weird little sort-of-tower-defense-sort-of-roguelite from the back catalog of Amplitude Studios, creators of Endless Legend and Endless Space. It's a strange, difficult little game that I've never managed to fully grasp, but maybe I'm finally ready for it. Maybe.
Get it on Steam at https://store.steampowered.com/app/249050/Dungeon_of_the_Endless/

You can chat with other folks on the subreddit at https://www.reddit.com/r/SBMakesStuff
If you enjoy these videos, you can now support us on Patreon at https://www.patreon.com/SBMakesStuff ! You can also still do that if you don't enjoy the videos, actually. I'm not going to tell you how to spend your money."
"u8gKXIKcUYM","SB Returns To Dungeon of the Endless 14 - Stockpiling","SB","2018-05-18","2018-05-18","https://i.ytimg.com/vi/u8gKXIKcUYM/hqdefault.jpg","Of course, all these resources won't be worth anything to us if we're all dead....

Dungeon of the Endless is a weird little sort-of-tower-defense-sort-of-roguelite from the back catalog of Amplitude Studios, creators of Endless Legend and Endless Space. It's a strange, difficult little game that I've never managed to fully grasp, but maybe I'm finally ready for it. Maybe.
Get it on Steam at https://store.steampowered.com/app/249050/Dungeon_of_the_Endless/

You can chat with other folks on the subreddit at https://www.reddit.com/r/SBMakesStuff
If you enjoy these videos, you can now support us on Patreon at https://www.patreon.com/SBMakesStuff ! You can also still do that if you don't enjoy the videos, actually. I'm not going to tell you how to spend your money."
"LoYdEakwats","SB Returns To Dungeon of the Endless 15 - The March Of Industry","SB","2018-05-21","2018-05-21","https://i.ytimg.com/vi/LoYdEakwats/hqdefault.jpg","I do so love to make numbers go up.

Dungeon of the Endless is a weird little sort-of-tower-defense-sort-of-roguelite from the back catalog of Amplitude Studios, creators of Endless Legend and Endless Space. It's a strange, difficult little game that I've never managed to fully grasp, but maybe I'm finally ready for it. Maybe.
Get it on Steam at https://store.steampowered.com/app/249050/Dungeon_of_the_Endless/

You can chat with other folks on the subreddit at https://www.reddit.com/r/SBMakesStuff
If you enjoy these videos, you can now support us on Patreon at https://www.patreon.com/SBMakesStuff ! You can also still do that if you don't enjoy the videos, actually. I'm not going to tell you how to spend your money."
"M-IKO2vvFxM","SB Returns To Dungeon of the Endless 16 - Narrowing Space","SB","2018-05-23","2018-05-23","https://i.ytimg.com/vi/M-IKO2vvFxM/hqdefault.jpg","I'm already thinking about eating more tacos.

Dungeon of the Endless is a weird little sort-of-tower-defense-sort-of-roguelite from the back catalog of Amplitude Studios, creators of Endless Legend and Endless Space. It's a strange, difficult little game that I've never managed to fully grasp, but maybe I'm finally ready for it. Maybe.
Get it on Steam at https://store.steampowered.com/app/249050/Dungeon_of_the_Endless/

You can chat with other folks on the subreddit at https://www.reddit.com/r/SBMakesStuff
If you enjoy these videos, you can now support us on Patreon at https://www.patreon.com/SBMakesStuff ! You can also still do that if you don't enjoy the videos, actually. I'm not going to tell you how to spend your money."
"rcBOMv8RHys","SB Returns To Dungeon of the Endless 17 - Organic","SB","2018-05-24","2018-05-24","https://i.ytimg.com/vi/rcBOMv8RHys/hqdefault.jpg","Of course, with increased decision making speed comes an increased chance of making really dumb mistakes....

Dungeon of the Endless is a weird little sort-of-tower-defense-sort-of-roguelite from the back catalog of Amplitude Studios, creators of Endless Legend and Endless Space. It's a strange, difficult little game that I've never managed to fully grasp, but maybe I'm finally ready for it. Maybe.
Get it on Steam at https://store.steampowered.com/app/249050/Dungeon_of_the_Endless/

You can chat with other folks on the subreddit at https://www.reddit.com/r/SBMakesStuff
If you enjoy these videos, you can now support us on Patreon at https://www.patreon.com/SBMakesStuff ! You can also still do that if you don't enjoy the videos, actually. I'm not going to tell you how to spend your money."
"LTbkXH33i5c","SB Returns To Dungeon of the Endless 18 - Prophetic","SB","2018-05-25","2018-05-25","https://i.ytimg.com/vi/LTbkXH33i5c/hqdefault.jpg","For real though, I cannot figure out why this giant squid thing would be on the ship and it's driving me crazy. Was it a prisoner? Did it commit unforgivable squidcrimes?

Dungeon of the Endless is a weird little sort-of-tower-defense-sort-of-roguelite from the back catalog of Amplitude Studios, creators of Endless Legend and Endless Space. It's a strange, difficult little game that I've never managed to fully grasp, but maybe I'm finally ready for it. Maybe.
Get it on Steam at https://store.steampowered.com/app/249050/Dungeon_of_the_Endless/

You can chat with other folks on the subreddit at https://www.reddit.com/r/SBMakesStuff
If you enjoy these videos, you can now support us on Patreon at https://www.patreon.com/SBMakesStuff ! You can also still do that if you don't enjoy the videos, actually. I'm not going to tell you how to spend your money."
"7X4sVw_42L0","SB Returns To Dungeon of the Endless 19 - Me And My Turrets","SB","2018-05-26","2018-05-26","https://i.ytimg.com/vi/7X4sVw_42L0/hqdefault.jpg","My resource efficiency is all over the place here.

Dungeon of the Endless is a weird little sort-of-tower-defense-sort-of-roguelite from the back catalog of Amplitude Studios, creators of Endless Legend and Endless Space. It's a strange, difficult little game that I've never managed to fully grasp, but maybe I'm finally ready for it. Maybe.
Get it on Steam at https://store.steampowered.com/app/249050/Dungeon_of_the_Endless/

You can chat with other folks on the subreddit at https://www.reddit.com/r/SBMakesStuff
If you enjoy these videos, you can now support us on Patreon at https://www.patreon.com/SBMakesStuff ! You can also still do that if you don't enjoy the videos, actually. I'm not going to tell you how to spend your money."
"6CVXsLJDpSs","SB Returns To Dungeon of the Endless 20 - Mad Dash","SB","2018-05-29","2018-05-29","https://i.ytimg.com/vi/6CVXsLJDpSs/hqdefault.jpg","It feels so unnatural not to focus on endlessly increasing resource generation....

Dungeon of the Endless is a weird little sort-of-tower-defense-sort-of-roguelite from the back catalog of Amplitude Studios, creators of Endless Legend and Endless Space. It's a strange, difficult little game that I've never managed to fully grasp, but maybe I'm finally ready for it. Maybe.
Get it on Steam at https://store.steampowered.com/app/249050/Dungeon_of_the_Endless/

You can chat with other folks on the subreddit at https://www.reddit.com/r/SBMakesStuff
If you enjoy these videos, you can now support us on Patreon at https://www.patreon.com/SBMakesStuff ! You can also still do that if you don't enjoy the videos, actually. I'm not going to tell you how to spend your money."
"5HDIBdeRiW8","SB Returns To Dungeon of the Endless 21 - Sanitary","SB","2018-05-30","2018-05-31","https://i.ytimg.com/vi/5HDIBdeRiW8/hqdefault.jpg","Here we are, at the beginning of the end. You know, I've been feeling that way a lot lately....

Dungeon of the Endless is a weird little sort-of-tower-defense-sort-of-roguelite from the back catalog of Amplitude Studios, creators of Endless Legend and Endless Space. It's a strange, difficult little game that I've never managed to fully grasp, but maybe I'm finally ready for it. Maybe.
Get it on Steam at https://store.steampowered.com/app/249050/Dungeon_of_the_Endless/

You can chat with other folks on the subreddit at https://www.reddit.com/r/SBMakesStuff
If you enjoy these videos, you can now support us on Patreon at https://www.patreon.com/SBMakesStuff ! You can also still do that if you don't enjoy the videos, actually. I'm not going to tell you how to spend your money."
"hJylmpNvSnc","SB Returns To Dungeon of the Endless 22 - Cleanup","SB","2018-05-31","2018-05-31","https://i.ytimg.com/vi/hJylmpNvSnc/hqdefault.jpg","There's just fluids everywhere!

Dungeon of the Endless is a weird little sort-of-tower-defense-sort-of-roguelite from the back catalog of Amplitude Studios, creators of Endless Legend and Endless Space. It's a strange, difficult little game that I've never managed to fully grasp, but maybe I'm finally ready for it. Maybe.
Get it on Steam at https://store.steampowered.com/app/249050/Dungeon_of_the_Endless/

You can chat with other folks on the subreddit at https://www.reddit.com/r/SBMakesStuff
If you enjoy these videos, you can now support us on Patreon at https://www.patreon.com/SBMakesStuff ! You can also still do that if you don't enjoy the videos, actually. I'm not going to tell you how to spend your money."
