"Playlist URL","https://www.youtube.com/playlist?list=PLv2Qcu6n6_mIdG_FY84UMar10gn9yhPMn"
"Playlist title","SB Returns To Heat Signature"
"Playlist author","SB"
"Videos","11"

"Video ID","Title","Channel","Added At","Published At","Thumbnail URL","Description"
"h4iQtULbAgM","SB Returns To Heat Signature 01 - The Space Birthday Update","SB","2018-10-05","2018-10-05","https://i.ytimg.com/vi/h4iQtULbAgM/hqdefault.jpg","I do enjoy throwing a wrench into people's plans.

Heat Signature's Space Birthday update adds new enemies, hazards, and AI routines to last year's best game about robbing procedurally generated spaceships and beating people up with wrenches. Save the galaxy one concussion at a time!
Get it on Steam at http://store.steampowered.com/app/268130/Heat_Signature/

You can chat with other folks on the subreddit at https://www.reddit.com/r/SBMakesStuff
If you enjoy these videos, you can now support us on Patreon at https://www.patreon.com/SBMakesStuff ! You can also still do that if you don't enjoy the videos, actually. I'm not going to tell you how to spend your money."
"bkjnBK3bugg","SB Plays Heat Signature 02 - Simple","SB","2018-10-08","2018-10-08","https://i.ytimg.com/vi/bkjnBK3bugg/hqdefault.jpg","Let's just rifle through their personnel file, shall we?

Heat Signature's Space Birthday update adds new enemies, hazards, and AI routines to last year's best game about robbing procedurally generated spaceships and beating people up with wrenches. Save the galaxy one concussion at a time!
Get it on Steam at http://store.steampowered.com/app/268130/Heat_Signature/

You can chat with other folks on the subreddit at https://www.reddit.com/r/SBMakesStuff
If you enjoy these videos, you can now support us on Patreon at https://www.patreon.com/SBMakesStuff ! You can also still do that if you don't enjoy the videos, actually. I'm not going to tell you how to spend your money."
"nrbVsOCyLeU","SB Plays Heat Signature 03 - No Harm","SB","2018-10-09","2018-10-09","https://i.ytimg.com/vi/nrbVsOCyLeU/hqdefault.jpg","Well, maybe a little harm. Nothing you won't mostly recover from.

Heat Signature's Space Birthday update adds new enemies, hazards, and AI routines to last year's best game about robbing procedurally generated spaceships and beating people up with wrenches. Save the galaxy one concussion at a time!
Get it on Steam at http://store.steampowered.com/app/268130/Heat_Signature/

You can chat with other folks on the subreddit at https://www.reddit.com/r/SBMakesStuff
If you enjoy these videos, you can now support us on Patreon at https://www.patreon.com/SBMakesStuff ! You can also still do that if you don't enjoy the videos, actually. I'm not going to tell you how to spend your money."
"1y_Nk6A2I24","SB Returns To Heat Signature 04 - Impulse","SB","2018-10-10","2018-10-10","https://i.ytimg.com/vi/1y_Nk6A2I24/hqdefault.jpg","Control is overrated!

Heat Signature's Space Birthday update adds new enemies, hazards, and AI routines to last year's best game about robbing procedurally generated spaceships and beating people up with wrenches. Save the galaxy one concussion at a time!
Get it on Steam at http://store.steampowered.com/app/268130/Heat_Signature/

You can chat with other folks on the subreddit at https://www.reddit.com/r/SBMakesStuff
If you enjoy these videos, you can now support us on Patreon at https://www.patreon.com/SBMakesStuff ! You can also still do that if you don't enjoy the videos, actually. I'm not going to tell you how to spend your money."
"MQ_LXRJbVYY","SB Returns To Heat Signature 05 - The Rescuers","SB","2018-10-11","2018-10-11","https://i.ytimg.com/vi/MQ_LXRJbVYY/hqdefault.jpg","I'm an altruist... if the money's good enough.

Heat Signature's Space Birthday update adds new enemies, hazards, and AI routines to last year's best game about robbing procedurally generated spaceships and beating people up with wrenches. Save the galaxy one concussion at a time!
Get it on Steam at http://store.steampowered.com/app/268130/Heat_Signature/

You can chat with other folks on the subreddit at https://www.reddit.com/r/SBMakesStuff
If you enjoy these videos, you can now support us on Patreon at https://www.patreon.com/SBMakesStuff ! You can also still do that if you don't enjoy the videos, actually. I'm not going to tell you how to spend your money."
"9lO36ieVbMU","SB Returns to Heat Signature 06 - Blood In Space","SB","2018-10-12","2018-10-12","https://i.ytimg.com/vi/9lO36ieVbMU/hqdefault.jpg","When you really think about it, we're all just bags of blood in space. Weird, greasy, anxiety-filled bags.

Heat Signature's Space Birthday update adds new enemies, hazards, and AI routines to last year's best game about robbing procedurally generated spaceships and beating people up with wrenches. Save the galaxy one concussion at a time!
Get it on Steam at http://store.steampowered.com/app/268130/Heat_Signature/

You can chat with other folks on the subreddit at https://www.reddit.com/r/SBMakesStuff
If you enjoy these videos, you can now support us on Patreon at https://www.patreon.com/SBMakesStuff ! You can also still do that if you don't enjoy the videos, actually. I'm not going to tell you how to spend your money."
"dflIkYEG_Wc","SB Plays Heat Signature 07 - Slow And Insidious","SB","2018-10-15","2018-10-16","https://i.ytimg.com/vi/dflIkYEG_Wc/hqdefault.jpg","Time to kill everyone in the galaxy!

Heat Signature's Space Birthday update adds new enemies, hazards, and AI routines to last year's best game about robbing procedurally generated spaceships and beating people up with wrenches. Save the galaxy one concussion at a time!
Get it on Steam at http://store.steampowered.com/app/268130/Heat_Signature/

You can chat with other folks on the subreddit at https://www.reddit.com/r/SBMakesStuff
If you enjoy these videos, you can now support us on Patreon at https://www.patreon.com/SBMakesStuff ! You can also still do that if you don't enjoy the videos, actually. I'm not going to tell you how to spend your money."
"cdgn5WnudTk","SB Returns To Heat Signature 08 - Pure Skill","SB","2018-10-16","2018-10-16","https://i.ytimg.com/vi/cdgn5WnudTk/hqdefault.jpg","As soon as I finished recording I realized that the thing I thought happened at the end can't have been what happened. It turns out that in this game, as in real life, my mouth is faster than my brain.

Heat Signature's Space Birthday update adds new enemies, hazards, and AI routines to last year's best game about robbing procedurally generated spaceships and beating people up with wrenches. Save the galaxy one concussion at a time!
Get it on Steam at http://store.steampowered.com/app/268130/Heat_Signature/

You can chat with other folks on the subreddit at https://www.reddit.com/r/SBMakesStuff
If you enjoy these videos, you can now support us on Patreon at https://www.patreon.com/SBMakesStuff ! You can also still do that if you don't enjoy the videos, actually. I'm not going to tell you how to spend your money."
"S7_JbXH_WTI","SB Returns To Heat Signature 09 - Doing The Math","SB","2018-10-17","2018-10-17","https://i.ytimg.com/vi/S7_JbXH_WTI/hqdefault.jpg","It's all just numbers in space.

Heat Signature's Space Birthday update adds new enemies, hazards, and AI routines to last year's best game about robbing procedurally generated spaceships and beating people up with wrenches. Save the galaxy one concussion at a time!
Get it on Steam at http://store.steampowered.com/app/268130/Heat_Signature/

You can chat with other folks on the subreddit at https://www.reddit.com/r/SBMakesStuff
If you enjoy these videos, you can now support us on Patreon at https://www.patreon.com/SBMakesStuff ! You can also still do that if you don't enjoy the videos, actually. I'm not going to tell you how to spend your money."
"zaAVqG5QhTE","SB Returns To Heat Signature 10 - Glorious","SB","2018-10-18","2018-10-18","https://i.ytimg.com/vi/zaAVqG5QhTE/hqdefault.jpg","It turns out that crashblades and armor-piercing blades are not the same thing.

Heat Signature's Space Birthday update adds new enemies, hazards, and AI routines to last year's best game about robbing procedurally generated spaceships and beating people up with wrenches. Save the galaxy one concussion at a time!
Get it on Steam at http://store.steampowered.com/app/268130/Heat_Signature/

You can chat with other folks on the subreddit at https://www.reddit.com/r/SBMakesStuff
If you enjoy these videos, you can now support us on Patreon at https://www.patreon.com/SBMakesStuff ! You can also still do that if you don't enjoy the videos, actually. I'm not going to tell you how to spend your money."
"7LZjOYrY1h8","SB Returns To Heat Signature 11 - Fiasco","SB","2018-10-19","2018-10-19","https://i.ytimg.com/vi/7LZjOYrY1h8/hqdefault.jpg","This galaxy's never going to know what hit it.

Heat Signature's Space Birthday update adds new enemies, hazards, and AI routines to last year's best game about robbing procedurally generated spaceships and beating people up with wrenches. Save the galaxy one concussion at a time!
Get it on Steam at http://store.steampowered.com/app/268130/Heat_Signature/

You can chat with other folks on the subreddit at https://www.reddit.com/r/SBMakesStuff
If you enjoy these videos, you can now support us on Patreon at https://www.patreon.com/SBMakesStuff ! You can also still do that if you don't enjoy the videos, actually. I'm not going to tell you how to spend your money."
