"Playlist URL","https://www.youtube.com/playlist?list=PLoiGRjr9BAVjXkIZNdJspBHkabRkMytxs"
"Playlist title","SPEEDRUN EXPLAINED"
"Playlist author","tomatoanus"
"Videos","55"

"Video ID","Title","Channel","Added At","Published At","Thumbnail URL","Description"
"hToXhkxR5Kg","How speedrunners beat Half-Life in 26 minutes (SPEEDRUN EXPLAINED - Scriptless)","tomatoanus","2023-11-22","2023-11-22","https://i.ytimg.com/vi/hToXhkxR5Kg/hqdefault.jpg","Get an even higher BLACK FRIDAY deal using my link https://www.displate.com/tomatoanus or my discount code tomatoanus. 1-2‚û°Ô∏è35% OFF; 3-4‚û°Ô∏è39% OFF; 5+‚û°Ô∏è44% OFF available until November 30th, 2023 (excl. Limited Editions and Lumino). Discount applies automatically at checkout.

KaNanga‚Äôs Scriptless Personal Best: https://youtu.be/45kdbHLK0w4
Gameplay only version of this run: https://youtu.be/UDWGH_Tk-0E

KaNanga‚Äôs YouTube channel: @KaNangaTV
KaNanga‚Äôs Twitch channel: https://www.twitch.tv/KaNangaTV

Patreon: https://www.patreon.com/tomatoanus
Twitch: https://www.twitch.tv/tomatoanus
Twitter: https://twitter.com/tomatoanus
Instagram: https://www.instagram.com/tomato.anus
Threads: https://www.threads.net/tomato.anus
Reddit: https://www.reddit.com/r/tomatoanus
Merch: https://tomatoanus.creator-spring.com
Shirts: https://teespring.com/stores/tomatoanus
Discord: https://discord.gg/tomatoanus

SPEEDRUN EXPLAINED Playlist: http://bit.ly/2XMuJmL
SPEEDRUN EXPLAINED Thumbnails Folder: https://bit.ly/3wDRX0A

SourceRuns website: https://sourceruns.org
SourceRuns YouTube channel: @SourceRuns

In this installment of SPEEDRUN EXPLAINED, we go over how a top speedrunner for Half-Life (and former world record holder), KaNanga, beats the game in 26 minutes. This run is brutally fast paced, utilizing the litany of options you have with Goldsource Engine (the Source Engine's predecessor) movement, such as bunnyhopping, air strafing, jumpbugs, edgebugs, and much more. In addition to that, this run contains some sizable skips: some as simple as climbing and jumping a barrier, and some as wild as clipping through solid walls.

#HalfLife #Speedrun #MorganFreeman"
"TDQENHje3ag","How speedrunners beat Tony Hawk‚Äôs Underground in 32 minutes (SPEEDRUN EXPLAINED - Any%)","tomatoanus","2023-10-10","2023-10-10","https://i.ytimg.com/vi/TDQENHje3ag/hqdefault.jpg","Thanks to Manscaped for sponsoring today‚Äôs video! Get 20% Off + Free Shipping with promo code ‚ÄúTOMATO20‚Äù at http://manscaped.com/tomato20

shnazz‚Äôs Tony Hawk‚Äôs Underground Any% (Beginner) World Record: https://youtu.be/fFlZTlSK4Bg
Gameplay only version of this run: https://youtu.be/91TmvZCKULM

shnazz‚Äôs YouTube channel: @thps2
shnazz‚Äôs Twitch channel: https://www.twitch.tv/anthonyfrankhawk

Patreon: https://www.patreon.com/tomatoanus
Twitch: https://www.twitch.tv/tomatoanus
Twitter: https://twitter.com/tomatoanus
Reddit: https://www.reddit.com/r/tomatoanus
Merch: https://www.woof.store/
Shirts: https://teespring.com/stores/tomatoanus
Discord: https://discord.gg/tomatoanus

SPEEDRUN EXPLAINED Playlist: http://bit.ly/2XMuJmL
SPEEDRUN EXPLAINED Thumbnails Folder: https://bit.ly/3wDRX0A

In this SPEEDRUN EXPLAINED, we go over how world record holder (shnazz) and other speedrunners beat Tony Hawk‚Äôs Underground in just 32 minutes. This run happens at an absolutely blistering pace, with constant tricks such as CATBAGs, buttslaps, skips, and more. Will shnazz successfully McTwist over a helicopter? Watch and find out.

#TonyHawk #THUG #Speedrun"
"c4Gv-De1drg","How speedrunners beat Alien: Isolation in 22 minutes (SPEEDRUN EXPLAINED - Any%)","tomatoanus","2023-08-28","2023-08-28","https://i.ytimg.com/vi/c4Gv-De1drg/hqdefault.jpg","Play World of Warships here: https://wo.ws/44MpdTW
Thank you World of Warships for sponsoring this video. During registration, use the code AZUR555 to receive a huge starter pack including 500 Doubloons, 2,500,000 Credits, 5 days Premium Account time, 1 Premium Container, and both Azur Lane commanders Cheshire and Azuma! The promo code is only for new players who register for the first time on the Wargaming portal.

xEB‚Äôs Alien: Isolation Any% World Record: https://youtu.be/M0cVspF4fBE
Gameplay only version of this run: https://youtu.be/H0U5EX4yIDs
Shirako‚Äôs Alien: Isolation All Missions (Nightmare, No CC) World Record: https://youtu.be/NYl61ZV_Too

xEB‚Äôs YouTube channel: @Explosive_Bullets
xEB‚Äôs Twitch channel: https://www.twitch.tv/x_eb

Infomastr‚Äôs YouTube channel: @Infomastr
Infomastr‚Äôs Twitch channel: https://www.twitch.tv/Infomastr

Miscellaneous footage used from:
Spazdmo: https://www.twitch.tv/SpAzDmO
Caraxx: https://www.twitch.tv/caraxx/

Patreon: https://www.patreon.com/tomatoanus
Twitch: https://www.twitch.tv/tomatoanus
Twitter: https://twitter.com/tomatoanus
Instagram: https://www.instagram.com/tomato.anus
Threads: https://www.threads.net/tomato.anus
Reddit: https://www.reddit.com/r/tomatoanus
Merch: https://www.woof.store/
Shirts: https://teespring.com/stores/tomatoanus
Discord: https://discord.gg/tomatoanus

SPEEDRUN EXPLAINED Playlist: http://bit.ly/2XMuJmL
SPEEDRUN EXPLAINED Thumbnails Folder: https://bit.ly/3wDRX0A

In this installment of SPEEDRUN EXPLAINED, we go over how Alien: Isolation speedrun world record holder, xEB, beats the game in 22 minutes. This run utilizes some major sequence breaks, using one of the games only mechanics, crouching, to clip through walls (crouch clipping). In addition to that, most of the missions are skipped, and some other useful tech is used, such as silent running, letting you get past aliens without detection.

#Alien #AlienIsolation #Speedrun"
"cN9iV9drNcU","How a world record speedrunner beats Super Mario Odyssey in under an hour (SPEEDRUN EXPLAINED Any%)","tomatoanus","2023-07-14","2023-07-14","https://i.ytimg.com/vi/cN9iV9drNcU/hqdefault.jpg","Download the best fantasy RPG game Watcher of Realms for free: https://click.fan/TomatoAnus_WoR
Join the ultimate battle event and team up with TGT or Jschlatt, to get a chance to win amazing prizes like iPhones, Nintendo Switch, and more. Visit https://event.watcherofrealms.com/en/m/index.html?utm_source=TomatoAnus for details

Tyron's Super Mario Odyssey Any% World Record: https://youtu.be/AXjf8qLnze0
Gameplay only version of this run: https://youtu.be/WxRTAhZ2GUk

Tyron's YouTube channel: @Tyron18
Tyron's Twitch channel: https://www.twitch.tv/Tyron18
Tyron's Twitter: https://twitter.com/Tyron18_

Patreon: https://www.patreon.com/tomatoanus
Twitch: https://www.twitch.tv/tomatoanus
Twitter: https://twitter.com/tomatoanus
Instagram: https://www.instagram.com/tomato.anus/
Threads: https://www.threads.net/tomato.anus
Reddit: https://www.reddit.com/r/tomatoanus
Merch: https://www.woof.store/
Shirts: https://teespring.com/stores/tomatoanus
Discord: https://discord.gg/tomatoanus

SPEEDRUN EXPLAINED Playlist: http://bit.ly/2XMuJmL
SPEEDRUN EXPLAINED Thumbnails Folder: https://bit.ly/3wDRX0A

In this SPEEDRUN EXPLAINED, I teach class how the world record holder for Super Mario Odyssey Any%, Tyron18, blazes through the game in under an hour (under 57 minutes to be exact!). This speedrun contains insanely tight movement, including things like clapfires, roll cancels, spinpounds, triple throws, rainbow spins, cap stalls, power vaults, and more! The run ALSO contains clips to go out-of-bounds, skips for 2D sections, and other crazy exploits and shenanigans.

#SuperMarioOdyssey #Speedrun #Nintendo"
"dDK7R-IlQ0Q","How speedrunners beat every boss in Control in under 55 minutes (SPEEDRUN EXPLAINED - All Bosses)","tomatoanus","2023-06-02","2023-06-02","https://i.ytimg.com/vi/dDK7R-IlQ0Q/hqdefault.jpg","Go to https://athleticgreens.com/tomatoanus to get a 1 year supply of Vitamin D and 5 travel packs FREE with your first purchase! Thanks to Athletic Greens for sponsoring this video!

Ash‚Äôs Control All Bosses Speedrun World Record: https://youtu.be/KHh_SzwqOWw
Gameplay only version of this run: https://youtu.be/Ko8j8pFYsqQ
DemonicRobot‚Äôs Control Inbounds All Bosses Speedrun World Record: https://www.twitch.tv/videos/1526700858

Ash‚Äôs YouTube channel: @MicahJohn21659
Ash‚Äôs Twitch channel: https://www.twitch.tv/Ashley93oBTW

OTHER CONTROL SPEEDRUNNERS SHOUTOUTS
Artan Kaare‚Äôs YouTube channel: @artan_kaare3504
Artan Kaare‚Äôs Twitch channel: https://www.twitch.tv/artan_kaare

Clay‚Äôs YouTube channel: @clay3661

DemonicRobots‚Äôs YouTube channel: @DemonicRobots
DemonicRobots‚Äôs Twitch channel: https://www.twitch.tv/demonicrobots

nicowithaC‚Äôs YouTube channel: @nicowithacSR
nicowithaC‚Äôs Twitch channel: https://www.twitch.tv/nicowithac

Tonsu‚Äôs YouTube channel: @tonsu7727
Tonsu‚Äôs Twitch channel: https://www.twitch.tv/Tonsu

Patreon: https://www.patreon.com/tomatoanus
Twitch: https://www.twitch.tv/tomatoanus
Twitter: https://twitter.com/tomatoanus
Reddit: https://www.reddit.com/r/tomatoanus
Merch: https://www.woof.store/
Shirts: https://teespring.com/stores/tomatoanus
Discord: https://discord.gg/tomatoanus

SPEEDRUN EXPLAINED Playlist: http://bit.ly/2XMuJmL
SPEEDRUN EXPLAINED Thumbnails Folder: https://bit.ly/3wDRX0A

In this SPEEDRUN EXPLAINED, we go over a speedrun to beat every boss in Control, while also completing the main story. This Control run is done by the world record holder Ashley93oBTW, who just shreds his way through the game and bosses in under 55 minutes. This run contains glitches that let him go out-of-bounds, clip through floors with objects, and pretty much just fly through the map.

#Control #Speedrun #AllBosses"
"fOSYnHelFe8","Speedrun of Hollow Knight (SPEEDRUN EXPLAINED - Any% [No Major Glitches])","tomatoanus","2023-04-21","2023-04-21","https://i.ytimg.com/vi/fOSYnHelFe8/hqdefault.jpg","Get Surfshark VPN at https://surfshark.deals/tomatoes - Enter promo code TOMATOES for 83% off & 3 extra months for FREE!

Lep's Any% (No Major Glitches) Personal Best: https://youtu.be/TAgx-XuweoI
Gameplay only version of this run: https://youtu.be/yhH6WY8IFbw

Lep's YouTube Channel: @Lep_19
Lep's Twitch Channel: https://www.twitch.tv/lep19

Patreon: https://www.patreon.com/tomatoanus
Twitch: https://www.twitch.tv/tomatoanus
Twitter: https://twitter.com/tomatoanus
Reddit: https://www.reddit.com/r/tomatoanus
Merch: https://www.woof.store/
Shirts: https://teespring.com/stores/tomatoanus
Discord: https://discord.gg/tomatoanus

SPEEDRUN EXPLAINED Playlist: http://bit.ly/2XMuJmL
SPEEDRUN EXPLAINED Thumbnails Folder: https://bit.ly/3wDRX0A

In this SPEEDRUN EXPLAINED, we break down the Any% (No Major Glitches) speedrun of Hollow Knight, performed by the former world record holder, Lep. This run includes some glitches and skips, including using your Shade to skip parts of the map, hitting levers through floors, and a glitch that pretty much lets you get super speed (although its use is limited in this category as it's considered a major glitch in certain applications). This video serves as an explanation of the strategies used by Lep to beat Hollow Knight in around 30 minutes. Had to make sure that this speedrun was covered on the tomatoanus channel before Silksong released ;)

#HollowKnight #Speedrun #TeamCherry"
"48fN933ILxA","How speedrunners adopt a baby in Fallout: New Vegas (SPEEDRUN EXPLAINED)","tomatoanus","2023-02-21","2023-02-21","https://i.ytimg.com/vi/48fN933ILxA/hqdefault.jpg","Play Enlisted for FREE on PC, Xbox Series X & S, PS5, PS4, and Xbox One. Follow the link to download the game and get your exclusive bonus now: https://playen.link/tomatoanus

Mod list: https://docs.google.com/spreadsheets/d/e/2PACX-1vQwgTWflzLUMHdx2jb8X4JEWTHssbLlVZPTGiBu_OGafNuUGFmP58EYJLMTwltND12hrz7eFMeAhoYD/pubhtml

Sharo's Fallout: New Vegas Any% World Record: https://youtu.be/d1lTp4gJAyM

Patreon: https://www.patreon.com/tomatoanus
Twitch: https://www.twitch.tv/tomatoanus
Twitter: https://twitter.com/tomatoanus
Reddit: https://www.reddit.com/r/tomatoanus
Merch: https://www.woof.store/
Shirts: https://teespring.com/stores/tomatoanus
Discord: https://discord.gg/tomatoanus

SPEEDRUN EXPLAINED Playlist: http://bit.ly/2XMuJmL
SPEEDRUN EXPLAINED Thumbnails Folder: https://bit.ly/3wDRX0A

Yes, you read the title correctly. This is a speedrun to adopt a baby in Fallout: New Vegas. This speedrun is made possible by using a ton of mods that allow for such actions to be possible in the game. In this speedrun, we utilize several glitches, including one exploit that lets us fly across the map, getting XP to level up at a specific point, and also have things like going out- of-bounds to skip things. We do this very fast, very quick, very speedy.

Game audio, no commentary version: https://youtu.be/RxD-vk9muOk

#Speedrun #Fallout #NewVegas"
"rZjBHmgkBb4","How speedrunners beat HITMAN 3 in 5 minutes (SPEEDRUN EXPLAINED - Silent Assassin, Suit Only)","tomatoanus","2023-01-25","2023-01-25","https://i.ytimg.com/vi/rZjBHmgkBb4/hqdefault.jpg","Install Raid for Free - ‚úÖ Mobile and PC: https://clik.cc/ShXJj and get a special starter pack with an Epic champion Jotunüí•New players, vote on your favourite Starter Champion at http://championselect.plarium.com/

üí•Use the Promo Code READY4RAID to get 4 x Skill Tomes Rare, 4 x Rank Up Chickens 3*, 40 Random EXP brews, 200 Autobattle tickets, 1 million silver. Available for NEW users only by February 28

üí•Use the Promo Code RAIDRONDA to get a 3-day 100% XP boost, 500K Silver and 5 full Energy refills, 50 Auto battle x3. Available for ALL users by February 28

*NB! Use only 1 Promo code within 24 hours


HOUSEN‚Äôs Season 3 Silent Assassin, Suit Only Tied World Record: https://youtu.be/5BvcT6Mgn7E
Gameplay only version of this run: https://youtu.be/LZSXDT-XN9k

HOUSEN‚Äôs YouTube channel: @HQUSEN
HOUSEN‚Äôs Twitch channel: https://www.twitch.tv/HOUSEN8K

Patreon: https://www.patreon.com/tomatoanus
Twitch: https://www.twitch.tv/tomatoanus
Twitter: https://twitter.com/tomatoanus
Reddit: https://www.reddit.com/r/tomatoanus
Merch: https://www.woof.store/
Shirts: https://teespring.com/stores/tomatoanus
Discord: https://discord.gg/tomatoanus

SPEEDRUN EXPLAINED Playlist: http://bit.ly/2XMuJmL
SPEEDRUN EXPLAINED Thumbnails Folder: https://bit.ly/3wDRX0A

In this SPEEDRUN EXPLAINED, we go over one of the greater challenges in HITMAN 3 speedrunning: beating the game (Season 3) with the Silent Assassin rating on every mission, all while never changing out of our starting suit (Suit Only). This run is done by the world record holder, HOUSEN, who demonstrates both a mastery and breadth of knowledge of the games mechanics, its exploits, and glitches, allowing him to beat all Season 3 missions in only five minutes. This is all before the Freelancer mode recently released, so particle boosts (with muffins of course) are still in the game!

#HITMAN3 #Season3 #speedrun


Raid: Shadow Legends ‚ÄúChampions Elect‚Äù Prize Promotion. Entry is Open to legal residents of THE 50 UNITED STATES AND THE DISTRICT OF COLUMBIA (EXCLUDING NEW YORK AND FLORIDA), who are 18 years or older. VOID WHERE PROHIBITED. Open only to NEW users with a valid Player ID that downloaded Raid: Shadow Legends and opened a Game Account after January 1st, 2023. To install Raid: Shadow Legends for Free, click HERE https://clik.cc/ShXJj. Downloading Raid: Shadow Legends is subject to Plarium Terms of Use and Privacy Policy. In-game purchases are available. NO PURCHASE NECESSARY TO ENTER OR TO WIN A PRIZE. A PURCHASE DOES NOT IMPROVE YOUR CHANCES OF WINNING A PRIZE. Prizes: in-game items and/or Amazon.com Gift Cards, in the value and number as described in the Promotion Official Rules [championselect.plarium.com]. Additional Terms may apply on Amazon.com Gift Cards as set forth here (http://amazon.com/gc-legal). Prizes will be rewarded randomly, and subject to Eligibility Requirement/s set forth in the Promotion Official Rules. Promotion Period: January 16th at 00:01 ‚Äì February 10th at 23:59. Sponsor: Plarium Global Ltd.  Administrator: ( GLTCH Group Ltd). Personal Data will be processed in accordance with the Privacy Notice [championselect.plarium.com]"
"kXb3lpjhQMw","How speedrunners beat Portal 2 in under an hour (SPEEDRUN EXPLAINED - Any% (No SLA))","tomatoanus","2022-12-23","2022-12-23","https://i.ytimg.com/vi/kXb3lpjhQMw/hqdefault.jpg","Play War Thunder now with the ~official~ tomatoanus link, and get a large, free bonus pack including vehicles, boosters, and more: https://playwt.link/tomatoanus

(War Thunder is a highly detailed vehicle combat game containing over 2,000 playable tanks, aircraft, and ships spanning over 100 years of development. Immerse yourself completely in dynamic battles with an unparalleled combination of realism and approachability.)

@Msushi's Any% (No SLA) Personal Best: https://youtu.be/hF_NN_Tdf6U
Gameplay only version of this run: https://youtu.be/i6MQ0GfayT4
Msushi‚Äôs No Major Glitches World Record: https://www.twitch.tv/videos/238890706

Msushi‚Äôs YouTube channel: @Msushi
Msushi‚Äôs Twitch channel: https://www.twitch.tv/Msushi
Msushi‚Äôs Twitter: https://twitter.com/Msushi_

Patreon: https://www.patreon.com/tomatoanus
Twitch: https://www.twitch.tv/tomatoanus
Twitter: https://twitter.com/tomatoanus
Reddit: https://www.reddit.com/r/tomatoanus
Merch: https://www.woof.store/
Shirts: https://teespring.com/stores/tomatoanus
Discord: https://discord.gg/tomatoanus

SPEEDRUN EXPLAINED Playlist: http://bit.ly/2XMuJmL
SPEEDRUN EXPLAINED Thumbnails Folder: https://bit.ly/3wDRX0A

SourceRuns website: https://sourceruns.org/
SourceRuns YouTube channel: @SourceRuns

In this SPEEDRUN EXPLAINED, we break down an Any% (No SLA) speedrun of Portal 2. This run is performed by Msushi, one of the top runners for this game. This run disallows saving and loading due to those features being able to easily break the game, and also disallows going out-of-bounds. What this run DOES include though, is tight movement (such as bunnyhopping), cutscene skips, glitches, exploits, and solving a lot of the chambers in just a few seconds. This video serves as an explanation of the strategies used by Msushi (and other speedrunners) to beat Portal 2 in under an hour.

#Portal2 #SourceEngine #Speedrun

Fullbright is more or less just increased brightness, and is something you can set up in the preference files of Portal 2. Fullbright makes it a lot easier for speedrunners to navigate dark levels, but Msushi mainly has it on for you at home since he can actually navigate the levels pretty decently in the dark. You're able to set up your preference files so that individual levels load with fullbright on, so that you don't need to go into any settings or anything when you load into dark levels.

5:08 - Your vertical velocity doesn't affect the speedlock, only your overall horizontal velocity.

12:24 - The Laser Switch Glitch (LSG) is actually what's described at 19:20, and just so happens to be often used on doors. The door thing itself is not LSG and doesn't really have a name.

12:34 - Ticks aren't the same as frames, they're a fixed interval of 1/60 of a second (0.0166s).

12:43 - This glitch isn't due to an overlap in the hitboxes, but rather a strange consequence of the fact that the door hitbox is entirely behind the portal.

13:51 - This glitch isn't related to the number of entities, but rather is a strange bug caused by a system implemented to prevent timing issues with buttons whose output is on a delay. See https://wiki.portal2.sr/Button_Glitch for details.

19:20 - LSG isn't caused by the portal decay and laser staying in place for a moment, but rather is caused by the laser receiver staying on for a short amount of time after the laser itself disappears.

1:00:30 - The funnel counter actually only goes up to 2 after he uncrouches again, since this glitch is really caused by ~changing~ whether you're crouched whilst standing still in a funnel. See https://wiki.portal2.sr/Crouch_Fly_Glitch for details."
"Hozoz9Cv9TE","How speedrunners beat HITMAN 2 in under 10 minutes (Silent Assassin, Suit Only - SPEEDRUN EXPLAINED)","tomatoanus","2022-11-23","2022-11-23","https://i.ytimg.com/vi/Hozoz9Cv9TE/hqdefault.jpg","Save up to 40% with this video's sponsor, Ridge Wallet, by going to https://ridge.com/anus

Lowress‚Äôs Season 2 (no DLC) Silent Assassin Suit Only World Record: https://youtu.be/YHI4Lo_IuXc
Gameplay only version of this run: https://youtu.be/neFNPGD6afE

Lowress‚Äôs YouTube channel: @Lowress
Lowress‚Äôs Twitch channel: https://www.twitch.tv/Lowress
Lowress‚Äôs Twitter: https://twitter.com/7owress

Patreon: https://www.patreon.com/tomatoanus
Twitch: https://www.twitch.tv/tomatoanus
Twitter: https://twitter.com/tomatoanus
Reddit: https://www.reddit.com/r/tomatoanus
Merch: https://www.woof.store/
Shirts: https://teespring.com/stores/tomatoanus
Discord: https://discord.gg/tomatoanus

SPEEDRUN EXPLAINED Playlist: http://bit.ly/2XMuJmL
SPEEDRUN EXPLAINED Thumbnails Folder: https://bit.ly/3wDRX0A

In this SPEEDRUN EXPLAINED, we return to the World of Assassination trilogy for one of its greater challenges: beating the Season 2 missions from HITMAN 2 (sans DLC) with the Silent Assassin rating on every mission, all while never changing out of our starting suit (Suit Only). This run is done by the world record holder for this category, Lowress, who shows off how well-versed he is with the game‚Äôs mechanics, and just how skilled he is by beating it in under 10 minutes.

#HITMAN #Season2 #Speedrun"
"XztDN3ej3sU","How speedrunners beat Portal in just 5 minutes (SPEEDRUN EXPLAINED - Any% Out of Bounds)","tomatoanus","2022-10-31","2022-10-31","https://i.ytimg.com/vi/XztDN3ej3sU/hqdefault.jpg","Check out this video's sponsor, Ridge Wallet: https://ridge.com/anus and use coupon code ANUS at checkout for 10% off your order!

@CantEven's Out of Bounds World Record: https://youtu.be/27XPNp2bCgE
Gameplay only version of this run: https://youtu.be/fOlCgUz725E
SiDiouS‚Äôs Glitchless World Record: https://youtu.be/awW8jlGL86c

Can‚Äôt Even‚Äôs YouTube channel: @CantEven
Can‚Äôt Even‚Äôs Twitch channel: https://www.twitch.tv/canteven
Can‚Äôt Even‚Äôs Twitter: https://twitter.com/cantevenclick

Patreon: https://www.patreon.com/tomatoanus
Twitch: https://www.twitch.tv/tomatoanus
Twitter: https://twitter.com/tomatoanus
Reddit: https://www.reddit.com/r/tomatoanus
Merch: https://www.woof.store/
Shirts: https://teespring.com/stores/tomatoanus
Discord: https://discord.gg/tomatoanus

SPEEDRUN EXPLAINED Playlist: http://bit.ly/2XMuJmL
SPEEDRUN EXPLAINED Thumbnails Folder: https://bit.ly/3wDRX0A

Portal 1 - A short and simple introduction to FindClosestPassableSpace by UncraftedName: https://youtu.be/XrCw1ZpyXP8

Seamshots Explained (voiced by mlugg) by Krzyhau: https://youtu.be/YnCG6fbTQ-I

mike‚Äôs Twitch channel: https://www.twitch.tv/mikes128
mlugg‚Äôs YouTube channel: https://www.youtube.com/channel/UCLgdH_jsr4NdsUGKn14OTfw
mlugg‚Äôs Twitch channel: https://www.twitch.tv/mlugg0
UncraftedName‚Äôs YouTube channel: https://www.youtube.com/user/UncraftedName
UncraftedName‚Äôs Twitch channel: https://www.twitch.tv/uncraftedname

SourceRuns website: https://sourceruns.org/
SourceRuns YouTube channel: @SourceRuns

In this SPEEDRUN EXPLAINED,  we break down an Out of Bounds speedrun of Portal (the original, not Portal 2). This run is done by the world record holder, Can‚Äôt Even. This run includes glitches and skips, including wild movement with the Source engine, skipping the Relaxation Vault, going out-of-bounds, and some cheeky shenanigans with the cake room and companion cube‚Ä¶ This video serves as an explanation of the strategies used by Can‚Äôt Even to beat Portal in just 5 minutes.

#Portal #Valve #Speedrun"
"N_baY6VV44s","How speedrunners beat BioShock 2 in under 50 minutes (SPEEDRUN EXPLAINED - Any%)","tomatoanus","2022-09-27","2022-09-27","https://i.ytimg.com/vi/N_baY6VV44s/hqdefault.jpg","üåé Get NordVPN 2year plan + 4 months free here ‚û°Ô∏è https://nordvpn.com/tomatoanus . It's risk-free with Nord's 30-day money-back guarantee!‚òùÔ∏è

KPCzombie‚Äôs Any% World Record: https://youtu.be/S_y6OqcrD98
Gameplay only version of this run: https://youtu.be/k_CHgCfPZa0
KPCzombie‚Äôs Glitchless World Record: https://www.twitch.tv/videos/1250494034

KPCzombie‚Äôs YouTube channel: https://www.youtube.com/channel/UCfhj...
KPCzombie‚Äôs Twitch channel: https://www.twitch.tv/KPCzombie

Patreon: https://www.patreon.com/tomatoanus
Twitch: https://www.twitch.tv/tomatoanus
Twitter: https://twitter.com/tomatoanus
Reddit: https://www.reddit.com/r/tomatoanus
Merch: https://www.woof.store/
Shirts: https://teespring.com/stores/tomatoanus
Discord: https://discord.gg/tomatoanus

SPEEDRUN EXPLAINED Playlist: http://bit.ly/2XMuJmL
SPEEDRUN EXPLAINED Thumbnails Folder: https://bit.ly/3wDRX0A

In this SPEEDRUN EXPLAINED, we break down an Any% speedrun of the original BioShock 2 (sorry, not the remastered version). This run is performed by KPCzombie, one of the top runners for the game, who also helped make the SPEEDRUN EXPLAINED covering the Any% run of the first BioShock on this channel. This run includes ways to skip doors, cutscenes, go out-of-bounds, and practically skip entire levels. Sorry, but there‚Äôs still no ADAM duplication glitch used in this run! This video serves as an explanation of the strategies used by KPC to beat BioShock 2 in under 49 minutes.

#BioShock2 #Speedrun"
"vt_F6ZSC2Pg","How speedrunners beat Elden Ring in under 5 minutes (SPEEDRUN EXPLAINED - Any%)","tomatoanus","2022-07-05","2022-07-05","https://i.ytimg.com/vi/vt_F6ZSC2Pg/hqdefault.jpg","Thanks to Keeps for sponsoring - Head to https://keeps.com/tomato to get 50% off your first order of hair loss treatment.

DISCLAIMER: I‚Äôm aware of the fall damage explanation not being up to date with current knowledge. We were unaware of this info when making the video, mistakes happen :) I went to see how it would look with it trimmed out (you can cut stuff out of videos on YouTube after they're uploaded), but it made the whole section janky and not flow well, and I'd prefer to leave it in with the disclaimer here that the fall damage explanation is not accurate. Fall damage is based on distance between your starting height and landing height. With zips, you end up at heights around the same or above where you started, so no fall damage is taken in most cases.

seeker‚Äôs Any% (Unrestricted) World Record: https://youtu.be/KRGkMxmyazw
seeker‚Äôs Any% (Restricted) Personal Best: https://youtu.be/wYBiFTger5o
Gameplay only version of the Any% (Unrestricted) run: https://youtu.be/UUarmfSEy3Y
Gameplay only version of the Any% (Restricted) run: https://youtu.be/xs4m3o-TdGk
Forsa‚Äôs Glitchless World Record: https://youtu.be/Dgetv7usduQ
Muftaay‚Äôs Any% (Restricted) World Record w/ Chainsaw Glitch: https://www.twitch.tv/videos/1512918858

seeker‚Äôs YouTube channel: @seekerTV
seeker‚Äôs Twitch channel: https://www.twitch.tv/seekerTV
seeker‚Äôs Twitter: https://twitter.com/seeker_TV

Patreon: https://www.patreon.com/tomatoanus
Twitch: https://www.twitch.tv/tomatoanus
Twitter: https://twitter.com/tomatoanus
Reddit: https://www.reddit.com/r/tomatoanus
Merch: https://www.woof.store/
Shirts: https://teespring.com/stores/tomatoanus
Discord: https://discord.gg/tomatoanus

SPEEDRUN EXPLAINED Playlist: http://bit.ly/2XMuJmL
SPEEDRUN EXPLAINED Thumbnails Folder: https://bit.ly/3wDRX0A

So far on the tomatoanus channel, we‚Äôve covered Sekiro, Dark Souls, Dark Souls 2, Bloodborne, Dark Souls 3, and Demon‚Äôs Souls. Now it‚Äôs time to bring it all home by covering Elden Ring in this SPEEDRUN EXPLAINED. We worked together with seeker, world record holder for the Any% (Unrestricted) category, to bring you a video covering TWO runs of From Software‚Äôs newest installment: Any% (Restricted) and Any% (Unrestricted). In this video, we first go over the Restricted run, followed by the Unrestricted run, explaining all the tricks along the way, including easy boss strats, warping all around the map (wrong warps), the infamous zip glitch, and much much more. This video serves as an explanation of the strategies seeker uses to beat the game in both 25 minutes and 5 minutes.

#EldenRing #FromSoftware #Speedrun"
"EFmyL7-8MKg","How speedrunners beat BioShock in under 30 minutes (SPEEDRUN EXPLAINED - Any%)","tomatoanus","2022-05-31","2022-05-31","https://i.ytimg.com/vi/EFmyL7-8MKg/hqdefault.jpg","Thanks to Keeps for sponsoring - Head to https://keeps.com/tomato to get 50% off your first order of hair loss treatment.

KPCzombie‚Äôs Any% Personal Best: https://youtu.be/wH4e_Z5AFOo
Gameplay only version of this run: https://youtu.be/0zzkeV7WrdI
PRI50NER‚Äôs Glitchless World Record: https://www.twitch.tv/videos/1235316400

KPCzombie‚Äôs YouTube channel: @kpczombie
KPCzombie‚Äôs Twitch channel: https://www.twitch.tv/KPCzombie

Patreon: https://www.patreon.com/tomatoanus
Twitch: https://www.twitch.tv/tomatoanus
Twitter: https://twitter.com/tomatoanus
Reddit: https://www.reddit.com/r/tomatoanus
Merch: https://www.woof.store/
Shirts: https://teespring.com/stores/tomatoanus
Discord: https://discord.gg/tomatoanus

SPEEDRUN EXPLAINED Playlist: http://bit.ly/2XMuJmL
SPEEDRUN EXPLAINED Thumbnails Folder: https://bit.ly/3wDRX0A

In this speedrun explained, we break down an Any% speedrun of the original BioShock (sorry, not the remastered version). This run is performed by KPCzombie, one of the top runners for the game. This run includes ways to skip doors, cutscenes, and even entire levels. Sorry, but there‚Äôs no ADAM duplication glitch used in this run! This video serves as an explanation of the strategies used by KPC to beat BioShock in under 29 minutes.

#BioShock #Speedrun

The first fling in the run, which saves ten seconds, is specifically called ‚ÄúYOLO fling‚Äù since it was a known about fling, but it wasn‚Äôt done in runs due to its difficulty. KPC was on a run that was pretty much dead and decided to say YOLO and try the fling since he knew about it, and ended up getting it first try. This led to him pulling the run back to be a world record, making the fling just become part of the route. Gotta love glitches and moments like that in speedruns/speedrunning."
"wFawJ9v2GI8","How speedrunners beat Subnautica in under 30 minutes (SPEEDRUN EXPLAINED - Any%)","tomatoanus","2022-04-27","2022-04-27","https://i.ytimg.com/vi/wFawJ9v2GI8/hqdefault.jpg","Get 15% off Mid-Day Squares by visiting https://bit.ly/MDStomatoanus (discount automatically added at checkout)!

@Ec1ypsed‚Äôs Any% (Survival, Glitched) World Record: https://youtu.be/MDF8ETu37Y8
Gameplay only version of this run: https://youtu.be/nl9sGljV3tk
@cinnamoncookies‚Äôs Any% (Survival, Glitchless) World Record: https://youtu.be/mwTZLPPxKQQ

Eclypsed‚Äôs YouTube channel: @Ec1ypsed
Eclypsed‚Äôs Twitch channel: https://www.twitch.tv/ec1ypsed

woof merch store! https://www.woof.store/

Patreon: https://www.patreon.com/tomatoanus
Twitch: https://www.twitch.tv/tomatoanus
Twitter: https://twitter.com/tomatoanus
Reddit: https://www.reddit.com/r/tomatoanus
Merch: https://www.woof.store/
Shirts: https://teespring.com/stores/tomatoanus
Discord: https://discord.gg/tomatoanus

SPEEDRUN EXPLAINED Playlist: http://bit.ly/2XMuJmL
SPEEDRUN EXPLAINED Thumbnails Folder: https://bit.ly/3wDRX0A

In this speedrun explained, we break down an Any% speedrun of Subnautica (with glitches and on Survival mode) done by the world record holder, Eclypsed. This run includes glitches and skips, including a movement speed glitch with the Seaglide, an item duplication glitch, and storage exploits. This video serves as explanation of the strategies used by Eclypsed to beat Subnautica in under 30 minutes.

#Subnautica #Speedrun

Drooping Stingers normally deal a bunch of damage over a short amount of time if we bump into them, but don‚Äôt deal damage if we touch them while Super Seaglide is active. Similarly, there‚Äôs a fauna called Crashfish who typically burst out of their hiding places to crash into you and explode, but don‚Äôt do that if we have Super Seaglide.

In short, the stingers ignore us because when Super Seaglide is active, the detectCollision variable in the stingers‚Äô code is disabled, meaning collision with the player is never detected so damage is never dealt.

The Crashfish ignore us because when Super Seaglide is active, the player‚Äôs rigidbody velocity is set at 0, and Crashfish are triggered by any rigidbody velocity greater than 0, so since ours is stuck at 0, they don‚Äôt trigger (Note: the player‚Äôs rigidbody is what allows the player to experience physics)"
"hdWjxfdUWLs","Speedrun to get pregnant in Fallout 4 (SPEEDRUN EXPLAINED)","tomatoanus","2022-03-10","2022-03-10","https://i.ytimg.com/vi/hdWjxfdUWLs/hqdefault.jpg","woof merch store! https://www.woof.store/

Mod list: https://imgur.com/a/aZ4E6Sy

Patreon: https://www.patreon.com/tomatoanus
Twitch: https://www.twitch.tv/tomatoanus
Twitter: https://twitter.com/tomatoanus
Reddit: https://www.reddit.com/r/tomatoanus
Merch: https://www.woof.store/
Shirts: https://teespring.com/stores/tomatoanus
Discord: https://discord.gg/tomatoanus

SPEEDRUN EXPLAINED Playlist: http://bit.ly/2XMuJmL
SPEEDRUN EXPLAINED Thumbnails Folder: https://bit.ly/3wDRX0A

Yes, you read the title correctly. This is a speedrun to get pregnant in Fallout 4. This speedrun is made possible by using a ton of mods that allow for such actions to be possible in the game. In this speedrun, we utilize several glitches, including one exploit that lets us teleport across the map, and also have things like routing in XP to level up at a specific time. We do this very fast, very quick, very speedy.

Game audio, no commentary version: https://youtu.be/Ve1fnv1HnYI
Full self-impregnation speedrun: https://youtu.be/yne7P_5YEbw

#Speedrun #Fallout #Fallout4"
"JhWRSip4kqE","How speedrunners beat Demon‚Äôs Souls in 45 minutes (SPEEDRUN EXPLAINED - Any%)","tomatoanus","2022-02-24","2022-02-24","https://i.ytimg.com/vi/JhWRSip4kqE/hqdefault.jpg","Thanks to Keeps for sponsoring - Head to https://keeps.com/tomato to get 50% off your first order of hair loss treatment.

InSilico‚Äôs Any% World Record: https://youtu.be/Ec1hFqJj5hg
Gameplay only version of this run: https://youtu.be/8XN6-SkUdcs
soypaste‚Äôs Any% Glitchless World Record: https://youtu.be/m8VTbsEPVT8

InSilico‚Äôs YouTube channel: @InSilicoF1
InSilico‚Äôs Twitch channel: https://www.twitch.tv/insilico_

IGN article on Demon‚Äôs Souls servers: https://www.ign.com/articles/the-fans-preserving-the-original-demons-souls-experience

Patreon: https://www.patreon.com/tomatoanus
Twitch: https://www.twitch.tv/tomatoanus
Twitter: https://twitter.com/tomatoanus
Reddit: https://www.reddit.com/r/tomatoanus
Shirts: https://teespring.com/stores/tomatoanus
Discord: https://discord.gg/tomatoanus

SPEEDRUN EXPLAINED Playlist: http://bit.ly/2XMuJmL
SPEEDRUN EXPLAINED Thumbnails Folder: https://bit.ly/3wDRX0A

Just in time for the release of Elden Ring, we‚Äôve covered Dark Souls, Dark Souls 2, Bloodborne, Dark Souls 3, Sekiro, and now finally the original Demon‚Äôs Souls (not the remake, sorry). With the game that started the Soulsborne series finally coming to the tomatoanus channel for a SPEEDRUN EXPLAINED, we get to go over the From Software game that started it all. This Any% run is performed by the world record holder, InSilico_ (Silico for short). This run is packed with skips, tech, the occasional out-of-bounds, and making boss fights look simple, plus a few extra goodies (cat face is my favorite).

#DemonsSouls #FromSoftware #Speedrun"
"_kqXGKalKwI","How speedrunners beat Dark Souls III in 35 minutes (SPEEDRUN EXPLAINED - Any% No TearDrop Glitch)","tomatoanus","2022-01-27","2022-01-27","https://i.ytimg.com/vi/_kqXGKalKwI/hqdefault.jpg","Thanks to Keeps for sponsoring - Head to https://keeps.com/tomato to get 50% off your first order of hair loss treatment.

Moochyy's Any% No TearDrop World Record: https://youtu.be/ecVv5UaiKYA
Commentary free version of this run: https://youtu.be/5jyqQ2AD1BI
Forsa's Any% Glitchless World Record: https://youtu.be/pUbrn8hfeg4

Moochyy's YouTube Channel: @moochyy_
Moochyy's Twitch Channel: https://www.twitch.tv/Moochyy_

Patreon: https://www.patreon.com/tomatoanus
Twitch: https://www.twitch.tv/tomatoanus
Twitter: https://twitter.com/tomatoanus
Reddit: https://www.reddit.com/r/tomatoanus
Shirts: https://teespring.com/stores/tomatoanus
Discord: https://discord.gg/tomatoanus

SPEEDRUN EXPLAINED Playlist: http://bit.ly/2XMuJmL
SPEEDRUN EXPLAINED Thumbnails Folder: https://bit.ly/3wDRX0A

First, Dark Souls. Then, Dark Souls 2. Then, Bloodborne happened, can‚Äôt forget that. And now, Elden Ring, sorry, Dark Souls 3 is coming to the tomatoanus channel for a SPEEDRUN EXPLAINED. In this run, we return to the series that put From Software on the map for an Any% speedrun performed by the world record holder, Moochyy. In this Dark Souls 3 speedrun, we glitch enemies, go out-of-bounds, defeat bosses, and much much more.

#DarkSouls3 #FromSoftware #Speedrun"
"HP_U6hYKDXs","How speedrunners beat Bloodborne in under 30 minutes (SPEEDRUN EXPLAINED - Any%)","tomatoanus","2021-12-24","2021-12-24","https://i.ytimg.com/vi/HP_U6hYKDXs/hqdefault.jpg","ü§ñ Install Mech Arena for FREE here ‚úÖ https://clik.cc/Vv8Pu and get a special starter pack to help kickstart your game! ‚≠ê

zPinkman's Any% (Current Patch, No Clipping) Personal Best: https://youtu.be/IQDFE_Zd_qI
Commentary free version of this run: https://youtu.be/KskAspwh864
kooosuke's Any% Glitchless World Record: https://youtu.be/-vhNJs6rQXo

zPinkman's YouTube Channel: https://www.youtube.com/channel/UCwUrySTeuozGaGWDOi0o4nw
zPinkman's Twitch Channel: https://www.twitch.tv/zPinkman_
zPinkman's Twitter: https://twitter.com/z_Pinkman

Patreon: https://www.patreon.com/tomatoanus
Twitch: https://www.twitch.tv/tomatoanus
Twitter: https://twitter.com/tomatoanus
Reddit: https://www.reddit.com/r/tomatoanus
Shirts: https://crowdmade.com/tomatoanus
Other shirts: https://teespring.com/stores/tomatoanus
Discord: https://discord.gg/tomatoanus

SPEEDRUN EXPLAINED Playlist: http://bit.ly/2XMuJmL
SPEEDRUN EXPLAINED Thumbnails Folder: https://bit.ly/3wDRX0A

In this video, we cover the Any% speedrun of Bloodborne, with the stipulations that the run is done on the current patch and that no clipping is performed by use of enemy grabs. This run is performed by Pinkman, who sets a blistering pace through Yharnam utilizing skips, farming Blood Echoes and Insight, and just absolutely demolishing bosses. Included in this run (which is completed in under 30 minutes) is a glitch that allows you to duplicate items.

#Bloodborne #Speedrun #FromSoftware"
"sWbsxzfwEs4","How speedrunners beat HITMAN (2016) in 10 minutes (Silent Assassin, Suit Only - SPEEDRUN EXPLAINED)","tomatoanus","2021-12-02","2021-12-02","https://i.ytimg.com/vi/sWbsxzfwEs4/hqdefault.jpg","Thanks to Keeps for sponsoring - Head to https://keeps.com/tomato to get 50% off your first order of hair loss treatment.

Kaadzik‚Äôs Season 1 Silent Assassin Suit Only Speedrun Personal Best: https://youtu.be/u7A_CFAs7hY
Commentary free version of this run: https://youtu.be/C4-2GUly0XU

Kaadzik‚Äôs YouTube channel: @Kaadzik
Kaadzik‚Äôs Twitch channel: https://www.twitch.tv/Kaadzik
Kaadzik‚Äôs Twitter: https://twitter.com/Kaadzik

Patreon: https://www.patreon.com/tomatoanus
Twitch: https://www.twitch.tv/tomatoanus
Twitter: https://twitter.com/tomatoanus
Reddit: https://www.reddit.com/r/tomatoanus
Shirts: https://crowdmade.com/tomatoanus
Other shirts: https://teespring.com/stores/tomatoanus
Discord: https://discord.gg/tomatoanus

SPEEDRUN EXPLAINED Playlist: http://bit.ly/2XMuJmL
SPEEDRUN EXPLAINED Thumbnails Folder: https://bit.ly/3wDRX0A

In this SPEEDRUN EXPLAINED, we go over one of the greater challenges in HITMAN (2016) speedrunning: beating the game with the Silent Assassin rating on every mission, all while never changing out of our starting suit (Suit Only). This run is done by one of the top runners for the category, Kaadzik, who demonstrates his ability and knowledge of the mechanics of the game, beating it in around ten minutes. This run was chosen to be covered by my Patrons, who hold the world record in my heart for coolest people around.

#HITMAN #Season1 #Speedrun"
"Qm7Uf2xf_h8","How speedrunners beat DEATHLOOP in 17 minutes (SPEEDRUN EXPLAINED - Any%)","tomatoanus","2021-11-11","2021-11-11","https://i.ytimg.com/vi/Qm7Uf2xf_h8/hqdefault.jpg","Get 1-2 Displates for 26% off or 3+ Displates for 36% off (discount automatically applied at checkout): https://displate.com/tomato_anus

seeker‚Äôs Any% World Record: https://youtu.be/TH4cwD4W56c
Commentary free version of this run: https://youtu.be/6hStho_e9dk
CreeperHntr‚Äôs Glitchless World Record: https://youtu.be/AoSUsMVqayw

seeker‚Äôs YouTube channel: https://www.youtube.com/seekerTV
seeker‚Äôs Twitch channel: https://www.twitch.tv/seekerTV
seeker‚Äôs Twitter: https://twitter.com/seeker_TV

Patreon: https://www.patreon.com/tomatoanus
Twitch: https://www.twitch.tv/tomatoanus
Twitter: https://twitter.com/tomatoanus
Reddit: https://www.reddit.com/r/tomatoanus
Shirts: https://crowdmade.com/tomatoanus
Other shirts: https://teespring.com/stores/tomatoanus
Discord: https://discord.gg/tomatoanus

SPEEDRUN EXPLAINED Playlist: http://bit.ly/2XMuJmL
SPEEDRUN EXPLAINED Thumbnails Folder: https://bit.ly/3wDRX0A

After a year of absence from the tomatoanus channel, seeker returns to help showcase the Any% speedrun of DEATHLOOP, a run which he currently holds the world record of. This run comes out of the gate blazing with multiple glitches and skips, and has DEATHLOOP being beaten in just 17 minutes. We hope you enjoy this video where we break down the speedrun as it‚Äôs happening.

#DEATHLOOP #Speedrun"
"K4ip3yWQvZ0","How speedrunners beat Dark Souls II in under 15 minutes (SPEEDRUN EXPLAINED - Any%)","tomatoanus","2021-10-19","2021-10-19","https://i.ytimg.com/vi/K4ip3yWQvZ0/hqdefault.jpg","Install Raid for Free ‚úÖ Mobile and PC: https://clik.cc/7cbAC and get a special starter pack üí• Available only for the next 30 days!

Stennis's Any% World Record (Commentary Free): https://youtu.be/N3x7Y42De8c
Marchy's Any% (Current Patch) World Record: https://youtu.be/exk313-kY2I

Stennis's YouTube channel: https://www.youtube.com/channel/UCWpRGRpjacilrdw_QK2Zmqw
Stennis's Twitch channel: https://www.twitch.tv/Stennis

Patreon: https://www.patreon.com/tomatoanus
Twitch: https://www.twitch.tv/tomatoanus
Twitter: https://twitter.com/tomatoanus
Reddit: https://www.reddit.com/r/tomatoanus
Shirts: https://crowdmade.com/tomatoanus
Other shirts: https://teespring.com/stores/tomatoanus
Discord: https://discord.gg/tomatoanus

SPEEDRUN EXPLAINED Playlist: http://bit.ly/2XMuJmL
SPEEDRUN EXPLAINED Thumbnails Folder: https://bit.ly/3wDRX0A

We waited two years to cover Dishonored 2 after covering the first Dishonored, but we waited only three months to cover Dark Souls II after covering the first Dark Souls. In this SPEEDRUN EXPLAINED, we return to the world From Software created and break down an Any% speedrun of Dark Souls II, by world record holder Stennis. This run is on patch 1.02 and features a couple game-breaking glitches and exploits that allow Stennis to beat the game in under 15 minutes. Included in this run is a glitch that allows you to duplicate items, leading to the potential for infinite souls without farming.

#DarkSouls2 #FromSoftware #Speedrun"
"BADKudlcV30","How speedrunners beat Dishonored 2 in 20 minutes (SPEEDRUN EXPLAINED - Any%, Emily)","tomatoanus","2021-10-07","2021-10-07","https://i.ytimg.com/vi/BADKudlcV30/hqdefault.jpg","Thanks to Casetify for sponsoring this video!  Go to http://www.casetify.com/tomato today to get 15% off on your new favorite phone case!

Cearadeth's Any% (Emily) World Record: https://youtu.be/U9D4fYIDLt4
Commentary free version of this run: https://youtu.be/Kqz2_UeP1jI
Cearadeth's Glitchless/Legacy World Record: https://youtu.be/HuJ3RzOQYoA

Cearadeth's YouTube channel: @Cearadeth
Cearadeth's Twitch channel: https://www.twitch.tv/Cearadeth
Cearadeth's Twitter: https://twitter.com/Cearadeth

Patreon: https://www.patreon.com/tomatoanus
Twitch: https://www.twitch.tv/tomatoanus
Twitter: https://twitter.com/tomatoanus
Reddit: https://www.reddit.com/r/tomatoanus
Shirts: crowdmade.com/tomatoanus
Other shirts: https://teespring.com/stores/tomatoanus
Discord: https://discord.gg/tomatoanus

SPEEDRUN EXPLAINED Playlist: http://bit.ly/2XMuJmL
SPEEDRUN EXPLAINED Thumbnails Folder: https://bit.ly/3wDRX0A

The Any% speedrun of Dishonored 2 as Emily is a fast paced joyride through the city of Dunwall. Watch as Cearadeth (the current Dishonored 2 Any% world record holder as both Emily and Corvo, and actually every other category as well) tears apart this game and demonstrates how he beats it in just 20 minutes. This speedrun utilizes movement glitches to leap through the air at blazing speeds, clip through walls, and more. High chaos or low chaos? You be the judge.

#Dishonored2 #Speedrun"
"BL6j76H7Xpk","How speedrunners beat Skyrim in just over 20 minutes (SPEEDRUN EXPLAINED)","tomatoanus","2021-09-10","2021-09-10","https://i.ytimg.com/vi/BL6j76H7Xpk/hqdefault.jpg","Get 20% Off + Free International Shipping with promo code TOMATO20 at manscaped.com! https://mnscpd.com/tomatoanus

Waz's Main Quest World Record: https://youtu.be/kZvZPLDPCno
Commentary free version of this run: https://youtu.be/jbI_ryUphL4
nucular's Glitchless Main Quest World Record: https://youtu.be/FJO-kU_MnlM

Waz's YouTube Channel: @Waz
Waz's Twitch Channel: https://www.twitch.tv/wazmannen

Patreon: https://www.patreon.com/tomatoanus
Twitch: https://www.twitch.tv/tomatoanus
Twitter: https://twitter.com/tomatoanus
Reddit: https://www.reddit.com/r/tomatoanus
Shirts: https://crowdmade.com/tomatoanus
Other shirts: https://teespring.com/stores/tomatoanus
Discord: https://discord.gg/tomatoanus

SPEEDRUN EXPLAINED Playlist: http://bit.ly/2XMuJmL
SPEEDRUN EXPLAINED Thumbnails Folder: https://bit.ly/3wDRX0A

In this SPEEDRUN EXPLAINED, we break down and explain a speedrun of The Elder Scrolls V: Skyrim, specifically this game's equivalent of the Any% category, Main Quest, and how speedrunners (specifically Waz) beat the game in just over 20 minutes. In this speedrun, we move faster than ever before on the tomatoanus channel, utilizing glitches to move at supersonic speeds. This ain't just moving fast tough, because we also do things like exploit vendors to get free gold.

#Skyrim #ElderScrolls #Speedrun"
"b9OvZn2eITo","Speedrun of Dark Souls (SPEEDRUN EXPLAINED - Any%)","tomatoanus","2021-07-22","2021-07-22","https://i.ytimg.com/vi/b9OvZn2eITo/hqdefault.jpg","Go to https://buyraycon.com/anus for 15% off your order!

Regole‚Äôs Any% Personal Best: https://youtu.be/07qF-1JBBVg
Commentary free version of this run: https://youtu.be/murfNo4H4Ls
kei_1666 Dark Souls Remastered Any% Glitchless World Record: https://youtu.be/yrHMRNWhdYM

Regole‚Äôs YouTube channel: @RegoleSlayer
Regole‚Äôs Twitch channel: https://www.twitch.tv/RegoleSlayer
Regole‚Äôs Twitter: https://twitter.com/RegoleSlayer

Patreon: https://www.patreon.com/tomatoanus
Twitch: https://www.twitch.tv/tomatoanus
Twitter: https://twitter.com/tomatoanus
Reddit: https://www.reddit.com/r/tomatoanus/
Shirts: https://crowdmade.com/tomatoanus
Other shirts: https://teespring.com/stores/tomatoanus
Discord: https://discord.gg/tomatoanus

SPEEDRUN EXPLAINED Playlist: http://bit.ly/2XMuJmL
SPEEDRUN EXPLAINED Thumbnails Folder: https://bit.ly/3wDRX0A

In this SPEEDRUN EXPLAINED, we go over and break down an Any% speedrun of Dark Souls: Prepare To Die Edition, by world record holder RegoleSlayer. This run is a balance of precise tricks, high level Dark Souls gameplay, and exploiting glitches and bugs to break the game. There‚Äôs also a cameo from your favorite Ned‚Äôs Declassified alum...

#DarkSouls #FromSoftware #Speedrun"
"tGBVjJ9NZwA","Speedrun to get married in Stardew Valley (SPEEDRUN EXPLAINED)","tomatoanus","2021-06-22","2021-06-22","https://i.ytimg.com/vi/tGBVjJ9NZwA/hqdefault.jpg","Get 1-2 Displates for 27% off or 3+ Displates for 37% off for the first week and then 15% off after that (discount automatically applied at checkout): https://displate.com/tomato_anus

Haboo's Marriage (Glitchless) World Record: https://youtu.be/H8rrjP0ZljE
Commentary free version of this run: https://youtu.be/Pfi8hnq_nQE

TheHaboo's YouTube channel: @TheHaboo
TheHaboo's Twitch channel: https://www.twitch.tv/TheHaboo
TheHaboo's Twitter: https://twitter.com/TheHaboo

Patreon: https://www.patreon.com/tomatoanus
Twitch: https://www.twitch.tv/tomatoanus
Twitter: https://twitter.com/tomatoanus
Reddit: https://www.reddit.com/r/tomatoanus
Shirts: https://crowdmade.com/tomatoanus
Other shirts: https://teespring.com/stores/tomatoanus
Discord: https://discord.gg/tomatoanus

Speedruns Explained Playlist: http://bit.ly/2XMuJmL

In this SPEEDRUN EXPLAINED, we go over the classic speedrun to get married in Stardew Valley. This run is done by the world record holder TheHaboo, who demonstrates both their speed and knowledge of the mechanics and math of Stardew to complete this run in just around 40 minutes. This isn't an Any% run, and it may be glitchless, but don't let that deter you, this speedrun works to romance Shane by slamming an excessive amount of peppers down his throat.

#StardewValley #Speedrun #Peppers"
"-AizsPlpTnc","Speedrun of Fallout 4 VR (SPEEDRUN EXPLAINED - World Record)","tomatoanus","2021-04-23","2021-04-23","https://i.ytimg.com/vi/-AizsPlpTnc/hqdefault.jpg","üéØDownload or Play FRAG PRO Shooter for free: https://bit.ly/3jfdXbr
Get $6 worth of free rewards! X1 gold chest üéâ + 500 coins  üí∞ + 50 diamonds üíé
+ 1 special offer üéÅ only for you!

Patreon: https://www.patreon.com/tomatoanus
Twitch: https://www.twitch.tv/tomatoanus
Twitter: https://twitter.com/tomatoanus
Reddit: https://www.reddit.com/r/tomatoanus
Shirts: https://crowdmade.com/tomatoanus
Other shirts: https://teespring.com/stores/tomatoanus
Discord: https://discord.gg/tomatoanus

SPEEDRUN EXPLAINED Playlist: http://bit.ly/2XMuJmL

Not for the weak of stomach, this installment of SPEEDRUN EXPLAINED is a world record Any% speedrun of Fallout 4 VR. While following the same general layout as the original Fallout 4 speedrun, this run utilizes some glitches and exploits unique to the VR version of the game, which mainly includes just walking through walls though.

Only game audio version: https://youtu.be/hcIwzbc4ZDk
Original audio version: https://youtu.be/M3kji_HmDB8?t=1204

#Speedrun‚Äã‚Äã‚Äã #Fallout‚Äã‚Äã‚Äã #VR"
"m19Py9K_yUI","Speedrun to eat a baby in Fallout 3 (SPEEDRUN EXPLAINED)","tomatoanus","2021-03-18","2021-03-18","https://i.ytimg.com/vi/m19Py9K_yUI/hqdefault.jpg","Thanks to Bespoke Post for sponsoring this video. Get 20% off your first monthly box when you sign up at http://bspk.me/tomatoanus and use promo code TOMATOANUS20 at checkout!

Patreon: https://www.patreon.com/tomatoanus
Twitch: https://www.twitch.tv/tomatoanus
Twitter: https://twitter.com/tomatoanus
Reddit: https://www.reddit.com/r/tomatoanus
Shirts: https://crowdmade.com/tomatoanus
Other shirts: https://teespring.com/stores/tomatoanus
Discord: https://discord.gg/tomatoanus

Speedruns Explained Playlist: http://bit.ly/2XMuJmL‚Äã

Yes, you read the title correctly. This is a speedrun to eat a baby in Fallout 3. This speedrun is made possible by using a mod called Acquired Immunity that adds an option when interacting with Baby Marie in The Pitt DLC. In this speedrun we utilize several glitches, including one level glitch that skips levels, and is barely used in Fallout speedruns.

Only game audio version: https://youtu.be/N0VXP_9sX04‚Äã
Original audio version: https://youtu.be/o3QkFKlE2vU‚Äã

#Speedrun‚Äã #Fallout‚Äã #DaBaby"
"23_1uqeLCGE","Speedrun of Titanfall 2 (SPEEDRUN EXPLAINED - Any%)","tomatoanus","2021-02-25","2021-02-25","https://i.ytimg.com/vi/23_1uqeLCGE/hqdefault.jpg","Get 20% OFF + Free Shipping + 2 FREE GIFTS @Manscaped with code TOMATO20 at Manscaped.com! http://mnscpd.com/3iey2hJ

bryonato‚Äôs Any% World Record: https://youtu.be/6fs8FpxsQic
Commentary free version of this run: https://youtu.be/UXp8nA-0h48‚Äã

bryonato‚Äôs YouTube channel: @Bryonato
bryonato‚Äôs Twitch channel: https://www.twitch.tv/bryonato
bryonato‚Äôs Twitter: https://twitter.com/bryonato

SwayLouie‚Äôs tutorial series: https://www.youtube.com/playlist?list=PL4OuonYjQn-U8sgArA7XhJVvnzajMbwW5

Patreon: https://www.patreon.com/tomatoanus
Twitch: https://www.twitch.tv/tomatoanus
Twitter: https://twitter.com/tomatoanus
Reddit: https://www.reddit.com/r/tomatoanus
Shirts: https://crowdmade.com/tomatoanus
Other shirts: https://teespring.com/stores/tomatoanus
Discord: https://discord.gg/tomatoanus

Speedruns Explained Playlist: http://bit.ly/2XMuJmL

In this SPEEDRUN EXPLAINED, we go over another faced paced, high intensity speedrun with that of Titanfall 2. This TF2 run is done by the world record holder bryonato, who just shreds their way through it in under 80 minutes. This Any% run is easily one of the most movement intensive and technically demanding speedruns around, with one of the deepest movement toolboxes in speedrunning, and makes for a great viewing experience!

#Titanfall2‚Äã #TF2‚Äã #Speedrun"
"r3iprXTtXzI","Speedrunning to bone in Cyberpunk 2077 (SPEEDRUN EXPLAINED)","tomatoanus","2020-12-21","2020-12-21","https://i.ytimg.com/vi/r3iprXTtXzI/hqdefault.jpg","Patreon: https://www.patreon.com/tomatoanus
Twitch: https://www.twitch.tv/tomatoanus
Twitter: https://twitter.com/tomatoanus
Reddit: https://www.reddit.com/r/tomatoanus/
Shirts: https://crowdmade.com/tomatoanus
Discord: https://discord.gg/tomatoanus

Speedruns Explained Playlist: http://bit.ly/2XMuJmL

It‚Äôs here. The speedrun category that we‚Äôve all been laid for. The speedrun to become slept with in as speed as possible in Cyberpunk 2077, brought to you with all SPEEDRUN EXPLAINED glory.

Only game audio version: https://youtu.be/dQndSOwXAtE
Original audio version: https://youtu.be/j4LXXj7fG7g

#Cyberpunk2077 #Cyberpunk #Speedrun"
"vg00Tip9flI","Speedrun of Breath of the Wild (SPEEDRUN EXPLAINED - Any%)","tomatoanus","2020-12-15","2020-12-15","https://i.ytimg.com/vi/vg00Tip9flI/hqdefault.jpg","Go to https://expressvpn.com/anus and find out how you can get 3 months free.

RasenUrn‚Äôs Any% World Record: https://youtu.be/F9LKbMVQf5I
Commentary free version of this run: https://youtu.be/zjkoldSpJcU
LouLouCore‚Äôs Bug Limit Any% World Record: https://www.twitch.tv/videos/769651198

Rasen‚Äôs YouTube channel: https://www.youtube.com/user/SubmachineGN
Rasen‚Äôs Twitch channel: https://www.twitch.tv/rasenruns
Rasen‚Äôs Twitter: https://twitter.com/rasenurns

Patreon: https://www.patreon.com/tomatoanus
Twitch: https://www.twitch.tv/tomatoanus
Twitter: https://twitter.com/tomatoanus
Reddit: https://www.reddit.com/r/tomatoanus/
Shirts: https://crowdmade.com/tomatoanus
Discord: https://discord.gg/tomatoanus

Speedruns Explained Playlist: http://bit.ly/2XMuJmL

The Legend of Zelda: Breath of the Wild is a game well known for its open structure, allowing the player to do and go wherever, and however they please. In the speedrun, we stretch that idea to the maximum, utilizing glitches, exploits, and ingenuity to break open the game and beat it in under 30 minutes.

#Zelda #BotW #Speedrun"
"ASm42DNN4ds","Speedrun of DOOM Eternal (SPEEDRUN EXPLAINED - Any%)","tomatoanus","2020-11-11","2020-11-11","https://i.ytimg.com/vi/ASm42DNN4ds/hqdefault.jpg","Buy Displate for 30% off (discount will automatically be added at checkout): https://displate.com/?art=5eac8b577a94c (drops to 15% after November 18th)

seeker‚Äôs Any% World Record: https://youtu.be/kXNhv6ttNes
Commentary free version of this run: https://youtu.be/edDwOSdoKXM
xiae‚Äôs Classic, Inbounds, No Major Glitches World Record: https://www.twitch.tv/videos/691338243

seeker‚Äôs YouTube channel: https://www.youtube.com/seekerTV
seeker‚Äôs Twitch channel: https://www.twitch.tv/seekerTV
seeker‚Äôs Twitter: https://twitter.com/seeker_TV

Patreon: https://www.patreon.com/tomatoanus
Twitch: https://www.twitch.tv/tomatoanus
Twitter: https://twitter.com/tomatoanus
Reddit: https://www.reddit.com/r/tomatoanus/
Shirts: https://crowdmade.com/tomatoanus
Discord: https://discord.gg/tomatoanus

Speedruns Explained Playlist: http://bit.ly/2XMuJmL

In this long-awaited SPEEDRUN EXPLAINED, we cover the Any% speedrun of DOOM Eternal, with seeker returning to the channel as our runner and expert. This run is just as fast paced and intense as the DOOM (2016) run, but arguably even more broken. I hope you enjoy this video, as we break down the speedrun as it‚Äôs happening.

#DOOM #DOOMEternal #Speedrun"
"-VFgizBWjFI","How speedrunners beat Fallout 4 in 35 minutes (SPEEDRUN EXPLAINED - Any%)","tomatoanus","2020-08-27","2020-08-27","https://i.ytimg.com/vi/-VFgizBWjFI/hqdefault.jpg","Patreon: https://www.patreon.com/tomatoanus
Twitch: https://www.twitch.tv/tomatoanus
Twitter: https://twitter.com/tomatoanus
Shirts: https://crowdmade.com/tomatoanus
Discord: https://discord.gg/tomatoanus

Speedruns Explained Playlist: http://bit.ly/2XMuJmL

Glitchless speedrun: https://youtu.be/ruD-0vg8JyM

Original audio version: https://youtu.be/VxQMBUNKz7I
Only game audio version: https://youtu.be/3yieUERbZRc

WR Saves: https://tinyurl.com/F4WRSaves

In this speedrun explained, we go over the technically deep and complicated Any% speedrun of Fallout 4. This run contains loads of complicated glitches and exploits including infinite caps and vendor glitches, teleporting around the map, and breaking our save to run at super speed.

#Fallout #Fallout4 #Speedrun"
"6B1u5bhO-HI","Speedrun of SpongeBob SquarePants: Battle for Bikini Bottom (SPEEDRUN EXPLAINED - 100%)","tomatoanus","2020-05-15","2020-05-15","https://i.ytimg.com/vi/6B1u5bhO-HI/hqdefault.jpg","Buy Displate for 30% off (discount will automatically be added at checkout):
https://displate.com/?art=5eac8b577a94c  (drops to 15% after May 29)

SHiFT‚Äôs 100% World Record - https://youtu.be/3ggZu2uavN4
Commentary free version of this run - https://youtu.be/4VnLly_AYKA
SHiFT‚Äôs YouTube channel - https://www.youtube.com/shiftss

Part One of the BfBB Any% World Record History Series - https://youtu.be/djkC8vLJ6Vw
SHiFT‚Äôs Any% Tutorial Cruise Boosting Section - https://youtu.be/xEyu4KrlrGo?t=5483

Patreon: https://www.patreon.com/tomatoanus
Twitch: https://www.twitch.tv/tomatoanus
Twitter: https://twitter.com/tomatoanus
Shirts: https://crowdmade.com/tomatoanus
Discord: https://discord.gg/tomatoanus

Speedruns Explained Playlist: http://bit.ly/2XMuJmL

In this video we go over the relentless 100% speedrun of SpongeBob SquarePants: Battle for Bikini Bottom. This run is filled to the brim with interesting tech and complex movement. Watch as SHiFT shreds across the bottom of the ocean, in this game that will soon be released as the remastered Rehydrated.

#SpongeBob #BfBB #Speedrun"
"ehtAl1RMrfI","Speedrun of Mirror's Edge (SPEEDRUN EXPLAINED - Any%)","tomatoanus","2020-03-24","2020-03-24","https://i.ytimg.com/vi/ehtAl1RMrfI/hqdefault.jpg","Voetiem's Any% World Record - https://youtu.be/v_Bamrz8lSk
Commentary free version of this run - https://youtu.be/IgFKiXdeiZo
Req's Glitchless World Record - https://youtu.be/_xHvKLjIQMc
Voetiem's YouTube channel - https://www.youtube.com/channel/UCagO-DMfGdS2Haz6Jt38d8Q

Patreon: https://www.patreon.com/tomatoanus
Twitch: https://www.twitch.tv/tomatoanus
Twitter: https://twitter.com/tomatoanus
Shirts: https://crowdmade.com/tomatoanus
Discord: https://discord.gg/tomatoanus

Speedruns Explained Playlist: http://bit.ly/2XMuJmL

In this speedrun explained, we go over a fast paced, high intensity speedrun of Mirror's Edge. This run is done by world record holder Voetiem, who absolutely tears this game apart in under 30 minutes. This Any% run is one of the most movement intensive and technically demanding speedruns around, and makes for a great watch.

#MirrorsEdge #Speedrun"
"vUpdHkz2t7M","Speedrun of Ocarina of Time (SPEEDRUN EXPLAINED - Any%)","tomatoanus","2020-02-14","2020-02-15","https://i.ytimg.com/vi/vUpdHkz2t7M/hqdefault.jpg","Lozoots‚Äôs Any% World Record - https://youtu.be/xHxgji9WHLI
Commentary free version of this run - https://youtu.be/LvxvPqIb6Vk
dannyb21892‚Äôs Glitchless World Record - https://youtu.be/WRMuYjUu6q8
Lozoots‚Äôs YouTube channel - https://www.youtube.com/channel/UCWXnr-ef4lm5ihf-Rfr7C3w

‚ÄúReach the Credits from Kokiri Forest using ACE (Ocarina of Time Glitch Explained)‚Äù by GlitchesAndStuff - https://youtu.be/wdRJWDKb5Bo
‚ÄúAn overview of SRM, ACE and more‚Äù by Fig - https://youtu.be/SPi_d0zhNFc

Patreon: https://www.patreon.com/tomatoanus
Twitch: https://www.twitch.tv/tomatoanus
Twitter: https://twitter.com/tomatoanus
Shirts: https://crowdmade.com/tomatoanus
Discord: https://discord.gg/tomatoanus

Speedruns Explained Playlist: http://bit.ly/2XMuJmL

The speedrun of The Legend of Zelda: Ocarina of Time has always been a fascinating one. Recently an exploit called Arbitrary Code Execution was made possible for humans to do in an actual run, officially lowering the world record by over seven minutes. While fast, this speedrun is incredibly complicated, making for a great speedrun to cover in Speedrun Explained.

#Zelda #OcarinaOfTime #Speedrun"
"-skT_seCjys","Speedrun of Sekiro: Shadows Die Twice (SPEEDRUN EXPLAINED - Shura Ending)","tomatoanus","2020-01-24","2020-01-25","https://i.ytimg.com/vi/-skT_seCjys/hqdefault.jpg","LilAggy's Shura Ending World Record - https://youtu.be/FhMDo5sjXRY
Commentary free version of this run - https://youtu.be/WbrXGhqmobg
Mitchriz's No Airswim World Record - https://youtu.be/CKPw1Y64EUk
E1uM4y's Glitchless World Record - https://www.bilibili.com/video/av82879129?zw
LilAggy's YouTube Channel - https://www.youtube.com/channel/UCx_Qyb3447P9bBaT4o8QSjQ

Patreon: https://www.patreon.com/tomatoanus
Twitch: https://www.twitch.tv/tomatoanus
Twitter: https://twitter.com/tomatoanus
Shirts: https://crowdmade.com/tomatoanus
Discord: https://discord.gg/tomatoanus

Speedruns Explained Playlist: http://bit.ly/2XMuJmL

In this video, we go over and break down a Shura Ending speedrun of Sekiro: Shadows Die Twice, by world record holder LilAggy. This run balances actual gameplay and fights, with impressive movement, as well as completely breaking the game with a glitch that allows us to swim anywhere.

#Sekiro #ShadowsDieTwice #Speedrun"
"6ekogf10P-c","Fallout Anthology by tomatoanus in 2:16:21 - AGDQ2020","tomatoanus","2020-01-09","2020-01-09","https://i.ytimg.com/vi/6ekogf10P-c/hqdefault.jpg","Runner introduction starts at 0:10
Run starts at 1:54
Couch commentary is provided by CovertMuffin, bloodthunder, and Sharo
Edobean is host

This run was absolutely wild to say the least. While it may not have certainly gone the most smoothly in terms of gameplay, it definitely made for a lot of hilarious and interesting scenarios that I'm glad we all got to share together. I'm incredibly grateful for GDQ giving me the opportunity to do the Fallout Anthology run at their event, and can't thank them enough for the opportunity.

About when we got to Fallout 3 in the run, the donation tracker at the event went offline and stayed down for the rest of the run. Staff was trying their hardest to get it back up and working, but they weren‚Äôt able to do so until after my run. That‚Äôs why there‚Äôs a lack of donations through most the run. You can see me looking to the donation table at several points throughout the run to see if they were back up because I was running out of things to say, but every time Edobean would just shake her head at me saying that it wasn‚Äôt fixed yet, so a lot of moments throughout the run was just us trying to think of things to talk about.

Patreon: https://www.patreon.com/tomatoanus
Twitch: http://bit.ly/2XKFQN7
Twitter: http://bit.ly/2XgMcqs
Shirts: http://bit.ly/2XlnGot
Discord: https://discord.gg/tomatoanus

#Speedrun #Fallout #AGDQ2020"
"5zMMaVlbhXc","Speedrun to get laid in Fallout 4 (SPEEDRUN EXPLAINED - World Record)","tomatoanus","2020-01-02","2020-01-04","https://i.ytimg.com/vi/5zMMaVlbhXc/hqdefault.jpg","Video Sponsored by Ridge Wallet:
https://www.ridge.com/ANUS
Use Code ‚ÄúANUS‚Äù for 10% off your order

Patreon: https://www.patreon.com/tomatoanus
Twitch: http://bit.ly/2XKFQN7
Twitter: http://bit.ly/2XgMcqs
Shirts: https://crowdmade.com/tomatoanus
Discord: https://discord.gg/tomatoanus

Commentary free version of this run - https://youtu.be/isbodrB956c

Speedruns Explained Playlist: http://bit.ly/2XMuJmL

Speedrun to get laid in Fallout 4 (SPEEDRUN EXPLAINED - World Record)...

In this speedrun of Fallout 4, we race across the wasteland to have a horizontal dance partner shortly after our spouse is taken out. I covered this run in an Anthology video about 11 months ago, but a bit has changed in the run since then. In this video, we take a deep dive into those changes with professionally drawn visual aids.

#Fallout #Fallout4 #Speedrun"
"FfHqG2naKnY","Speedrun of The Outer Worlds (SPEEDRUN EXPLAINED - Any%)","tomatoanus","2019-12-12","2019-12-14","https://i.ytimg.com/vi/FfHqG2naKnY/hqdefault.jpg","Video Sponsored by Ridge Wallet:
https://www.ridge.com/ANUS
Use Code ‚ÄúANUS‚Äù for 10% off your order

Patreon: https://www.patreon.com/tomatoanus
Twitch: http://bit.ly/2XKFQN7
Twitter: http://bit.ly/2XgMcqs
Shirts: http://bit.ly/2XlnGot
Discord: https://discord.gg/tomatoanus

Commentary free version of this run - https://youtu.be/sIlTD-XzDQw?t=3572

Speedruns Explained Playlist: http://bit.ly/2XMuJmL

I'm sure you've seen the IGN video of the developers of The Outer Worlds reacting to CreeperHntr's speedrun by now, but how about we break down what is actually happening in the speedrun this time from a speedrunner's perspective. This video is a full explanation of my personal best (PB) of the Any% category.

#OuterWorlds #Speedrun"
"bj6d4sA5I5c","Speedrun of Untitled Goose Game (SPEEDRUN EXPLAINED - Any%)","tomatoanus","2019-11-18","2019-11-23","https://i.ytimg.com/vi/bj6d4sA5I5c/hqdefault.jpg","Video Sponsored by Ridge Wallet:
https://www.ridge.com/ANUS
Use Code ‚ÄúANUS‚Äù for 10% off your order

yisk's Any% World Record - https://youtu.be/bWxhaloGwLs
Commentary free version of this run - https://youtu.be/qfvICOSB0kM
RowanViv77 Glitchless World Record - https://www.twitch.tv/videos/505983376
yisk's Twitch channel - https://www.twitch.tv/yisk

Full script - http://bit.ly/2CSExDe

Patreon: https://www.patreon.com/tomatoanus
Twitch: http://bit.ly/2XKFQN7
Twitter: http://bit.ly/2XgMcqs
Shirts: http://bit.ly/2XlnGot
Discord: https://discord.gg/tomatoanus

Speedruns Explained Playlist: http://bit.ly/2XMuJmL

In this video, we break down and explain an Any% speedrun of Untitled Goose Game. This speedrun is incredibly short, due to both the skill demonstrated by yisk, and the ability to phase through barriers as a goose to skip straight to the end. Don't let that fool you though, this speedrun may be short, but it's definitely intense.

#UntitledGooseGame #GooseGame #Speedrun"
"j-jSW0V9qXo","Speedrun of The Elder Scrolls IV: Oblivion (SPEEDRUN EXPLAINED - No Out-of-Bounds)","tomatoanus","2019-11-01","2019-11-02","https://i.ytimg.com/vi/j-jSW0V9qXo/hqdefault.jpg","sandy's No OoB World Record - https://youtu.be/VnCBK9DebqY
Commentary free version of this run - https://youtu.be/kMLT510NxQI
GarishGoblin's Any% World Record - https://youtu.be/hSYY4k52GEs
sandy's Twitch channel - https://www.twitch.tv/sandyx

Full script - http://bit.ly/2WsJKuq

Patreon: https://www.patreon.com/tomatoanus
Twitch: http://bit.ly/2XKFQN7
Twitter: http://bit.ly/2XgMcqs
Shirts: http://bit.ly/2XlnGot
Discord: https://discord.gg/tomatoanus

Speedruns Explained Playlist: http://bit.ly/2XMuJmL

In this video, we break down and explain a speedrun of the Elder Scrolls IV: Oblivion, more specifically the No Out-of-Bounds category. This speedrun is fast paced, utilizing glitches to move at superhuman speeds, and to also transport ourselves around the map, all without going out-of-bounds.

#Oblivion #ElderScrolls #Speedrun"
"5gxl0YkDgHs","How speedrunners beat Prey (2017) in under 7 minutes (SPEEDRUN EXPLAINED - Any%)","tomatoanus","2019-10-12","2019-10-12","https://i.ytimg.com/vi/5gxl0YkDgHs/hqdefault.jpg","Video Sponsored by Ridge Wallet:
https://www.ridge.com/ANUS
Use Code ‚ÄúANUS‚Äù for 10% off your order

seeker's Any% World Record - https://youtu.be/pRgei-2_Fq4
Commentary free version of this run - https://youtu.be/yPCnqmo7tug
LifeL1ke's No Out-of-Bounds World Record - https://youtu.be/zccWhrceMM0
seeker's YouTube Channel - https://www.youtube.com/channel/UC46lGUsrIR98kBKW3vuX7sg

Patreon: https://www.patreon.com/tomatoanus
Twitch: http://bit.ly/2XKFQN7
Twitter: http://bit.ly/2XgMcqs
Shirts: http://bit.ly/2XlnGot
Discord: https://discord.gg/tomatoanus

Speedruns Explained Playlist: http://bit.ly/2XMuJmL

Prey 2017 has a relatively short Any% speedrun, while remaining an incredibly deep and rewarding run. For this video, I teamed up with seeker (the current Prey 2017 Any% world record holder) a third time to finish out the speedrun explained trilogy, and to do our best to explain this intense run.

1:15 - Hi, it looks like you understand how the asterisk thing works.

2:09 - This run is performed on version 1.0, which is a downpatched version of the game.

2:24 - Also, when we speedrun this game, we load a speedrun save to perform the run. This save file is setup so that two Psi Hypos will spawn in a locker near the start of the run, avoiding having to reset non-stop just to get the items to spawn. For the sake of the video though, the main menu and intro of the game are included before cutting to the first segment of the run, where seeker loaded the pre-made save.

2:34 - When we‚Äôre on top of the shelves, we‚Äôre technically in a crouched state, but we can still sprint, allowing for us to leap across the gap to the door with the chair on it.

4:42 - Doing this stairs slide is super useful since we run out of stamina just as we get to it, and allows us to continue moving fast without sprinting.

5:16 - Clipping with the GLOO Cannon is actually settings dependent; you have to run the game with your ‚ÄòObject Detail‚Äô setting on at least ‚ÄòMedium‚Äô (no other settings in the game matter). The reason for this, is that the hitbox of objects is dependent on what the object detail setting is set to. If the setting isn‚Äôt on medium or higher, then the hitbox of the glob won‚Äôt extend into the wall.

8:52 - Once out-of-bounds, we drop down onto a ledge and slide to avoid bumping into a rock that‚Äôs hard to see, but is still there and has collision.

10:08 - If for some reason we don‚Äôt get three of each, we can perform a glitch where we recycle whatever material of which we don‚Äôt have three, but split the stack in half in the recycling section. This will give us more material out than we put in. This is why we play on version 1.0, because Arkane made sure their mass balance equations were working in the next patch.

#Prey #Prey2017 #Speedrun"
"PdpZ43Wdoi4","Speedrun of Dishonored (SPEEDRUN EXPLAINED - Any%)","tomatoanus","2019-09-14","2019-09-14","https://i.ytimg.com/vi/PdpZ43Wdoi4/hqdefault.jpg","seeker's Any% World Record - https://youtu.be/DdjCajQNdgQ
Commentary free version of this run - https://youtu.be/DyEhNszVMB8
Fripic's Legacy World Record - https://youtu.be/ruAMKThz1Tg
seeker's YouTube Channel - https://www.youtube.com/channel/UC46lGUsrIR98kBKW3vuX7sg

Patreon: https://www.patreon.com/tomatoanus
Twitch: https://www.twitch.tv/tomatoanus
Twitter: https://twitter.com/tomatoanus
Shirts: https://teespring.com/stores/tomatoanus
Discord: https://discord.gg/tomatoanus

Speedruns Explained Playlist: http://bit.ly/2XMuJmL

The Any% speedrun for Dishonored is fast paced and full of several movement glitches. For this video, I teamed up with seeker (the current Dishonored Any% world record holder) a second time to do our best to explain this entertaining speedrun.

6:27 - This elevator only works on the 1.2 patch (or earlier), since we also clip through the ceiling by holding ‚ÄòShift‚Äô and a directional key.

6:45 - The jump at this moment onto the pipe has its climbing animation skipped thanks to precise positioning and scroll-jumping, as mentioned in the commentary.

7:15 - Alternatively, you can perform the Sewer Leap at 30 FPS if you don‚Äôt have a free-scrolling mouse wheel. Playing at 30 FPS makes the jump easier since you have to send fewer inputs at a lower FPS.

7:20 - At one point, we drop down onto a big rock, and are sure to land more towards the middle of the rock. If we land near the edge of the rock, we‚Äôll fall too far, causing for us to die from fall damage.

7:33 - Overall, all this out-of-bounds work saves approximately 26 seconds in the sewers area compared to staying in-bounds. I was careful with my wording when I said ‚Äú26 seconds in the sewers area‚Äù because overall, it actually saves even more time.  By going out-of-bounds, we skip picking up both our sword and crossbow. In Dishonored, you run faster when you don‚Äôt have your sword out, which was utilized in old routes by performing a glitch called ‚ÄòSwordless.‚Äô Swordless was performed by pressing right click during the sword flourish that Corvo performs whenever you put away your sword. Because we skip picking up the sword and crossbow, we never actually have the sword and never have to perform swordless.

10:31 - When we reach the end of the Void, we grab the rune, but rather than use it to level up an ability right away, we press escape and save using it until we exit, so that we can use the rune to level up Agility.

10:42 - After we exit the Void, you‚Äôll hear the blink sound while the screen is still black. This is seeker spamming the blink button so that he doesn‚Äôt have to switch to blink after he gains control of Corvo.

12:30 - We also are able to blink over the Wall of Light with a precise blink; a little too far to the left or too low and you die from it.

12:58 - Also, when seeker threw the springrazor, he also crouched so he could pickpocket the guy before he died, allowing us to obtain the ‚ÄòBlackmail Journal.‚Äô

15:47 - When seeker interacts with the door to enter this area, he is sure not to spam F to interact. If he does so, it can create a ‚Äúwrong warp‚Äù where later in the mission when we rescue Emily, interacting with the door we use to exit will actually return us to this first door, losing time.

16:03 - Upon entering, we immediately lift the master key off of Madame Prudence. We then will grab a nearby rune, level up blink to level two (increasing our blink distance), and enter into a big lobby area.

18:40 - Damage boosts in Dishonored are FPS dependant, so seeker waits for as long as possible in the loading screen before the boost to make sure his game doesn‚Äôt have any FPS issues.

24:45 - The water in this section isn‚Äôt actually everywhere in the out-of-bounds; if you go a bit lower than where seeker is, you‚Äôll fall into the void and die.

#Dishonored #Speedrun"
"ALUkiInHuZU","Speedrun of DOOM (2016) (SPEEDRUN EXPLAINED - Any%)","tomatoanus","2019-08-24","2019-08-24","https://i.ytimg.com/vi/ALUkiInHuZU/hqdefault.jpg","seeker's Any% World Record - https://youtu.be/OZ8n0NMvWqQ
Commentary free version of this run - https://youtu.be/Wh4Gm89sRpk
byteme's 100% Ultra-Nightmare World Record - https://youtu.be/Aqy_dHsLcaE
seeker's YouTube Channel - https://www.youtube.com/channel/UC46lGUsrIR98kBKW3vuX7sg

Patreon: https://www.patreon.com/tomatoanus
Twitch: https://www.twitch.tv/tomatoanus
Twitter: https://twitter.com/tomatoanus
Shirts: https://teespring.com/stores/tomatoanus
Discord: https://discord.gg/tomatoanus

Speedruns Explained Playlist: http://bit.ly/2XMuJmL

DOOM 2016 is a fast paced and intense speedrun. For this video, I teamed up with seeker, current DOOM Any% world record holder to bring you a video breaking down the speedrun as it's happening.

3:10 - This is why we run the game with all the settings I just went over, and try to maintain a steady 200 FPS. Railboosting at FPSs lower than 200 just won‚Äôt cut it.

3:31 - seeker makes everything in the game look so simple to do, but really, it isn‚Äôt. That being said, I implore you to learn the speedrun of this game, because it is actually really fun to learn and to practice. I myself haven‚Äôt actually completed a full run yet, but I‚Äôve been learning it on and off for about two months now and enjoy every second of practice with this game. It‚Äôs just a game that lends itself really well to speedruns.

3:55 - He also hugs the left wall to avoid getting hit by a Possessed, which saves time since the enemy won‚Äôt have to recover from the animation before turning back towards seeker afterwards.

4:26 - seeker discharges 12 times in a row, which is to time out how far he‚Äôs running since he has no visual frame of reference while out-of-bounds in this level.

4:46 - You may also be asking how we have both jump and mod bound to the scroll wheel, and the answer to that is pretty simple. DOOM 2016 allows the player to bind actions to both ‚ÄòScroll Wheel Up‚Äô and ‚ÄòScroll Wheel Down,‚Äô so we bind jump to one and mod to the other.

5:36 - Like most PC speedruns, DOOM‚Äôs leaderboard is organized by in-game time, taking into account how long each individual‚Äôs loading screens are. Loading screens aren‚Äôt counted into your final time due to hardware differences between PCs, so it‚Äôs worth it to access another loading screen if it skips having to wait for something in real time.

15:49 - I should reiterate that when he‚Äôs damaging Possessed to setup GK clips, the body parts that seeker shoots are very intentional. The Possessed have to be in a specific animation with a specific GK performed in order to perform each individual clip.

#DOOM #DOOM2016 #Speedrun"
"U6elxbBlH7c","Speedrun to be a pirate in Fallout 4 (SPEEDRUN EXPLAINED - World Record)","tomatoanus","2019-07-13","2019-07-13","https://i.ytimg.com/vi/U6elxbBlH7c/hqdefault.jpg","Patreon: https://www.patreon.com/tomatoanus
Twitch: http://bit.ly/2XKFQN7
Twitter: http://bit.ly/2XgMcqs
Shirts: http://bit.ly/2XlnGot
Discord: https://discord.gg/tomatoanus

This is a brand new category for Fallout 4 speedrunning that has been joked around about for awhile, but is just now having runs completed. This speedrun ended up being a world record, despite me not liking this category at all. And don't worry, as the speedrun is explained in the video, I don't make any pirate puns.

Speedruns Explained Playlist: http://bit.ly/2XMuJmL

In-game time: 11:05.2
Real time: 13:33

Original audio version: https://youtu.be/47wnsAzLNSw?t=51
Only game audio version: https://youtu.be/1b2J9JyP9fc

#Fallout #Fallout4 #Speedrun"
"ap2NNVLaYH0","Speedrun of Fallout: New Vegas w/ New Glitch (SPEEDRUN EXPLAINED - Any%)","tomatoanus","2019-06-15","2019-06-15","https://i.ytimg.com/vi/ap2NNVLaYH0/hqdefault.jpg","Patreon: https://www.patreon.com/tomatoanus
Twitch: http://bit.ly/2XKFQN7
Twitter: http://bit.ly/2XgMcqs
Shirts: http://bit.ly/2XlnGot
Discord: https://discord.gg/tomatoanus

There's a newly discovered glitch in Fallout: New Vegas that saves approximately 90 seconds in the Any% speedrun. In this video, we go over what the new glitch is, explain how it works, and how it was found. I recommend you watch an earlier run of New Vegas (link below) if you're unfamiliar with the speedrun in its entirety. This video is mostly dedicated to the new glitch and its repercussions on the run.

Older New Vegas Any% Run (Watch First): https://youtu.be/Qtk9o8t5Zq4
Akarion's Glitchless World Record: https://youtu.be/KAdN8PQuyok
Only game audio version: https://youtu.be/oDdwb0MJQuU?t=630
Infinite Dash Save File: http://bit.ly/2IjtiY1
Speedruns Explained Playlist: http://bit.ly/2XMuJmL

In-game time: 11:28
Real time: 14:12

#Fallout #NewVegas #Speedrun"
"hU33tbi-83c","Speedrunning the Fallout Series, back-to-back (SPEEDRUN EXPLAINED)","tomatoanus","2019-06-01","2019-06-01","https://i.ytimg.com/vi/hU33tbi-83c/hqdefault.jpg","Patreon: https://www.patreon.com/tomatoanus
Twitch: https://www.twitch.tv/tomatoanus
Twitter: https://twitter.com/tomatoanus
Shirts: https://teespring.com/stores/tomatoanus
Discord: https://discord.gg/tomatoanus

ItsJabo's Glitchless Speedrun: https://youtu.be/b1CCF4xW4KM

This speedrun consists of beating each of the main games in the Fallout Series, back-to-back. Or, more like back-to-back-to-back-to-back-to-back. This run only consists of Fallout 1, 2, 3, New Vegas, and 4, for reasons explained early on in the video. This world record is pretty solid, but is improvable. Don't believe I'll work on improving it for awhile though.

In-game time: 1:27:38
Real time: 1:44:57

Original audio version: https://youtu.be/QoAQWYKja2c
Only game audio version: https://youtu.be/mti76wgrS_A

Timestamps to each individual game:
Fallout 1 - 0:28
Fallout 2 - 7:43
Fallout 3 - 20:28
Fallout: New Vegas - 36:21
Fallout 4 - 52:51

#Fallout #Speedrun"
"ruD-0vg8JyM","Glitchless Speedrun of Fallout 4 (SPEEDRUN EXPLAINED)","tomatoanus","2019-05-19","2019-04-20","https://i.ytimg.com/vi/ruD-0vg8JyM/hqdefault.jpg","Patreon: https://www.patreon.com/tomatoanus
Twitch: https://www.twitch.tv/tomatoanus
Twitter: https://twitter.com/tomatoanus
Shirts: https://teespring.com/stores/tomatoanus
Discord: https://discord.gg/tomatoanus

Glitchless Speedrun of Fallout 4 (Heavy Commentary)...
Wanted to have a change of pace for how I presented this new world record, seeing as doing heavy commentary in my usual format for this run would be almost two hours long. The run itself was pretty decent, not perfect and definitely improvable. Not too sure I want to grind this category though, will probably only improve upon this run if new strats are found or my run is contested.

Original audio version: https://youtu.be/JG_N-T7KT2k
Only game audio version: https://youtu.be/ezabODba_co

In-game time: 1:33:36.43
Real time: 1:44:35.06"
"MVaNNzX5ljA","Speedrun to overdose Mama Murphy in Fallout 4 (SPEEDRUN EXPLAINED - World Record)","tomatoanus","2019-05-18","2019-05-18","https://i.ytimg.com/vi/MVaNNzX5ljA/hqdefault.jpg","Patreon: https://www.patreon.com/tomatoanus
Twitch: https://www.twitch.tv/tomatoanus
Twitter: https://twitter.com/tomatoanus
Shirts: https://teespring.com/stores/tomatoanus
Discord: https://discord.gg/tomatoanus

This is a speedrun to cause Mama Murphy to overdose in Fallout 4. This category is a fun idea, but not the most riveting run in execution. The one part that makes it a unique category is the restocking glitch that is performed to respawn chems in the cooler. The actual run in the video wasn‚Äôt awful, but could probably be brought down to about 15:35 if you get lucky and play well.

In-game time: 15:59
Real time: 19:36

Original audio version: https://youtu.be/PfDyc7BUP0E
Only game audio version: https://youtu.be/YCr6p8b9I_A"
"ab5GoI49JRI","Speedrun to sleep with everyone in Fallout New Vegas (SPEEDRUN EXPLAINED)","tomatoanus","2019-05-11","2019-05-11","https://i.ytimg.com/vi/ab5GoI49JRI/hqdefault.jpg","20% OFF Manscaped + Free Shipping code TOMATO at https://bit.ly/2LtKL3y

Patreon: https://www.patreon.com/tomatoanus
Twitch: https://www.twitch.tv/tomatoanus
Twitter: https://twitter.com/tomatoanus
Shirts: https://teespring.com/stores/tomatoanus
Discord: https://discord.gg/tomatoanus

This is a speedrun to sleep with all 12 sleeping partners in Fallout New Vegas. Speedrunning this category is a nice change of pace from typical New Vegas speedruns, due to the increased number of glitches used, and how unique the route is. This run was solid, but far from perfect. However, I'm content with the run despite knowing it can be lowered by around a minute.

In-game time: 28:38
Real time: 31:13

Original audio version: https://youtu.be/rDFOgNgZWqM?t=200
Only game audio version: https://youtu.be/2_3RbvcW98E?t=200"
"2WhLkLD9P9w","Speedrunning to have sex in the Fallout series (SPEEDRUN EXPLAINED - World Record)","tomatoanus","2019-02-03","2019-02-03","https://i.ytimg.com/vi/2WhLkLD9P9w/hqdefault.jpg","ItsJabo's Twitch: https://www.twitch.tv/itsjabo
ItsJabo's YouTube: https://www.youtube.com/user/jabotbx

Patreon: https://www.patreon.com/tomatoanus
Twitch: https://www.twitch.tv/tomatoanus
Twitter: https://twitter.com/tomatoanus
Shirts: https://teespring.com/stores/tomatoanus

This is a speedrun to have sex in each of the main games in the Fallout series (Fallout 1, 2, 3, New Vegas, and 4). Speedrunning this category is fun because of how quickly you switch games, but at the same time exhausting because of how quickly you switch games. This run is pretty good overall and I'm content with it. Some mistakes here and there, but the overall quality is pretty good. Could probably be pushed down another 30 seconds if I grinded it extensively.

In-game time: 23:07
Real time: 27:25"
"Qtk9o8t5Zq4","Fallout: New Vegas Beaten in Under 13 Minutes (SPEEDRUN EXPLAINED - Any%)","tomatoanus","2019-01-22","2018-12-01","https://i.ytimg.com/vi/Qtk9o8t5Zq4/hqdefault.jpg","Patreon: https://www.patreon.com/tomatoanus
Twitch: https://www.twitch.tv/tomatoanus
Twitter: https://twitter.com/tomatoanus
Shirts: https://teespring.com/stores/tomatoanus

This was officially my 666th total attempt for New Vegas Any%, no joke. Decided around Thanksgiving to decide to grind this run to under 13 minutes, and took about five streams of grinding. New Vegas is a really fun run, and I enjoy doing it, but it's incredibly exhausting compared to some other runs. Probably won't do runs of this category for awhile, which is ok.

Keyboard is Corsair K55 RGB and mouse is Logitech G502.

In-game time: 12:53
Real time: 14:53

Game audio only version: https://youtu.be/Z7mvoc68Ut0

Leaderboard: http://www.speedrun.com/fallout_nv"
"x5wimIN-Ecc","Fallout 3 Speedrun in 15 Minutes (SPEEDRUN EXPLAINED - Any%)","tomatoanus","2019-01-22","2018-12-22","https://i.ytimg.com/vi/x5wimIN-Ecc/hqdefault.jpg","Patreon: https://www.patreon.com/tomatoanus
Twitch: https://www.twitch.tv/tomatoanus
Twitter: https://twitter.com/tomatoanus
Shirts: https://teespring.com/stores/tomatoanus

As I noted in the beginning of the vid, I was sick when recording the commentary for this run, so I apologize if my voice sounds hoarse or I sound congested.

The speedrun of Fallout 3 is one of my favorites, but I've never posted a personal best of mine with heavy commentary thoroughly explaining the run. It's a pretty straightforward and easy to follow run once you know the basics, but the problem is the basics are a bit esoteric. My intentions with this video are to show via heavy commentary that Fallout 3 is a pretty fast paced and fun run, especially from the point where you enter Little Lamplight until the end.

In-game time: 14:52
Real time: 15:06

Leaderboard: http://www.speedrun.com/Fallout_3"
"MjstV8qloQA","Fallout 4 Beaten in Under 40 Minutes (SPEEDRUN EXPLAINED - Any%)","tomatoanus","2019-01-22","2018-04-13","https://i.ytimg.com/vi/MjstV8qloQA/hqdefault.jpg","Patreon: https://www.patreon.com/tomatoanus
Twitch: https://www.twitch.tv/tomatoanus
Twitter: https://twitter.com/tomatoanus
Shirts: https://teespring.com/stores/tomatoanus

Really good run, took hundreds upon hundreds of attempts to get a run with all the hard loadwarps first try and a pace like this one, with this being only the second of all the runs I did that had a good Kellogg slide. First ever sub 40 run and I'm very proud of it, it definitely was not easy. Really don't like the state this run puts any% in though because of how annoying the loadwarps are, but worth it for the 39. Even without the new strats I incorporated, it's the best speedrun of Fallout 4 to date. Maybe the most proud I've been of a world record, or run in general of mine.

In-game time: 39:45.41
Real time: 52:47.79

Proof run happened on April 11th, 2018/Commentary-Free Version: https://youtu.be/CRDhc64_T0k

Leaderboard: http://www.speedrun.com/Fallout_4"
