"Playlist URL","https://www.youtube.com/playlist?list=PLM03VPTxa5E1YBYU4PZJX0X8g7gNdcv0P"
"Playlist title","Viva Pinata: Trouble in Paradise"
"Playlist author","Stumpt"
"Videos","79"

"Video ID","Title","Channel","Added At","Published At","Thumbnail URL","Description"
"d2cDFEL2VtY","Viva Pinata: Trouble in Paradise - #1 - Welcome Back (Rare Replay Co-op Gameplay)","Stumpt","2015-08-05","2015-08-05","https://i.ytimg.com/vi/d2cDFEL2VtY/hqdefault.jpg","We're back in the garden in Viva Pinata: Trouble in Paradise! Ash and Price are now playing Co-op! And having fun learning all the new pinatas... like the Bispotti! Cute!

Ash and Price return the wonderful garden full of lively and wonderful Pinatas in the sequel Rare's Xbox 360 Viva Pinata. There are more Pinatas and places to explore, like the icy Pinartic and warm arid,  Dessert Desert.

► Follow us:
  ●Reddit: http://www.reddit.com/r/Stumpt/
  ●Twitter: http://twitter.com/stumptgames
  ●Facebook: http://www.facebook.com/StumptGamers
  ●Podcast & Blog: http://www.StumptGamers.com
  ●Stumpt Gamers: PO Box 83914, PORTLAND OR 97283

Find out more about this game here: http://www.vivapinata.com/"
"CdwRDCOiYS0","Viva Pinata: Trouble in Paradise - #2 - Beginning Breeding","Stumpt","2015-08-06","2015-08-06","https://i.ytimg.com/vi/CdwRDCOiYS0/hqdefault.jpg","We start breeding the Bispotti! And we start learning just how much easier the game really is in Co-op. We can do things so easily now!

Ash and Price return the wonderful garden full of lively and wonderful Pinatas in the sequel Rare's Xbox 360 Viva Pinata. There are more Pinatas and places to explore, like the icy Pinartic and warm arid,  Dessert Desert.

► Follow us:
  ●Reddit: http://www.reddit.com/r/Stumpt/
  ●Twitter: http://twitter.com/stumptgames
  ●Facebook: http://www.facebook.com/StumptGamers
  ●Podcast & Blog: http://www.StumptGamers.com
  ●Stumpt Gamers: PO Box 83914, PORTLAND OR 97283

Find out more about this game here: http://www.vivapinata.com/

Production Music courtesy of Epidemic Sound: http://www.epidemicsound.com"
"FsdQRMPs8YE","Viva Pinata: Trouble in Paradise - #3 - Piñarctic","Stumpt","2015-08-08","2015-08-08","https://i.ytimg.com/vi/FsdQRMPs8YE/hqdefault.jpg","We venture on to the Piñarctic! And we have our hearts set on capturing the super cute Robean!

► Follow us:
  ●Reddit: http://www.reddit.com/r/Stumpt/
  ●Twitter: http://twitter.com/stumptgames
  ●Facebook: http://www.facebook.com/StumptGamers
  ●Podcast & Blog: http://www.StumptGamers.com
  ●Stumpt Gamers: PO Box 83914, PORTLAND OR 97283

Find out more about this game here: http://www.vivapinata.com/

Production Music courtesy of Epidemic Sound: http://www.epidemicsound.com"
"XyCSic8AON0","Viva Pinata: Trouble in Paradise - #4 - Got a Stew Goin'","Stumpt","2015-08-11","2015-08-11","https://i.ytimg.com/vi/XyCSic8AON0/hqdefault.jpg","Price learns how to use his Rainbow Magic to tinker things! You take a radish, add some magic, and you got a stew goin!

► Follow us:
  ●Reddit: http://www.reddit.com/r/Stumpt/
  ●Twitter: http://twitter.com/stumptgames
  ●Facebook: http://www.facebook.com/StumptGamers
  ●Podcast & Blog: http://www.StumptGamers.com
  ●Stumpt Gamers: PO Box 83914, PORTLAND OR 97283

Find out more about this game here: http://www.vivapinata.com/

Production Music courtesy of Epidemic Sound: http://www.epidemicsound.com"
"IeERZ9XN9os","Viva Pinata: Trouble in Paradise - #5 - F-I-G-G-Y","Stumpt","2015-08-13","2015-08-13","https://i.ytimg.com/vi/IeERZ9XN9os/hqdefault.jpg","HELP NAME OUR PINATAS: https://www.reddit.com/r/Stumpt/comments/3gtluz/viva_pinata_trouble_in_paradise_pinata_name/

We ""restart"" the garden because we didn't save the last time :(
But we do manage to get a Fudgehog! And he's named Figgy!

► Follow us:
  ●Reddit: http://www.reddit.com/r/Stumpt/
  ●Twitter: http://twitter.com/stumptgames
  ●Facebook: http://www.facebook.com/StumptGamers
  ●Podcast & Blog: http://www.StumptGamers.com
  ●Stumpt Gamers: PO Box 83914, PORTLAND OR 97283

Find out more about this game here: http://www.vivapinata.com/

Production Music courtesy of Epidemic Sound: http://www.epidemicsound.com"
"_NkL72-rgOA","Viva Pinata: Trouble in Paradise - #6 - It's Twins!","Stumpt","2015-08-15","2015-08-15","https://i.ytimg.com/vi/_NkL72-rgOA/hqdefault.jpg","Ash and Price learn about getting a bonus Pinata when they get TWINS! We also try our best to get a Lemmoning.

HELP NAME OUR PINATAS: https://www.reddit.com/r/Stumpt/comments/3gtluz/viva_pinata_trouble_in_paradise_pinata_name/


► Follow us:
  ●Reddit: http://www.reddit.com/r/Stumpt/
  ●Twitter: http://twitter.com/stumptgames
  ●Facebook: http://www.facebook.com/StumptGamers
  ●Podcast & Blog: http://www.StumptGamers.com
  ●Stumpt Gamers: PO Box 83914, PORTLAND OR 97283

Find out more about this game here: http://www.vivapinata.com/

Production Music courtesy of Epidemic Sound: http://www.epidemicsound.com"
"2sgwf71j6e0","Viva Pinata: Trouble in Paradise - #7 - Exploding Pinatas!","Stumpt","2015-08-18","2015-08-18","https://i.ytimg.com/vi/2sgwf71j6e0/hqdefault.jpg","We finish up the Bispotti's, get and Apple Tree, and we keep on trying to get a Lemmoning!

HELP NAME OUR PINATAS: https://www.reddit.com/r/Stumpt/comments/3gtluz/viva_pinata_trouble_in_paradise_pinata_name/


► Follow us:
  ●Reddit: http://www.reddit.com/r/Stumpt/
  ●Twitter: http://twitter.com/stumptgames
  ●Facebook: http://www.facebook.com/StumptGamers
  ●Podcast & Blog: http://www.StumptGamers.com
  ●Stumpt Gamers: PO Box 83914, PORTLAND OR 97283

Find out more about this game here: http://www.vivapinata.com/

Production Music courtesy of Epidemic Sound: http://www.epidemicsound.com"
"NV2WB5UUFkM","Viva Pinata: Trouble in Paradise - #8 - Colorful Romancing","Stumpt","2015-08-20","2015-08-20","https://i.ytimg.com/vi/NV2WB5UUFkM/hqdefault.jpg","We start romancing some Whirlms! And we get to work on getting more Mousemallows and more Sweetles!

HELP NAME OUR PINATAS: https://www.reddit.com/r/Stumpt/comments/3gtluz/viva_pinata_trouble_in_paradise_pinata_name/


► Follow us:
  ●Reddit: http://www.reddit.com/r/Stumpt/
  ●Twitter: http://twitter.com/stumptgames
  ●Facebook: http://www.facebook.com/StumptGamers
  ●Podcast & Blog: http://www.StumptGamers.com
  ●Stumpt Gamers: PO Box 83914, PORTLAND OR 97283

Find out more about this game here: http://www.vivapinata.com/

Production Music courtesy of Epidemic Sound: http://www.epidemicsound.com"
"12Kd0AJT6uA","Viva Pinata: Trouble in Paradise - #9 - Color the Mice","Stumpt","2015-08-22","2015-08-22","https://i.ytimg.com/vi/12Kd0AJT6uA/hqdefault.jpg","Ash and Price spend some time turning the mousemallows Green and Blue!

HELP NAME OUR PINATAS: https://www.reddit.com/r/Stumpt/comments/3gtluz/viva_pinata_trouble_in_paradise_pinata_name/


► Follow us:
  ●Reddit: http://www.reddit.com/r/Stumpt/
  ●Twitter: http://twitter.com/stumptgames
  ●Facebook: http://www.facebook.com/StumptGamers
  ●Podcast & Blog: http://www.StumptGamers.com
  ●Stumpt Gamers: PO Box 83914, PORTLAND OR 97283

Find out more about this game here: http://www.vivapinata.com/

Production Music courtesy of Epidemic Sound: http://www.epidemicsound.com"
"n3RAtVWEQug","Viva Pinata: Trouble in Paradise - #10 - Getting Pestered","Stumpt","2015-08-25","2015-08-25","https://i.ytimg.com/vi/n3RAtVWEQug/hqdefault.jpg","Oh no! Professor Pester is in our garden and we can't get rid of him! Which Pinata is he going to whack?!

HELP NAME OUR PINATAS: https://www.reddit.com/r/Stumpt/comments/3gtluz/viva_pinata_trouble_in_paradise_pinata_name/


► Follow us:
  ●Reddit: http://www.reddit.com/r/Stumpt/
  ●Twitter: http://twitter.com/stumptgames
  ●Facebook: http://www.facebook.com/StumptGamers
  ●Podcast & Blog: http://www.StumptGamers.com
  ●Stumpt Gamers: PO Box 83914, PORTLAND OR 97283

Find out more about this game here: http://www.vivapinata.com/

Production Music courtesy of Epidemic Sound: http://www.epidemicsound.com"
"AeDyDvLCzt8","Viva Pinata: Trouble in Paradise - #11 - Making Mice","Stumpt","2015-08-27","2015-08-27","https://i.ytimg.com/vi/AeDyDvLCzt8/hqdefault.jpg","Ash and Price focus on breeding the Mousemallows, and trying to catch another Robean. Except the Robean is playing hard to get!

HELP NAME OUR PINATAS: https://www.reddit.com/r/Stumpt/comments/3gtluz/viva_pinata_trouble_in_paradise_pinata_name/


► Follow us:
  ●Reddit: http://www.reddit.com/r/Stumpt/
  ●Twitter: http://twitter.com/stumptgames
  ●Facebook: http://www.facebook.com/StumptGamers
  ●Podcast & Blog: http://www.StumptGamers.com
  ●Stumpt Gamers: PO Box 83914, PORTLAND OR 97283

Find out more about this game here: http://www.vivapinata.com/

Production Music courtesy of Epidemic Sound: http://www.epidemicsound.com"
"tRCrhl30MvU","Viva Pinata: Trouble in Paradise - #12 - Weed Frustrations","Stumpt","2015-08-29","2015-08-29","https://i.ytimg.com/vi/tRCrhl30MvU/hqdefault.jpg","Ash and Price nearly lose their minds from the weeds that keep replanting themselves!

HELP NAME OUR PINATAS: https://www.reddit.com/r/Stumpt/comments/3gtluz/viva_pinata_trouble_in_paradise_pinata_name/


► Follow us:
  ●Reddit: http://www.reddit.com/r/Stumpt/
  ●Twitter: http://twitter.com/stumptgames
  ●Facebook: http://www.facebook.com/StumptGamers
  ●Podcast & Blog: http://www.StumptGamers.com
  ●Stumpt Gamers: PO Box 83914, PORTLAND OR 97283

Find out more about this game here: http://www.vivapinata.com/

Production Music courtesy of Epidemic Sound: http://www.epidemicsound.com"
"yuxOMHL0FBM","Viva Pinata: Trouble in Paradise - #13 - Robean Bounces","Stumpt","2015-09-01","2015-09-01","https://i.ytimg.com/vi/yuxOMHL0FBM/hqdefault.jpg","We finally start mating the Robeans, and the way they bounce around makes it so hard to make it around the bombs!

HELP NAME OUR PINATAS: https://www.reddit.com/r/Stumpt/comments/3gtluz/viva_pinata_trouble_in_paradise_pinata_name/


► Follow us:
  ●Reddit: http://www.reddit.com/r/Stumpt/
  ●Twitter: http://twitter.com/stumptgames
  ●Facebook: http://www.facebook.com/StumptGamers
  ●Podcast & Blog: http://www.StumptGamers.com
  ●Stumpt Gamers: PO Box 83914, PORTLAND OR 97283

Find out more about this game here: http://www.vivapinata.com/

Production Music courtesy of Epidemic Sound: http://www.epidemicsound.com"
"aMAPV37M8a4","Viva Pinata: Trouble in Paradise - #14 - Fievel's Return","Stumpt","2015-09-03","2015-09-03","https://i.ytimg.com/vi/aMAPV37M8a4/hqdefault.jpg","We get our first Wildcard Pinata! Are it marks the return of Fievel!

HELP NAME OUR PINATAS: https://www.reddit.com/r/Stumpt/comments/3gtluz/viva_pinata_trouble_in_paradise_pinata_name/


► Follow us:
  ●Reddit: http://www.reddit.com/r/Stumpt/
  ●Twitter: http://twitter.com/stumptgames
  ●Facebook: http://www.facebook.com/StumptGamers
  ●Podcast & Blog: http://www.StumptGamers.com
  ●Stumpt Gamers: PO Box 83914, PORTLAND OR 97283

Find out more about this game here: http://www.vivapinata.com/

Production Music courtesy of Epidemic Sound: http://www.epidemicsound.com"
"U73Xrq__j98","Viva Pinata: Trouble in Paradise - #15 - Wildcard do-overs","Stumpt","2015-09-05","2015-09-05","https://i.ytimg.com/vi/U73Xrq__j98/hqdefault.jpg","Price and Ash struggle to get the wildcard for Robean. They have to try over and over again!

HELP NAME OUR PINATAS: https://www.reddit.com/r/Stumpt/comments/3gtluz/viva_pinata_trouble_in_paradise_pinata_name/


► Follow us:
  ●Reddit: http://www.reddit.com/r/Stumpt/
  ●Twitter: http://twitter.com/stumptgames
  ●Facebook: http://www.facebook.com/StumptGamers
  ●Podcast & Blog: http://www.StumptGamers.com
  ●Stumpt Gamers: PO Box 83914, PORTLAND OR 97283

Find out more about this game here: http://www.vivapinata.com/

Production Music courtesy of Epidemic Sound: http://www.epidemicsound.com"
"Fe-ws7LdPf0","Viva Pinata: Trouble in Paradise - #16 - Solid Snakes","Stumpt","2015-09-08","2015-09-08","https://i.ytimg.com/vi/Fe-ws7LdPf0/hqdefault.jpg","Price and Ash decide to take the fight to the Syrupents!

HELP NAME OUR PINATAS: https://www.reddit.com/r/Stumpt/comments/3gtluz/viva_pinata_trouble_in_paradise_pinata_name/


► Follow us:
  ●Reddit: http://www.reddit.com/r/Stumpt/
  ●Twitter: http://twitter.com/stumptgames
  ●Facebook: http://www.facebook.com/StumptGamers
  ●Podcast & Blog: http://www.StumptGamers.com
  ●Stumpt Gamers: PO Box 83914, PORTLAND OR 97283

Find out more about this game here: http://www.vivapinata.com/

Production Music courtesy of Epidemic Sound: http://www.epidemicsound.com"
"ipI8gBxIJO4","Viva Pinata: Trouble in Paradise - #17 - Gathering the Goods","Stumpt","2015-09-10","2015-09-10","https://i.ytimg.com/vi/ipI8gBxIJO4/hqdefault.jpg","Price and Ash hire some help to make the selling go quicker!

HELP NAME OUR PINATAS: https://www.reddit.com/r/Stumpt/comments/3gtluz/viva_pinata_trouble_in_paradise_pinata_name/


► Follow us:
  ●Reddit: http://www.reddit.com/r/Stumpt/
  ●Twitter: http://twitter.com/stumptgames
  ●Facebook: http://www.facebook.com/StumptGamers
  ●Podcast & Blog: http://www.StumptGamers.com
  ●Stumpt Gamers: PO Box 83914, PORTLAND OR 97283

Find out more about this game here: http://www.vivapinata.com/

Production Music courtesy of Epidemic Sound: http://www.epidemicsound.com"
"mFAeL2MbKpU","Viva Pinata: Trouble in Paradise - #18 - Snakes and Fire","Stumpt","2015-09-12","2015-09-12","https://i.ytimg.com/vi/mFAeL2MbKpU/hqdefault.jpg","Ash and Price finalize their snaky plans when a new pest shows up!

HELP NAME OUR PINATAS: https://www.reddit.com/r/Stumpt/comments/3gtluz/viva_pinata_trouble_in_paradise_pinata_name/


► Follow us:
  ●Reddit: http://www.reddit.com/r/Stumpt/
  ●Twitter: http://twitter.com/stumptgames
  ●Facebook: http://www.facebook.com/StumptGamers
  ●Podcast & Blog: http://www.StumptGamers.com
  ●Stumpt Gamers: PO Box 83914, PORTLAND OR 97283

Find out more about this game here: http://www.vivapinata.com/

Production Music courtesy of Epidemic Sound: http://www.epidemicsound.com"
"WgaP9Nrtxls","Viva Pinata: Trouble in Paradise - #19 - The Wild Twins","Stumpt","2015-09-15","2015-09-15","https://i.ytimg.com/vi/WgaP9Nrtxls/hqdefault.jpg","Ash and Price aim for a truly wild set of pinatas!

HELP NAME OUR PINATAS: https://www.reddit.com/r/Stumpt/comments/3gtluz/viva_pinata_trouble_in_paradise_pinata_name/


► Follow us:
  ●Reddit: http://www.reddit.com/r/Stumpt/
  ●Twitter: http://twitter.com/stumptgames
  ●Facebook: http://www.facebook.com/StumptGamers
  ●Podcast & Blog: http://www.StumptGamers.com
  ●Stumpt Gamers: PO Box 83914, PORTLAND OR 97283

Find out more about this game here: http://www.vivapinata.com/

Production Music courtesy of Epidemic Sound: http://www.epidemicsound.com"
"DCkngQUzsvA","Viva Pinata: Trouble in Paradise - #20 - Sabotage!","Stumpt","2015-09-17","2015-09-17","https://i.ytimg.com/vi/DCkngQUzsvA/hqdefault.jpg","Price and Ash are sabotaged by a nefarious character (and technical issues)!

HELP NAME OUR PINATAS: https://www.reddit.com/r/Stumpt/comments/3gtluz/viva_pinata_trouble_in_paradise_pinata_name/


► Follow us:
  ●Reddit: http://www.reddit.com/r/Stumpt/
  ●Twitter: http://twitter.com/stumptgames
  ●Facebook: http://www.facebook.com/StumptGamers
  ●Podcast & Blog: http://www.StumptGamers.com
  ●Stumpt Gamers: PO Box 83914, PORTLAND OR 97283

Find out more about this game here: http://www.vivapinata.com/

Production Music courtesy of Epidemic Sound: http://www.epidemicsound.com"
"AC-sWNHiKtM","Viva Pinata: Trouble in Paradise - #21 - They Call it a Mine!","Stumpt","2015-09-19","2015-09-19","https://i.ytimg.com/vi/AC-sWNHiKtM/hqdefault.jpg","Ash and Price decide it's time to dig deep!

HELP NAME OUR PINATAS: https://www.reddit.com/r/Stumpt/comments/3gtluz/viva_pinata_trouble_in_paradise_pinata_name/


► Follow us:
  ●Reddit: http://www.reddit.com/r/Stumpt/
  ●Twitter: http://twitter.com/stumptgames
  ●Facebook: http://www.facebook.com/StumptGamers
  ●Podcast & Blog: http://www.StumptGamers.com
  ●Stumpt Gamers: PO Box 83914, PORTLAND OR 97283

Find out more about this game here: http://www.vivapinata.com/

Production Music courtesy of Epidemic Sound: http://www.epidemicsound.com"
"1Cmzc-LZeLM","Viva Pinata: Trouble in Paradise - #22 - Crusty Crabs!","Stumpt","2015-09-22","2015-09-22","https://i.ytimg.com/vi/1Cmzc-LZeLM/hqdefault.jpg","Ash and Price focus on those crusty crabs!

VOTE FOR DRAGONACHE: https://www.reddit.com/r/Stumpt/comments/3luue9/viva_pinata_vote_for_dragonache_variant/


► Follow us:
  ●Reddit: http://www.reddit.com/r/Stumpt/
  ●Twitter: http://twitter.com/stumptgames
  ●Facebook: http://www.facebook.com/StumptGamers
  ●Podcast & Blog: http://www.StumptGamers.com
  ●Stumpt Gamers: PO Box 83914, PORTLAND OR 97283

Find out more about this game here: http://www.vivapinata.com/

Production Music courtesy of Epidemic Sound: http://www.epidemicsound.com"
"Stq5pvW0gdg","Viva Pinata: Trouble in Paradise - #23 - Talkadoculus","Stumpt","2015-09-24","2015-09-24","https://i.ytimg.com/vi/Stq5pvW0gdg/hqdefault.jpg","Ash and Price get their first piece to resurrecting a massive pinata!

VOTE FOR DRAGONACHE: https://www.reddit.com/r/Stumpt/comments/3luue9/viva_pinata_vote_for_dragonache_variant/

VOTE FOR CHOCODOCULUS:
https://www.reddit.com/r/Stumpt/comments/3gw41j/what_choclodocus_parts_do_you_want_them_to_use/

► Follow us:
  ●Reddit: http://www.reddit.com/r/Stumpt/
  ●Twitter: http://twitter.com/stumptgames
  ●Facebook: http://www.facebook.com/StumptGamers
  ●Podcast & Blog: http://www.StumptGamers.com
  ●Stumpt Gamers: PO Box 83914, PORTLAND OR 97283

Find out more about this game here: http://www.vivapinata.com/

Production Music courtesy of Epidemic Sound: http://www.epidemicsound.com"
"kXx-k8Uodjg","Viva Pinata: Trouble in Paradise - #24 - Love in the Time of Turtles","Stumpt","2015-09-26","2015-09-26","https://i.ytimg.com/vi/kXx-k8Uodjg/hqdefault.jpg","Ash and Price make it their mission to get those cherrapin's mating!

VOTE FOR DRAGONACHE: https://www.reddit.com/r/Stumpt/comments/3luue9/viva_pinata_vote_for_dragonache_variant/

VOTE FOR CHOCODOCULUS:
https://www.reddit.com/r/Stumpt/comments/3gw41j/what_choclodocus_parts_do_you_want_them_to_use/

► Follow us:
  ●Reddit: http://www.reddit.com/r/Stumpt/
  ●Twitter: http://twitter.com/stumptgames
  ●Facebook: http://www.facebook.com/StumptGamers
  ●Podcast & Blog: http://www.StumptGamers.com
  ●Stumpt Gamers: PO Box 83914, PORTLAND OR 97283

Find out more about this game here: http://www.vivapinata.com/

Production Music courtesy of Epidemic Sound: http://www.epidemicsound.com"
"tLOiUmRggCQ","Viva Pinata: Trouble in Paradise - #25 - Ruff Days, Tuff Nights","Stumpt","2015-09-29","2015-09-29","https://i.ytimg.com/vi/tLOiUmRggCQ/hqdefault.jpg","Ash and Price are under an endless assault of Ruffians!

VOTE FOR DRAGONACHE: https://www.reddit.com/r/Stumpt/comments/3luue9/viva_pinata_vote_for_dragonache_variant/

VOTE FOR CHOCODOCULUS:
https://www.reddit.com/r/Stumpt/comments/3gw41j/what_choclodocus_parts_do_you_want_them_to_use/

► Follow us:
  ●Reddit: http://www.reddit.com/r/Stumpt/
  ●Twitter: http://twitter.com/stumptgames
  ●Facebook: http://www.facebook.com/StumptGamers
  ●Podcast & Blog: http://www.StumptGamers.com
  ●Stumpt Gamers: PO Box 83914, PORTLAND OR 97283

Find out more about this game here: http://www.vivapinata.com/

Production Music courtesy of Epidemic Sound: http://www.epidemicsound.com"
"TcnAD50KrRo","Viva Pinata: Trouble in Paradise - #26 - Pester Insurance","Stumpt","2015-10-01","2015-10-01","https://i.ytimg.com/vi/TcnAD50KrRo/hqdefault.jpg","Ash and Price finally buy a little insurance to protect against Professor Pester!

► Follow us:
  ●Reddit: http://www.reddit.com/r/Stumpt/
  ●Twitter: http://twitter.com/stumptgames
  ●Facebook: http://www.facebook.com/StumptGamers
  ●Podcast & Blog: http://www.StumptGamers.com
  ●Stumpt Gamers: PO Box 83914, PORTLAND OR 97283

Find out more about this game here: GAME URL HERE"
"ZXVr6CymZVU","Viva Pinata: Trouble in Paradise - #27 - Smelly Business","Stumpt","2015-10-03","2015-10-03","https://i.ytimg.com/vi/ZXVr6CymZVU/hqdefault.jpg","Ash and Price fend off some ruffians, and woo a smelly pinata!

► Follow us:
  ●Reddit: http://www.reddit.com/r/Stumpt/
  ●Twitter: http://twitter.com/stumptgames
  ●Facebook: http://www.facebook.com/StumptGamers
  ●Podcast & Blog: http://www.StumptGamers.com
  ●Stumpt Gamers: PO Box 83914, PORTLAND OR 97283

Find out more about this game here: GAME URL HERE"
"bcpERoJMhPg","Viva Pinata: Trouble in Paradise - #28 - Slackatoads","Stumpt","2015-10-06","2015-10-06","https://i.ytimg.com/vi/bcpERoJMhPg/hqdefault.jpg","Price and Ash get to some pinata evolving, and make a nice chunk of cash!

► Follow us:
  ●Reddit: http://www.reddit.com/r/Stumpt/
  ●Twitter: http://twitter.com/stumptgames
  ●Facebook: http://www.facebook.com/StumptGamers
  ●Podcast & Blog: http://www.StumptGamers.com
  ●Stumpt Gamers: PO Box 83914, PORTLAND OR 97283

Find out more about this game here: http://www.vivapinata.com/"
"pLp-R1wTiLk","Viva Pinata: Trouble in Paradise - #29 - Under Siege: A-Salted","Stumpt","2015-10-08","2015-10-08","https://i.ytimg.com/vi/pLp-R1wTiLk/hqdefault.jpg","Ash and Price are assaulted by a number of dastardly foes!

► Follow us:
  ●Reddit: http://www.reddit.com/r/Stumpt/
  ●Twitter: http://twitter.com/stumptgames
  ●Facebook: http://www.facebook.com/StumptGamers
  ●Podcast & Blog: http://www.StumptGamers.com
  ●Stumpt Gamers: PO Box 83914, PORTLAND OR 97283

Find out more about this game here: http://www.vivapinata.com/"
"aU4ntsdeiKw","Viva Pinata: Trouble in Paradise - #30 - A Bottle of Sunshine","Stumpt","2015-10-10","2015-10-10","https://i.ytimg.com/vi/aU4ntsdeiKw/hqdefault.jpg","Ash and Price enlist the help of an old friend in today's Viva Pinata!

► Follow us:
  ●Reddit: http://www.reddit.com/r/Stumpt/
  ●Twitter: http://twitter.com/stumptgames
  ●Facebook: http://www.facebook.com/StumptGamers
  ●Podcast & Blog: http://www.StumptGamers.com
  ●Stumpt Gamers: PO Box 83914, PORTLAND OR 97283

Find out more about this game here: http://www.vivapinata.com/"
"FFPNFSYp1Vg","Viva Pinata: Trouble in Paradise - #31 - Changing Seasons","Stumpt","2015-10-13","2015-10-13","https://i.ytimg.com/vi/FFPNFSYp1Vg/hqdefault.jpg","Ash and Price mix up the scenery once again!

► Follow us:
  ●Reddit: http://www.reddit.com/r/Stumpt/
  ●Twitter: http://twitter.com/stumptgames
  ●Facebook: http://www.facebook.com/StumptGamers
  ●Podcast & Blog: http://www.StumptGamers.com
  ●Stumpt Gamers: PO Box 83914, PORTLAND OR 97283

Find out more about this game here: http://www.vivapinata.com/"
"Y5hbck1ZUP0","Viva Pinata: Trouble in Paradise - #32 - Taffly Breeding Program: Engage","Stumpt","2015-10-15","2015-10-15","https://i.ytimg.com/vi/Y5hbck1ZUP0/hqdefault.jpg","Ash and Price finally start the Taffly Breeding Program!

► Follow us:
  ●Reddit: http://www.reddit.com/r/Stumpt/
  ●Twitter: http://twitter.com/stumptgames
  ●Facebook: http://www.facebook.com/StumptGamers
  ●Podcast & Blog: http://www.StumptGamers.com
  ●Stumpt Gamers: PO Box 83914, PORTLAND OR 97283

Find out more about this game here: http://www.vivapinata.com/"
"oVzFy70pqqk","Viva Pinata: Trouble in Paradise - #33 - Honey Money","Stumpt","2015-10-17","2015-10-17","https://i.ytimg.com/vi/oVzFy70pqqk/hqdefault.jpg","Ash and Price get funny with honey!

► Follow us:
  ●Reddit: http://www.reddit.com/r/Stumpt/
  ●Twitter: http://twitter.com/stumptgames
  ●Facebook: http://www.facebook.com/StumptGamers
  ●Podcast & Blog: http://www.StumptGamers.com
  ●Stumpt Gamers: PO Box 83914, PORTLAND OR 97283

Find out more about this game here: http://www.vivapinata.com/"
"CZk2b5ap1Mc","Viva Pinata: Trouble in Paradise - #34 - Feel the Bern-ice","Stumpt","2015-10-20","2015-10-20","https://i.ytimg.com/vi/CZk2b5ap1Mc/hqdefault.jpg","Ash and Price continue to focus on the power of honey and friendship!

► Follow us:
  ●Reddit: http://www.reddit.com/r/Stumpt/
  ●Twitter: http://twitter.com/stumptgames
  ●Facebook: http://www.facebook.com/StumptGamers
  ●Podcast & Blog: http://www.StumptGamers.com
  ●Stumpt Gamers: PO Box 83914, PORTLAND OR 97283

Find out more about this game here: http://www.vivapinata.com/"
"wEGfG32s5Yk","Viva Pinata: Trouble in Paradise - #35 - Fizzled Out","Stumpt","2015-10-22","2015-10-22","https://i.ytimg.com/vi/wEGfG32s5Yk/hqdefault.jpg","Ash and Price take a big step towards getting the Fizzlybear!

► Follow us:
  ●Reddit: http://www.reddit.com/r/Stumpt/
  ●Twitter: http://twitter.com/stumptgames
  ●Facebook: http://www.facebook.com/StumptGamers
  ●Podcast & Blog: http://www.StumptGamers.com
  ●Stumpt Gamers: PO Box 83914, PORTLAND OR 97283

Find out more about this game here: http://www.vivapinata.com/"
"P2CkZwrVKEI","Viva Pinata: Trouble in Paradise - #36 - Fired Up!","Stumpt","2015-10-24","2015-10-24","https://i.ytimg.com/vi/P2CkZwrVKEI/hqdefault.jpg","Ash and Price get all fired up with some Redhotts!

► Follow us:
  ●Reddit: http://www.reddit.com/r/Stumpt/
  ●Twitter: http://twitter.com/stumptgames
  ●Facebook: http://www.facebook.com/StumptGamers
  ●Podcast & Blog: http://www.StumptGamers.com
  ●Stumpt Gamers: PO Box 83914, PORTLAND OR 97283

Find out more about this game here: http://www.vivapinata.com/"
"lObeLiJpNLA","Viva Pinata: Trouble in Paradise - #37 - Pig-ness Time!","Stumpt","2015-10-27","2015-10-27","https://i.ytimg.com/vi/lObeLiJpNLA/hqdefault.jpg","Ash and Price get excited to focus on a new strategy: PIGS!!!

► Follow us:
  ●Reddit: http://www.reddit.com/r/Stumpt/
  ●Twitter: http://twitter.com/stumptgames
  ●Facebook: http://www.facebook.com/StumptGamers
  ●Podcast & Blog: http://www.StumptGamers.com
  ●Stumpt Gamers: PO Box 83914, PORTLAND OR 97283

Find out more about this game here: http://www.vivapinata.com/"
"bG-1b5Ri8oY","Viva Pinata: Trouble in Paradise - #38 - Pigs with Personality!","Stumpt","2015-10-29","2015-10-29","https://i.ytimg.com/vi/bG-1b5Ri8oY/hqdefault.jpg","Ash and Price give the Rashberrys a little bit of individuality!

► Follow us:
  ●Reddit: http://www.reddit.com/r/Stumpt/
  ●Twitter: http://twitter.com/stumptgames
  ●Facebook: http://www.facebook.com/StumptGamers
  ●Podcast & Blog: http://www.StumptGamers.com
  ●Stumpt Gamers: PO Box 83914, PORTLAND OR 97283

Find out more about this game here: http://www.vivapinata.com/"
"pL7yx36sbp0","Viva Pinata: Trouble in Paradise - #39 - Walrushed","Stumpt","2015-11-03","2015-11-03","https://i.ytimg.com/vi/pL7yx36sbp0/hqdefault.jpg","Price and Ash attract a new pinata!

► Follow us:
  ●Reddit: http://www.reddit.com/r/Stumpt/
  ●Twitter: http://twitter.com/stumptgames
  ●Facebook: http://www.facebook.com/StumptGamers
  ●Podcast & Blog: http://www.StumptGamers.com
  ●Stumpt Gamers: PO Box 83914, PORTLAND OR 97283

Find out more about this game here: http://www.vivapinata.com/"
"ge31YOwB8q0","Viva Pinata: Trouble in Paradise - #40 - Pig Breeding in the Rage Cage","Stumpt","2015-11-05","2015-11-05","https://i.ytimg.com/vi/ge31YOwB8q0/hqdefault.jpg","Ash and Price focus heavily on the best idea ever: getting more pigs in the garden!

► Follow us:
  ●Reddit: http://www.reddit.com/r/Stumpt/
  ●Twitter: http://twitter.com/stumptgames
  ●Facebook: http://www.facebook.com/StumptGamers
  ●Podcast & Blog: http://www.StumptGamers.com
  ●Stumpt Gamers: PO Box 83914, PORTLAND OR 97283

Find out more about this game here: vivapinata.com"
"6jtlq05J7io","Viva Pinata: Trouble in Paradise - #41 - Tinker Trainer, Cheesy Pie","Stumpt","2015-11-07","2015-11-07","https://i.ytimg.com/vi/6jtlq05J7io/hqdefault.jpg","Ash and Price focus get to tinkering so they can bring pigs into the new millenium!

► Follow us:
  ●Reddit: http://www.reddit.com/r/Stumpt/
  ●Twitter: http://twitter.com/stumptgames
  ●Facebook: http://www.facebook.com/StumptGamers
  ●Podcast & Blog: http://www.StumptGamers.com
  ●Stumpt Gamers: PO Box 83914, PORTLAND OR 97283

Find out more about this game here: vivapinata.com"
"JKa2mSh3VNQ","Viva Pinata: Trouble in Paradise - #42 - Hogging all of the Cheescake","Stumpt","2015-11-10","2015-11-10","https://i.ytimg.com/vi/JKa2mSh3VNQ/hqdefault.jpg","Ash and Price pretty up a few hogs on today's viva!

► Follow us:
  ●Reddit: http://www.reddit.com/r/Stumpt/
  ●Twitter: http://twitter.com/stumptgames
  ●Facebook: http://www.facebook.com/StumptGamers
  ●Podcast & Blog: http://www.StumptGamers.com
  ●Stumpt Gamers: PO Box 83914, PORTLAND OR 97283

Find out more about this game here: vivapinata.com"
"bnBbK5qyFOM","Viva Pinata: Trouble in Paradise - #43 - Stumpt or Trumpt?","Stumpt","2015-11-12","2015-11-12","https://i.ytimg.com/vi/bnBbK5qyFOM/hqdefault.jpg","Ash and Price try to figure out a way to keep out the bad pinatas!

► Follow us:
  ●Reddit: http://www.reddit.com/r/Stumpt/
  ●Twitter: http://twitter.com/stumptgames
  ●Facebook: http://www.facebook.com/StumptGamers
  ●Podcast & Blog: http://www.StumptGamers.com
  ●Stumpt Gamers: PO Box 83914, PORTLAND OR 97283

Find out more about this game here: vivapinata.com"
"nXtsTa0X6ps","Viva Pinata: Trouble in Paradise - #44 - Wallrunning this to the edge","Stumpt","2015-11-14","2015-11-14","https://i.ytimg.com/vi/nXtsTa0X6ps/hqdefault.jpg","Ash and Price try to get the rhinos behaving!

► Follow us:
  ●Reddit: http://www.reddit.com/r/Stumpt/
  ●Twitter: http://twitter.com/stumptgames
  ●Facebook: http://www.facebook.com/StumptGamers
  ●Podcast & Blog: http://www.StumptGamers.com
  ●Stumpt Gamers: PO Box 83914, PORTLAND OR 97283

Find out more about this game here: vivapinata.com"
"39l2bac-WHI","Viva Pinata: Trouble in Paradise - #45 - An Egg-cellent Find!","Stumpt","2015-11-17","2015-11-17","https://i.ytimg.com/vi/39l2bac-WHI/hqdefault.jpg","Ash and Price find an important piece to meeting their ultimate goal!

► Follow us:
  ●Reddit: http://www.reddit.com/r/Stumpt/
  ●Twitter: http://twitter.com/stumptgames
  ●Facebook: http://www.facebook.com/StumptGamers
  ●Podcast & Blog: http://www.StumptGamers.com
  ●Stumpt Gamers: PO Box 83914, PORTLAND OR 97283

Find out more about this game here: vivapinata.com"
"gQCXjDPRdsM","Viva Pinata: Trouble in Paradise - #46 - Don't Fudge this Up","Stumpt","2015-11-19","2015-11-19","https://i.ytimg.com/vi/gQCXjDPRdsM/hqdefault.jpg","Ash and Price start breeding fudgehogs on their quest for Parmadillos!
►Missed an episode? Check out the playlist here: https://www.youtube.com/playlist?list=PLM03VPTxa5E1YBYU4PZJX0X8g7gNdcv0P

► Follow us:
  ●Reddit: http://www.reddit.com/r/Stumpt/
  ●Twitter: http://twitter.com/stumptgames
  ●Facebook: http://www.facebook.com/StumptGamers
  ●Podcast & Blog: http://www.StumptGamers.com
  ●Stumpt Gamers: PO Box 83914, PORTLAND OR 97283

Find out more about this game here: vivapinata.com"
"7A-CHugyUT0","Viva Pinata: Trouble in Paradise - #47 - Hog Hunting","Stumpt","2015-11-21","2015-11-21","https://i.ytimg.com/vi/7A-CHugyUT0/hqdefault.jpg","Whilst continuing to breed fudgehogs, Price and Ash get a sour visitor!

►Missed an episode? Check out the playlist here: https://www.youtube.com/playlist?list=PLM03VPTxa5E1YBYU4PZJX0X8g7gNdcv0P

► Follow us:
  ●Reddit: http://www.reddit.com/r/Stumpt/
  ●Twitter: http://twitter.com/stumptgames
  ●Facebook: http://www.facebook.com/StumptGamers
  ●Podcast & Blog: http://www.StumptGamers.com
  ●Stumpt Gamers: PO Box 83914, PORTLAND OR 97283

Find out more about this game here: vivapinata.com"
"tnicJZhfVqY","Viva Pinata: Trouble in Paradise - #48 - Gotta Go Fast!","Stumpt","2015-11-24","2015-11-24","https://i.ytimg.com/vi/tnicJZhfVqY/hqdefault.jpg","Ash and Price take fudgehogs to the next level, and go real fast!

►Missed an episode? Check out the playlist here: https://www.youtube.com/playlist?list=PLM03VPTxa5E1YBYU4PZJX0X8g7gNdcv0P

► Follow us:
  ●Reddit: http://www.reddit.com/r/Stumpt/
  ●Twitter: http://twitter.com/stumptgames
  ●Facebook: http://www.facebook.com/StumptGamers
  ●Podcast & Blog: http://www.StumptGamers.com
  ●Stumpt Gamers: PO Box 83914, PORTLAND OR 97283

Find out more about this game here: vivapinata.com"
"Ym5mn58a2os","Viva Pinata: Trouble in Paradise - #49 - Mellowed out Mallowolf","Stumpt","2015-11-26","2015-11-26","https://i.ytimg.com/vi/Ym5mn58a2os/hqdefault.jpg","Ash and Price finally mellow out that pesky Mallowolf!

►Missed an episode? Check out the playlist here: https://www.youtube.com/playlist?list=PLM03VPTxa5E1YBYU4PZJX0X8g7gNdcv0P

► Follow us:
  ●Reddit: http://www.reddit.com/r/Stumpt/
  ●Twitter: http://twitter.com/stumptgames
  ●Facebook: http://www.facebook.com/StumptGamers
  ●Podcast & Blog: http://www.StumptGamers.com
  ●Stumpt Gamers: PO Box 83914, PORTLAND OR 97283

Find out more about this game here: vivapinata.com"
"EJayIBBIYOs","Viva Pinata: Trouble in Paradise - #50 - Going for Goobaa","Stumpt","2015-11-28","2015-11-28","https://i.ytimg.com/vi/EJayIBBIYOs/hqdefault.jpg","Ash and Price decide to change up the garden again and attract some farm animals!

►Missed an episode? Check out the playlist here: https://www.youtube.com/playlist?list=PLM03VPTxa5E1YBYU4PZJX0X8g7gNdcv0P

► Follow us:
  ●Reddit: http://www.reddit.com/r/Stumpt/
  ●Twitter: http://twitter.com/stumptgames
  ●Facebook: http://www.facebook.com/StumptGamers
  ●Podcast & Blog: http://www.StumptGamers.com
  ●Stumpt Gamers: PO Box 83914, PORTLAND OR 97283

Find out more about this game here: vivapinata.com"
"OPmTEy70LTU","Viva Pinata: Trouble in Paradise - #51 - Go Nuts for Doe Nuts!","Stumpt","2015-12-01","2015-12-01","https://i.ytimg.com/vi/OPmTEy70LTU/hqdefault.jpg","Ash and Price try to attract some as of yet elusive pinatas!

►Missed an episode? Check out the playlist here: https://www.youtube.com/playlist?list=PLM03VPTxa5E1YBYU4PZJX0X8g7gNdcv0P

► Follow us:
  ●Reddit: http://www.reddit.com/r/Stumpt/
  ●Twitter: http://twitter.com/stumptgames
  ●Facebook: http://www.facebook.com/StumptGamers
  ●Podcast & Blog: http://www.StumptGamers.com
  ●Stumpt Gamers: PO Box 83914, PORTLAND OR 97283

Find out more about this game here: vivapinata.com"
"BXifWFgTW-s","Viva Pinata: Trouble in Paradise - #52 - Farm Livin'","Stumpt","2015-12-03","2015-12-03","https://i.ytimg.com/vi/BXifWFgTW-s/hqdefault.jpg","Ash and Price get a few woolly friends!

►Missed an episode? Check out the playlist here: https://www.youtube.com/playlist?list=PLM03VPTxa5E1YBYU4PZJX0X8g7gNdcv0P

► Follow us:
  ●Reddit: http://www.reddit.com/r/Stumpt/
  ●Twitter: http://twitter.com/stumptgames
  ●Facebook: http://www.facebook.com/StumptGamers
  ●Podcast & Blog: http://www.StumptGamers.com
  ●Stumpt Gamers: PO Box 83914, PORTLAND OR 97283

Find out more about this game here: vivapinata.com"
"RcwESIdhZOE","Viva Pinata: Trouble in Paradise - #53 - Gaga for Goobaas","Stumpt","2015-12-05","2015-12-05","https://i.ytimg.com/vi/RcwESIdhZOE/hqdefault.jpg","Ash and Price make a few variants for their growing Goobaa population!

►Missed an episode? Check out the playlist here: https://www.youtube.com/playlist?list=PLM03VPTxa5E1YBYU4PZJX0X8g7gNdcv0P

► Follow us:
  ●Reddit: http://www.reddit.com/r/Stumpt/
  ●Twitter: http://twitter.com/stumptgames
  ●Facebook: http://www.facebook.com/StumptGamers
  ●Podcast & Blog: http://www.StumptGamers.com
  ●Stumpt Gamers: PO Box 83914, PORTLAND OR 97283

Find out more about this game here: vivapinata.com"
"b6v_ejY-2eM","Viva Pinata: Trouble in Paradise - #54 - Demolition Man","Stumpt","2015-12-08","2015-12-08","https://i.ytimg.com/vi/b6v_ejY-2eM/hqdefault.jpg","Professor Pester takes his sabotage to a whole new level!

Choclodocus suggestion thread: https://www.reddit.com/r/Stumpt/comments/3gw41j/what_choclodocus_parts_do_you_want_them_to_use/

►Missed an episode? Check out the playlist here: https://www.youtube.com/playlist?list=PLM03VPTxa5E1YBYU4PZJX0X8g7gNdcv0P

► Follow us:
  ●Reddit: http://www.reddit.com/r/Stumpt/
  ●Twitter: http://twitter.com/stumptgames
  ●Facebook: http://www.facebook.com/StumptGamers
  ●Podcast & Blog: http://www.StumptGamers.com
  ●Stumpt Gamers: PO Box 83914, PORTLAND OR 97283

Find out more about this game here: vivapinata.com"
"sBPKYuVAuQI","Viva Pinata: Trouble in Paradise - #55 - The Foxy Shake","Stumpt","2015-12-10","2015-12-10","https://i.ytimg.com/vi/sBPKYuVAuQI/hqdefault.jpg","Price and Ash decide to let the foxes back into the garden!

Choclodocus suggestion thread: https://www.reddit.com/r/Stumpt/comments/3gw41j/what_choclodocus_parts_do_you_want_them_to_use/

►Missed an episode? Check out the playlist here: https://www.youtube.com/playlist?list=PLM03VPTxa5E1YBYU4PZJX0X8g7gNdcv0P

► Follow us:
  ●Reddit: http://www.reddit.com/r/Stumpt/
  ●Twitter: http://twitter.com/stumptgames
  ●Facebook: http://www.facebook.com/StumptGamers
  ●Podcast & Blog: http://www.StumptGamers.com
  ●Stumpt Gamers: PO Box 83914, PORTLAND OR 97283

Find out more about this game here: vivapinata.com"
"XwW3L5TJ-UY","Viva Pinata: Trouble in Paradise - #56 - Pastel Pretztails","Stumpt","2015-12-12","2015-12-12","https://i.ytimg.com/vi/XwW3L5TJ-UY/hqdefault.jpg","Price and Ash get festive, and make quite a few mistakes, while trying to breed pretztails!

Choclodocus suggestion thread: https://www.reddit.com/r/Stumpt/comments/3gw41j/what_choclodocus_parts_do_you_want_them_to_use/

►Missed an episode? Check out the playlist here: https://www.youtube.com/playlist?list=PLM03VPTxa5E1YBYU4PZJX0X8g7gNdcv0P

► Follow us:
  ●Reddit: http://www.reddit.com/r/Stumpt/
  ●Twitter: http://twitter.com/stumptgames
  ●Facebook: http://www.facebook.com/StumptGamers
  ●Podcast & Blog: http://www.StumptGamers.com
  ●Stumpt Gamers: PO Box 83914, PORTLAND OR 97283

Find out more about this game here: vivapinata.com"
"AJOPEnBocWw","Viva Pinata: Trouble in Paradise - #57 - Arctic Fox","Stumpt","2015-12-15","2015-12-15","https://i.ytimg.com/vi/AJOPEnBocWw/hqdefault.jpg","Price and Ash decide to go to the corners of the earth for a unique Pretztail!

Choclodocus suggestion thread: https://www.reddit.com/r/Stumpt/comments/3gw41j/what_choclodocus_parts_do_you_want_them_to_use/

►Missed an episode? Check out the playlist here: https://www.youtube.com/playlist?list=PLM03VPTxa5E1YBYU4PZJX0X8g7gNdcv0P

► Follow us:
  ●Reddit: http://www.reddit.com/r/Stumpt/
  ●Twitter: http://twitter.com/stumptgames
  ●Facebook: http://www.facebook.com/StumptGamers
  ●Podcast & Blog: http://www.StumptGamers.com
  ●Stumpt Gamers: PO Box 83914, PORTLAND OR 97283

Find out more about this game here: vivapinata.com"
"8A_VwVpNuxM","Viva Pinata: Trouble in Paradise - #58 - What're You Laughing At?","Stumpt","2015-12-17","2015-12-17","https://i.ytimg.com/vi/8A_VwVpNuxM/hqdefault.jpg","Price and Ash finally turn Pretztails into something a littler... louder!

Choclodocus suggestion thread: https://www.reddit.com/r/Stumpt/comments/3gw41j/what_choclodocus_parts_do_you_want_them_to_use/

►Missed an episode? Check out the playlist here: https://www.youtube.com/playlist?list=PLM03VPTxa5E1YBYU4PZJX0X8g7gNdcv0P

► Follow us:
  ●Reddit: http://www.reddit.com/r/Stumpt/
  ●Twitter: http://twitter.com/stumptgames
  ●Facebook: http://www.facebook.com/StumptGamers
  ●Podcast & Blog: http://www.StumptGamers.com
  ●Stumpt Gamers: PO Box 83914, PORTLAND OR 97283

Find out more about this game here: vivapinata.com"
"qkGVcDPMpU4","Viva Pinata: Trouble in Paradise - #59 - Down the Wishing Well","Stumpt","2015-12-19","2015-12-19","https://i.ytimg.com/vi/qkGVcDPMpU4/hqdefault.jpg","Price and Ash jump back into viva pinata, and buy a home for an old friend!

Choclodocus suggestion thread: https://www.reddit.com/r/Stumpt/comments/3gw41j/what_choclodocus_parts_do_you_want_them_to_use/

►Missed an episode? Check out the playlist here: https://www.youtube.com/playlist?list=PLM03VPTxa5E1YBYU4PZJX0X8g7gNdcv0P

► Follow us:
  ●Reddit: http://www.reddit.com/r/Stumpt/
  ●Twitter: http://twitter.com/stumptgames
  ●Facebook: http://www.facebook.com/StumptGamers
  ●Podcast & Blog: http://www.StumptGamers.com
  ●Stumpt Gamers: PO Box 83914, PORTLAND OR 97283

Find out more about this game here: vivapinata.com"
"Nuxtu1TT7UQ","Viva Pinata: Trouble in Paradise - #60 - Yellow Things","Stumpt","2015-12-22","2015-12-22","https://i.ytimg.com/vi/Nuxtu1TT7UQ/hqdefault.jpg","Price and Ash hit some highs and lows, and they are yellow today!

Choclodocus suggestion thread: https://www.reddit.com/r/Stumpt/comments/3gw41j/what_choclodocus_parts_do_you_want_them_to_use/

►Missed an episode? Check out the playlist here: https://www.youtube.com/playlist?list=PLM03VPTxa5E1YBYU4PZJX0X8g7gNdcv0P

► Follow us:
  ●Reddit: http://www.reddit.com/r/Stumpt/
  ●Twitter: http://twitter.com/stumptgames
  ●Facebook: http://www.facebook.com/StumptGamers
  ●Podcast & Blog: http://www.StumptGamers.com
  ●Stumpt Gamers: PO Box 83914, PORTLAND OR 97283

Find out more about this game here: vivapinata.com"
"zyqG4hnyB6o","Viva Pinata: Trouble in Paradise - #61 - Budget Cuts","Stumpt","2015-12-24","2015-12-24","https://i.ytimg.com/vi/zyqG4hnyB6o/hqdefault.jpg","Price and Ash have to let some workers go on today's viva!

Choclodocus suggestion thread: https://www.reddit.com/r/Stumpt/comments/3gw41j/what_choclodocus_parts_do_you_want_them_to_use/

►Missed an episode? Check out the playlist here: https://www.youtube.com/playlist?list=PLM03VPTxa5E1YBYU4PZJX0X8g7gNdcv0P

► Follow us:
  ●Reddit: http://www.reddit.com/r/Stumpt/
  ●Twitter: http://twitter.com/stumptgames
  ●Facebook: http://www.facebook.com/StumptGamers
  ●Podcast & Blog: http://www.StumptGamers.com
  ●Stumpt Gamers: PO Box 83914, PORTLAND OR 97283

Find out more about this game here: vivapinata.com"
"mdufGsifdOU","Viva Pinata: Trouble in Paradise - #62 - Dino DNA","Stumpt","2015-12-26","2015-12-26","https://i.ytimg.com/vi/mdufGsifdOU/hqdefault.jpg","Price and Ash finally accomplish one of their goals!

Choclodocus suggestion thread: https://www.reddit.com/r/Stumpt/comments/3gw41j/what_choclodocus_parts_do_you_want_them_to_use/

►Missed an episode? Check out the playlist here: https://www.youtube.com/playlist?list=PLM03VPTxa5E1YBYU4PZJX0X8g7gNdcv0P

► Follow us:
  ●Reddit: http://www.reddit.com/r/Stumpt/
  ●Twitter: http://twitter.com/stumptgames
  ●Facebook: http://www.facebook.com/StumptGamers
  ●Podcast & Blog: http://www.StumptGamers.com
  ●Stumpt Gamers: PO Box 83914, PORTLAND OR 97283

Find out more about this game here: vivapinata.com"
"NC65qE6WTR4","Viva Pinata: Trouble in Paradise - #63 - Baby Cows","Stumpt","2015-12-29","2015-12-29","https://i.ytimg.com/vi/NC65qE6WTR4/hqdefault.jpg","Price and Ash set out to master romance the Moozipans!

Choclodocus suggestion thread: https://www.reddit.com/r/Stumpt/comments/3gw41j/what_choclodocus_parts_do_you_want_them_to_use/

►Missed an episode? Check out the playlist here: https://www.youtube.com/playlist?list=PLM03VPTxa5E1YBYU4PZJX0X8g7gNdcv0P

► Follow us:
  ●Reddit: http://www.reddit.com/r/Stumpt/
  ●Twitter: http://twitter.com/stumptgames
  ●Facebook: http://www.facebook.com/StumptGamers
  ●Podcast & Blog: http://www.StumptGamers.com
  ●Stumpt Gamers: PO Box 83914, PORTLAND OR 97283

Find out more about this game here: vivapinata.com"
"D3v_RTcFuFE","Viva Pinata: Trouble in Paradise - #64 - Kitten Mittens","Stumpt","2015-12-31","2015-12-31","https://i.ytimg.com/vi/D3v_RTcFuFE/hqdefault.jpg","Price and Ash get some animals that are a bit more domestic!

Choclodocus suggestion thread: https://www.reddit.com/r/Stumpt/comments/3gw41j/what_choclodocus_parts_do_you_want_them_to_use/

►Missed an episode? Check out the playlist here: https://www.youtube.com/playlist?list=PLM03VPTxa5E1YBYU4PZJX0X8g7gNdcv0P

► Follow us:
  ●Reddit: http://www.reddit.com/r/Stumpt/
  ●Twitter: http://twitter.com/stumptgames
  ●Facebook: http://www.facebook.com/StumptGamers
  ●Podcast & Blog: http://www.StumptGamers.com
  ●Stumpt Gamers: PO Box 83914, PORTLAND OR 97283

Find out more about this game here: vivapinata.com"
"LypmNT542jQ","Viva Pinata: Trouble in Paradise - #65 - Rock Steady","Stumpt","2016-01-02","2016-01-02","https://i.ytimg.com/vi/LypmNT542jQ/hqdefault.jpg","NOTE: The game audio was lost in this episode, so our apologies on that, but it will be back up and working in the next episode :)!

Price and Ash get a new enforcer to protect the garden!

Choclodocus suggestion thread: https://www.reddit.com/r/Stumpt/comments/3gw41j/what_choclodocus_parts_do_you_want_them_to_use/

►Missed an episode? Check out the playlist here: https://www.youtube.com/playlist?list=PLM03VPTxa5E1YBYU4PZJX0X8g7gNdcv0P

► Follow us:
  ●Reddit: http://www.reddit.com/r/Stumpt/
  ●Twitter: http://twitter.com/stumptgames
  ●Facebook: http://www.facebook.com/StumptGamers
  ●Podcast & Blog: http://www.StumptGamers.com
  ●Stumpt Gamers: PO Box 83914, PORTLAND OR 97283

Find out more about this game here: vivapinata.com"
"6SQXZ3RRPCY","Viva Pinata: Trouble in Paradise - #66 - Fluttering Fancy Free","Stumpt","2016-01-05","2016-01-05","https://i.ytimg.com/vi/6SQXZ3RRPCY/hqdefault.jpg","Price and Ash focus on the needs of the dinosaur!

Choclodocus suggestion thread: https://www.reddit.com/r/Stumpt/comments/3gw41j/what_choclodocus_parts_do_you_want_them_to_use/

►Missed an episode? Check out the playlist here: https://www.youtube.com/playlist?list=PLM03VPTxa5E1YBYU4PZJX0X8g7gNdcv0P

► Follow us:
  ●Reddit: http://www.reddit.com/r/Stumpt/
  ●Twitter: http://twitter.com/stumptgames
  ●Facebook: http://www.facebook.com/StumptGamers
  ●Podcast & Blog: http://www.StumptGamers.com
  ●Stumpt Gamers: PO Box 83914, PORTLAND OR 97283

Find out more about this game here: vivapinata.com"
"UibyrPeHhu4","Viva Pinata: Trouble in Paradise - #67 - Steady and Stylin","Stumpt","2016-01-07","2016-01-07","https://i.ytimg.com/vi/UibyrPeHhu4/hqdefault.jpg","Price and Ash get some updated gear for Rock Steady!

Choclodocus suggestion thread: https://www.reddit.com/r/Stumpt/comments/3gw41j/what_choclodocus_parts_do_you_want_them_to_use/

►Missed an episode? Check out the playlist here: https://www.youtube.com/playlist?list=PLM03VPTxa5E1YBYU4PZJX0X8g7gNdcv0P

► Follow us:
  ●Reddit: http://www.reddit.com/r/Stumpt/
  ●Twitter: http://twitter.com/stumptgames
  ●Facebook: http://www.facebook.com/StumptGamers
  ●Podcast & Blog: http://www.StumptGamers.com
  ●Stumpt Gamers: PO Box 83914, PORTLAND OR 97283

Find out more about this game here: vivapinata.com"
"FxMz6hkQYN4","Viva Pinata: Trouble in Paradise - #68 - Dessert/Desert","Stumpt","2016-01-09","2016-01-09","https://i.ytimg.com/vi/FxMz6hkQYN4/hqdefault.jpg","Price and Ash revisit the Dessert Desert while breeding flutterscotches!

Choclodocus suggestion thread: https://www.reddit.com/r/Stumpt/comments/3gw41j/what_choclodocus_parts_do_you_want_them_to_use/

►Missed an episode? Check out the playlist here: https://www.youtube.com/playlist?list=PLM03VPTxa5E1YBYU4PZJX0X8g7gNdcv0P

► Follow us:
  ●Reddit: http://www.reddit.com/r/Stumpt/
  ●Twitter: http://twitter.com/stumptgames
  ●Facebook: http://www.facebook.com/StumptGamers
  ●Podcast & Blog: http://www.StumptGamers.com
  ●Stumpt Gamers: PO Box 83914, PORTLAND OR 97283

Find out more about this game here: vivapinata.com"
"d0K9xSbwk7g","Viva Pinata: Trouble in Paradise - #69 - Fancy Gentleman","Stumpt","2016-01-12","2016-01-12","https://i.ytimg.com/vi/d0K9xSbwk7g/hqdefault.jpg","Price and Ash bring in some new pinatas... but mostly just for food!

Choclodocus suggestion thread: https://www.reddit.com/r/Stumpt/comments/3gw41j/what_choclodocus_parts_do_you_want_them_to_use/

►Missed an episode? Check out the playlist here: https://www.youtube.com/playlist?list=PLM03VPTxa5E1YBYU4PZJX0X8g7gNdcv0P

► Follow us:
  ●Reddit: http://www.reddit.com/r/Stumpt/
  ●Twitter: http://twitter.com/stumptgames
  ●Facebook: http://www.facebook.com/StumptGamers
  ●Podcast & Blog: http://www.StumptGamers.com
  ●Stumpt Gamers: PO Box 83914, PORTLAND OR 97283

Find out more about this game here: vivapinata.com"
"1Qle_YBrM-0","Viva Pinata: Trouble in Paradise - #70 - Rainbow Flutterscotches","Stumpt","2016-01-14","2016-01-14","https://i.ytimg.com/vi/1Qle_YBrM-0/hqdefault.jpg","Price and Ash get really colorful in order to try and attract the Jameleon!

Choclodocus suggestion thread: https://www.reddit.com/r/Stumpt/comments/3gw41j/what_choclodocus_parts_do_you_want_them_to_use/

►Missed an episode? Check out the playlist here: https://www.youtube.com/playlist?list=PLM03VPTxa5E1YBYU4PZJX0X8g7gNdcv0P

► Follow us:
  ●Reddit: http://www.reddit.com/r/Stumpt/
  ●Twitter: http://twitter.com/stumptgames
  ●Facebook: http://www.facebook.com/StumptGamers
  ●Podcast & Blog: http://www.StumptGamers.com
  ●Stumpt Gamers: PO Box 83914, PORTLAND OR 97283

Find out more about this game here: vivapinata.com"
"crBouSlczdw","Viva Pinata: Trouble in Paradise - #71 - Pengum Priorities","Stumpt","2016-01-16","2016-01-16","https://i.ytimg.com/vi/crBouSlczdw/hqdefault.jpg","Price and Ash get cracking on the Pengums in today's Viva!

Choclodocus suggestion thread: https://www.reddit.com/r/Stumpt/comments/3gw41j/what_choclodocus_parts_do_you_want_them_to_use/

►Missed an episode? Check out the playlist here: https://www.youtube.com/playlist?list=PLM03VPTxa5E1YBYU4PZJX0X8g7gNdcv0P

► Follow us:
  ●Reddit: http://www.reddit.com/r/Stumpt/
  ●Twitter: http://twitter.com/stumptgames
  ●Facebook: http://www.facebook.com/StumptGamers
  ●Podcast & Blog: http://www.StumptGamers.com
  ●Stumpt Gamers: PO Box 83914, PORTLAND OR 97283

Find out more about this game here: vivapinata.com"
"0j7tCS5LkFY","Viva Pinata: Trouble in Paradise - #72 - Dancing in the Fridge Light","Stumpt","2016-01-19","2016-01-19","https://i.ytimg.com/vi/0j7tCS5LkFY/hqdefault.jpg","Price and Ash find out what Pengum's do inside the refrigerator!

Choclodocus suggestion thread: https://www.reddit.com/r/Stumpt/comments/3gw41j/what_choclodocus_parts_do_you_want_them_to_use/

►Missed an episode? Check out the playlist here: https://www.youtube.com/playlist?list=PLM03VPTxa5E1YBYU4PZJX0X8g7gNdcv0P

► Follow us:
  ●Reddit: http://www.reddit.com/r/Stumpt/
  ●Twitter: http://twitter.com/stumptgames
  ●Facebook: http://www.facebook.com/StumptGamers
  ●Podcast & Blog: http://www.StumptGamers.com
  ●Stumpt Gamers: PO Box 83914, PORTLAND OR 97283

Find out more about this game here: vivapinata.com"
"XH710-zqT6s","Viva Pinata: Trouble in Paradise - #73 - Jammin' to Beyonce","Stumpt","2016-01-21","2016-01-21","https://i.ytimg.com/vi/XH710-zqT6s/hqdefault.jpg","Price and Ash Jam along to some sweet tunes on today's Viva!

Choclodocus suggestion thread: https://www.reddit.com/r/Stumpt/comments/3gw41j/what_choclodocus_parts_do_you_want_them_to_use/

►Missed an episode? Check out the playlist here: https://www.youtube.com/playlist?list=PLM03VPTxa5E1YBYU4PZJX0X8g7gNdcv0P

► Follow us:
  ●Reddit: http://www.reddit.com/r/Stumpt/
  ●Twitter: http://twitter.com/stumptgames
  ●Facebook: http://www.facebook.com/StumptGamers
  ●Podcast & Blog: http://www.StumptGamers.com
  ●Stumpt Gamers: PO Box 83914, PORTLAND OR 97283

Find out more about this game here: vivapinata.com"
"MrMti_vI7Qw","Viva Pinata: Trouble in Paradise - #74 - Taste the Rainbow!","Stumpt","2016-01-23","2016-01-23","https://i.ytimg.com/vi/MrMti_vI7Qw/hqdefault.jpg","Price and Ash can't settle for just one color of Jameleon, so they go for several!

Choclodocus suggestion thread: https://www.reddit.com/r/Stumpt/comments/3gw41j/what_choclodocus_parts_do_you_want_them_to_use/

►Missed an episode? Check out the playlist here: https://www.youtube.com/playlist?list=PLM03VPTxa5E1YBYU4PZJX0X8g7gNdcv0P

► Follow us:
  ●Reddit: http://www.reddit.com/r/Stumpt/
  ●Twitter: http://twitter.com/stumptgames
  ●Facebook: http://www.facebook.com/StumptGamers
  ●Podcast & Blog: http://www.StumptGamers.com
  ●Stumpt Gamers: PO Box 83914, PORTLAND OR 97283

Find out more about this game here: vivapinata.com"
"bToOt5_oUH0","Viva Pinata: Trouble in Paradise - #75 - The Beast of Friends!","Stumpt","2016-01-26","2016-01-26","https://i.ytimg.com/vi/bToOt5_oUH0/hqdefault.jpg","Ash and Price find an exotic friend for Rocksteady!

Choclodocus suggestion thread: https://www.reddit.com/r/Stumpt/comments/3gw41j/what_choclodocus_parts_do_you_want_them_to_use/

►Missed an episode? Check out the playlist here: https://www.youtube.com/playlist?list=PLM03VPTxa5E1YBYU4PZJX0X8g7gNdcv0P

► Follow us:
  ●Reddit: http://www.reddit.com/r/Stumpt/
  ●Twitter: http://twitter.com/stumptgames
  ●Facebook: http://www.facebook.com/StumptGamers
  ●Podcast & Blog: http://www.StumptGamers.com
  ●Stumpt Gamers: PO Box 83914, PORTLAND OR 97283

Find out more about this game here: vivapinata.com"
"56JsMkhvw_s","Viva Pinata: Trouble in Paradise - #76 - Why Won't You Love Us!","Stumpt","2016-01-28","2016-01-28","https://i.ytimg.com/vi/56JsMkhvw_s/hqdefault.jpg","Price and Ash pull out all the stops to impress a single pinata... does it work?

Choclodocus suggestion thread: https://www.reddit.com/r/Stumpt/comments/3gw41j/what_choclodocus_parts_do_you_want_them_to_use/

►Missed an episode? Check out the playlist here: https://www.youtube.com/playlist?list=PLM03VPTxa5E1YBYU4PZJX0X8g7gNdcv0P

► Follow us:
  ●Reddit: http://www.reddit.com/r/Stumpt/
  ●Twitter: http://twitter.com/stumptgames
  ●Facebook: http://www.facebook.com/StumptGamers
  ●Podcast & Blog: http://www.StumptGamers.com
  ●Stumpt Gamers: PO Box 83914, PORTLAND OR 97283

Find out more about this game here: vivapinata.com"
"KQ2XDFZNbKo","Viva Pinata: Trouble in Paradise - #77 - Geckies in the Moon Light","Stumpt","2016-01-30","2016-01-30","https://i.ytimg.com/vi/KQ2XDFZNbKo/hqdefault.jpg","With Jameleons out of the way, it's time to breed some Geckies!

Choclodocus suggestion thread: https://www.reddit.com/r/Stumpt/comments/3gw41j/what_choclodocus_parts_do_you_want_them_to_use/

►Missed an episode? Check out the playlist here: https://www.youtube.com/playlist?list=PLM03VPTxa5E1YBYU4PZJX0X8g7gNdcv0P

► Follow us:
  ●Reddit: http://www.reddit.com/r/Stumpt/
  ●Twitter: http://twitter.com/stumptgames
  ●Facebook: http://www.facebook.com/StumptGamers
  ●Podcast & Blog: http://www.StumptGamers.com
  ●Stumpt Gamers: PO Box 83914, PORTLAND OR 97283

Find out more about this game here: vivapinata.com"
"fUJVMmX0ZyQ","Viva Pinata: Trouble in Paradise - #78 - Tech Issues and Leaps Forward","Stumpt","2016-02-02","2016-02-02","https://i.ytimg.com/vi/fUJVMmX0ZyQ/hqdefault.jpg","Ash did some work on the garden, and it shows!

►Missed an episode? Check out the playlist here: https://www.youtube.com/playlist?list=PLM03VPTxa5E1YBYU4PZJX0X8g7gNdcv0P

► Follow us:
  ●Reddit: http://www.reddit.com/r/Stumpt/
  ●Twitter: http://twitter.com/stumptgames
  ●Facebook: http://www.facebook.com/StumptGamers
  ●Podcast & Blog: http://www.StumptGamers.com
  ●Stumpt Gamers: PO Box 83914, PORTLAND OR 97283

Find out more about this game here: vivapinata.com"
"hlg6R-rDQqA","Viva Pinata: Trouble in Paradise - #79 - Goodbye, Moonman [FINAL]","Stumpt","2016-02-04","2016-02-04","https://i.ytimg.com/vi/hlg6R-rDQqA/hqdefault.jpg","Price and Ash bid farewell to the garden on this final episode of Viva Pinata: Trouble in Paradise!

►Missed an episode? Check out the playlist here: https://www.youtube.com/playlist?list=PLM03VPTxa5E1YBYU4PZJX0X8g7gNdcv0P

► Follow us:
  ●Reddit: http://www.reddit.com/r/Stumpt/
  ●Twitter: http://twitter.com/stumptgames
  ●Facebook: http://www.facebook.com/StumptGamers
  ●Podcast & Blog: http://www.StumptGamers.com
  ●Stumpt Gamers: PO Box 83914, PORTLAND OR 97283

Find out more about this game here: vivapinata.com"
