"Playlist URL","https://www.youtube.com/playlist?list=PLv2Qcu6n6_mJqSbOEKfWbvcEvK-Yi7MdP"
"Playlist title","SB Plays The Eternal Cylinder"
"Playlist author","SB"
"Videos","13"

"Video ID","Title","Channel","Added At","Published At","Thumbnail URL","Description"
"LcbZWkkBXx4","SB Plays The Eternal Cylinder 01 - When You're Strange","SB","2021-10-01","2021-10-01","https://i.ytimg.com/vi/LcbZWkkBXx4/hqdefault.jpg","I can't escape the feeling that somehow, in some way, this is all The Fast And The Furious fanfic.

The Eternal Cylinder is a game about a cylinder... that is eternal. And also it's about committing yourself fully to a queer found family, and playing the trumpet very loudly together to show that nothing can get you down. Well, except the Cylinder. And the Cylinder is ETERNAL.
You can get it on the Epic Games store at https://www.epicgames.com/store/en-US/p/the-eternal-cylinder

You can chat with other folks on the subreddit at https://www.reddit.com/r/SBMakesStuff
If you enjoy these videos, you can now support us on Patreon at https://www.patreon.com/SBMakesStuff ! You can also do that if you don't enjoy the videos, actually. I'm not going to tell you how to spend your money."
"AI4erWonOU4","SB Plays The Eternal Cylinder 02 - Roll On","SB","2021-10-02","2021-10-02","https://i.ytimg.com/vi/AI4erWonOU4/hqdefault.jpg","All this rolling has to be terrible for our skin. I wonder if any of these plants produce moisturizer.


The Eternal Cylinder is a game about a cylinder... that is eternal. And also it's about committing yourself fully to a queer found family, and playing the trumpet very loudly together to show that nothing can get you down. Well, except the Cylinder. And the Cylinder is ETERNAL.
You can get it on the Epic Games store at https://www.epicgames.com/store/en-US/p/the-eternal-cylinder


You can chat with other folks on the subreddit at https://www.reddit.com/r/SBMakesStuff
If you enjoy these videos, you can now support us on Patreon at https://www.patreon.com/SBMakesStuff ! You can also do that if you don't enjoy the videos, actually. I'm not going to tell you how to spend your money."
"Vn5B5D01QEg","SB Plays The Eternal Cylinder 03 - The Math Dimension","SB","2021-10-06","2021-10-06","https://i.ytimg.com/vi/Vn5B5D01QEg/hqdefault.jpg","The mind was not built for this much truth.


The Eternal Cylinder is a game about a cylinder... that is eternal. And also it's about committing yourself fully to a queer found family, and playing the trumpet very loudly together to show that nothing can get you down. Well, except the Cylinder. And the Cylinder is ETERNAL.
You can get it on the Epic Games store at https://www.epicgames.com/store/en-US/p/the-eternal-cylinder


You can chat with other folks on the subreddit at https://www.reddit.com/r/SBMakesStuff
If you enjoy these videos, you can now support us on Patreon at https://www.patreon.com/SBMakesStuff ! You can also do that if you don't enjoy the videos, actually. I'm not going to tell you how to spend your money."
"UgX2X26Xz-U","SB Plays The Eternal Cylinder 04 - Still A Little Baffled","SB","2021-10-07","2021-10-07","https://i.ytimg.com/vi/UgX2X26Xz-U/hqdefault.jpg","Until we get a real plan, I suppose ""RUN UNTIL YOU DON'T DIE"" will have to suffice.


The Eternal Cylinder is a game about a cylinder... that is eternal. And also it's about committing yourself fully to a queer found family, and playing the trumpet very loudly together to show that nothing can get you down. Well, except the Cylinder. And the Cylinder is ETERNAL.
You can get it on the Epic Games store at https://www.epicgames.com/store/en-US/p/the-eternal-cylinder


You can chat with other folks on the subreddit at https://www.reddit.com/r/SBMakesStuff
If you enjoy these videos, you can now support us on Patreon at https://www.patreon.com/SBMakesStuff ! You can also do that if you don't enjoy the videos, actually. I'm not going to tell you how to spend your money."
"xO0Btj5ABro","SB Plays The Eternal Cylinder 05 - Easier Said Than... Oh, Nevermind","SB","2021-10-08","2021-10-08","https://i.ytimg.com/vi/xO0Btj5ABro/hqdefault.jpg","The narrator and our elders both seem a little unfamiliar with the actual situation on the ground.


The Eternal Cylinder is a game about a cylinder... that is eternal. And also it's about committing yourself fully to a queer found family, and playing the trumpet very loudly together to show that nothing can get you down. Well, except the Cylinder. And the Cylinder is ETERNAL.
You can get it on the Epic Games store at https://www.epicgames.com/store/en-US/p/the-eternal-cylinder


You can chat with other folks on the subreddit at https://www.reddit.com/r/SBMakesStuff
If you enjoy these videos, you can now support us on Patreon at https://www.patreon.com/SBMakesStuff ! You can also do that if you don't enjoy the videos, actually. I'm not going to tell you how to spend your money."
"17_vszT6slE","SB Plays The Eternal Cylinder 06 - Securing Assets","SB","2021-10-10","2021-10-10","https://i.ytimg.com/vi/17_vszT6slE/hqdefault.jpg","Soon, we will experience only the normal amount of fear when pursued by a car with big buff arms and yellow headlights!


The Eternal Cylinder is a game about a cylinder... that is eternal. And also it's about committing yourself fully to a queer found family, and playing the trumpet very loudly together to show that nothing can get you down. Well, except the Cylinder. And the Cylinder is ETERNAL.
You can get it on the Epic Games store at https://www.epicgames.com/store/en-US/p/the-eternal-cylinder


You can chat with other folks on the subreddit at https://www.reddit.com/r/SBMakesStuff
If you enjoy these videos, you can now support us on Patreon at https://www.patreon.com/SBMakesStuff ! You can also do that if you don't enjoy the videos, actually. I'm not going to tell you how to spend your money."
"brLh4CcoroY","SB Plays The Eternal Cylinder 07 - Just Warming Up","SB","2021-10-13","2021-10-13","https://i.ytimg.com/vi/brLh4CcoroY/hqdefault.jpg","At least it's a dry heat.


The Eternal Cylinder is a game about a cylinder... that is eternal. And also it's about committing yourself fully to a queer found family, and playing the trumpet very loudly together to show that nothing can get you down. Well, except the Cylinder. And the Cylinder is ETERNAL.
You can get it on the Epic Games store at https://www.epicgames.com/store/en-US/p/the-eternal-cylinder


You can chat with other folks on the subreddit at https://www.reddit.com/r/SBMakesStuff
If you enjoy these videos, you can now support us on Patreon at https://www.patreon.com/SBMakesStuff ! You can also do that if you don't enjoy the videos, actually. I'm not going to tell you how to spend your money."
"u3V6zy7O-tg","SB Plays The Eternal Cylinder 08 - And Then The Trebhum Turned To Violence","SB","2021-10-14","2021-10-14","https://i.ytimg.com/vi/u3V6zy7O-tg/hqdefault.jpg","If they want to hit us with that yellow light, they're going to have to be prepared for this red light.

The Eternal Cylinder is a game about a cylinder... that is eternal. And also it's about committing yourself fully to a queer found family, and playing the trumpet very loudly together to show that nothing can get you down. Well, except the Cylinder. And the Cylinder is ETERNAL.
You can get it on the Epic Games store at https://www.epicgames.com/store/en-US/p/the-eternal-cylinder

You can chat with other folks on the subreddit at https://www.reddit.com/r/SBMakesStuff
If you enjoy these videos, you can now support us on Patreon at https://www.patreon.com/SBMakesStuff ! You can also do that if you don't enjoy the videos, actually. I'm not going to tell you how to spend your money."
"OcE6DtA-g0s","SB Plays The Eternal Cylinder 09 - The Eternal Desert","SB","2021-10-15","2021-10-15","https://i.ytimg.com/vi/OcE6DtA-g0s/hqdefault.jpg","The more paying attention to these meters becomes part of the game, the less I like it.


The Eternal Cylinder is a game about a cylinder... that is eternal. And also it's about committing yourself fully to a queer found family, and playing the trumpet very loudly together to show that nothing can get you down. Well, except the Cylinder. And the Cylinder is ETERNAL.
You can get it on the Epic Games store at https://www.epicgames.com/store/en-US/p/the-eternal-cylinder


You can chat with other folks on the subreddit at https://www.reddit.com/r/SBMakesStuff
If you enjoy these videos, you can now support us on Patreon at https://www.patreon.com/SBMakesStuff ! You can also do that if you don't enjoy the videos, actually. I'm not going to tell you how to spend your money."
"OaG2xpiFMvs","SB Plays The Eternal Cylinder 10 - Simple","SB","2021-10-16","2021-10-16","https://i.ytimg.com/vi/OaG2xpiFMvs/hqdefault.jpg","I do love me some Grover and Big Bird.


The Eternal Cylinder is a game about a cylinder... that is eternal. And also it's about committing yourself fully to a queer found family, and playing the trumpet very loudly together to show that nothing can get you down. Well, except the Cylinder. And the Cylinder is ETERNAL.
You can get it on the Epic Games store at https://www.epicgames.com/store/en-US/p/the-eternal-cylinder


You can chat with other folks on the subreddit at https://www.reddit.com/r/SBMakesStuff
If you enjoy these videos, you can now support us on Patreon at https://www.patreon.com/SBMakesStuff ! You can also do that if you don't enjoy the videos, actually. I'm not going to tell you how to spend your money."
"7Ll5Ka8eUbk","SB Plays The Eternal Cylinder 11 - Can't Take The Heat","SB","2021-10-21","2021-10-21","https://i.ytimg.com/vi/7Ll5Ka8eUbk/hqdefault.jpg","Although also, I don't feel like we should have to.

The Eternal Cylinder is a game about a cylinder... that is eternal. And also it's about committing yourself fully to a queer found family, and playing the trumpet very loudly together to show that nothing can get you down. Well, except the Cylinder. And the Cylinder is ETERNAL.
You can get it on the Epic Games store at https://www.epicgames.com/store/en-US/p/the-eternal-cylinder

You can chat with other folks on the subreddit at https://www.reddit.com/r/SBMakesStuff
If you enjoy these videos, you can now support us on Patreon at https://www.patreon.com/SBMakesStuff ! You can also do that if you don't enjoy the videos, actually. I'm not going to tell you how to spend your money."
"5iUwNsLUPCQ","SB Plays The Eternal Cylinder 12 - A Quarter Grashtuub At A Time","SB","2021-10-21","2021-10-21","https://i.ytimg.com/vi/5iUwNsLUPCQ/hqdefault.jpg","Nicholas was always my favorite character.

The Eternal Cylinder is a game about a cylinder... that is eternal. And also it's about committing yourself fully to a queer found family, and playing the trumpet very loudly together to show that nothing can get you down. Well, except the Cylinder. And the Cylinder is ETERNAL.
You can get it on the Epic Games store at https://www.epicgames.com/store/en-US/p/the-eternal-cylinder

You can chat with other folks on the subreddit at https://www.reddit.com/r/SBMakesStuff
If you enjoy these videos, you can now support us on Patreon at https://www.patreon.com/SBMakesStuff ! You can also do that if you don't enjoy the videos, actually. I'm not going to tell you how to spend your money."
"nRYx6pfB9yE","SB Plays The Eternal Cylinder 13 - A Stretch","SB","2021-10-22","2021-10-22","https://i.ytimg.com/vi/nRYx6pfB9yE/hqdefault.jpg","I'm just saying we need a lot less hoping for space worms and a lot more mixer bodies.


The Eternal Cylinder is a game about a cylinder... that is eternal. And also it's about committing yourself fully to a queer found family, and playing the trumpet very loudly together to show that nothing can get you down. Well, except the Cylinder. And the Cylinder is ETERNAL.
You can get it on the Epic Games store at https://www.epicgames.com/store/en-US/p/the-eternal-cylinder


You can chat with other folks on the subreddit at https://www.reddit.com/r/SBMakesStuff
If you enjoy these videos, you can now support us on Patreon at https://www.patreon.com/SBMakesStuff ! You can also do that if you don't enjoy the videos, actually. I'm not going to tell you how to spend your money."
