"Playlist URL","https://www.youtube.com/playlist?list=PLv2Qcu6n6_mKnWSoY3qGQ7mJIVQVc3pF7"
"Playlist title","SB Plays I Was A Teenage Exocolonist"
"Playlist author","SB"
"Videos","43"

"Video ID","Title","Channel","Added At","Published At","Thumbnail URL","Description"
"2vSxKab35UQ","SB Plays I Was A Teenage Exocolonist 01 - A Bumpy Arrival","SB","2023-03-09","2023-03-09","https://i.ytimg.com/vi/2vSxKab35UQ/hqdefault.jpg","I guess let's hope this wormhole doesn't just turn us all into thin-strained Earthling juice!

I Was A Teenage Exocolonist is a narrative RPG with card-based conflict resolution about growing up on an alien world where apparently terrible things happen just all the time, to everybody. But it seems so upbeat and hopeful....
Get it on Steam at https://store.steampowered.com/app/1148760/I_Was_a_Teenage_Exocolonist/

You can chat with other folks on the subreddit at https://www.reddit.com/r/SBMakesStuff
If you enjoy these videos, you can now support us on Patreon at https://www.patreon.com/SBMakesStuff ! You can also do that if you don't enjoy the videos, actually. I'm not going to tell you how to spend your money."
"0aPwKq5cmZw","SB Plays I Was A Teenage Exocolonist 02 - Or At Least I Will Be Soon","SB","2023-03-10","2023-03-10","https://i.ytimg.com/vi/0aPwKq5cmZw/hqdefault.jpg","Here we are already....

I Was A Teenage Exocolonist is a narrative RPG with card-based conflict resolution about growing up on an alien world where apparently terrible things happen just all the time, to everybody. But it seems so upbeat and hopeful....
Get it on Steam at https://store.steampowered.com/app/1148760/I_Was_a_Teenage_Exocolonist/

You can chat with other folks on the subreddit at https://www.reddit.com/r/SBMakesStuff
If you enjoy these videos, you can now support us on Patreon at https://www.patreon.com/SBMakesStuff ! You can also do that if you don't enjoy the videos, actually. I'm not going to tell you how to spend your money."
"hnXHl2l62aU","SB Plays I Was A Teenage Exocolonist 03 - Wild Life","SB","2023-03-10","2023-03-10","https://i.ytimg.com/vi/hnXHl2l62aU/hqdefault.jpg","It turns out there's a lot of danger out there in space. Who knew?

I Was A Teenage Exocolonist is a narrative RPG with card-based conflict resolution about growing up on an alien world where apparently terrible things happen just all the time, to everybody. But it seems so upbeat and hopeful....
Get it on Steam at https://store.steampowered.com/app/1148760/I_Was_a_Teenage_Exocolonist/

You can chat with other folks on the subreddit at https://www.reddit.com/r/SBMakesStuff
If you enjoy these videos, you can now support us on Patreon at https://www.patreon.com/SBMakesStuff ! You can also do that if you don't enjoy the videos, actually. I'm not going to tell you how to spend your money."
"JIOB6RBPG4s","SB Plays I Was A Teenage Exocolonist 04 - Reaching Out","SB","2023-03-11","2023-03-11","https://i.ytimg.com/vi/JIOB6RBPG4s/hqdefault.jpg","This character is really starting to come together.

I Was A Teenage Exocolonist is a narrative RPG with card-based conflict resolution about growing up on an alien world where apparently terrible things happen just all the time, to everybody. But it seems so upbeat and hopeful....
Get it on Steam at https://store.steampowered.com/app/1148760/I_Was_a_Teenage_Exocolonist/

You can chat with other folks on the subreddit at https://www.reddit.com/r/SBMakesStuff
If you enjoy these videos, you can now support us on Patreon at https://www.patreon.com/SBMakesStuff ! You can also do that if you don't enjoy the videos, actually. I'm not going to tell you how to spend your money."
"yKtsQ0KMBA4","SB Plays I Was A Teenage Exocolonist 05 - WE ARE GOING TO BE FRIENDS","SB","2023-03-11","2023-03-12","https://i.ytimg.com/vi/yKtsQ0KMBA4/hqdefault.jpg","No matter how hard I have to force it!

I Was A Teenage Exocolonist is a narrative RPG with card-based conflict resolution about growing up on an alien world where apparently terrible things happen just all the time, to everybody. But it seems so upbeat and hopeful....
Get it on Steam at https://store.steampowered.com/app/1148760/I_Was_a_Teenage_Exocolonist/

You can chat with other folks on the subreddit at https://www.reddit.com/r/SBMakesStuff
If you enjoy these videos, you can now support us on Patreon at https://www.patreon.com/SBMakesStuff ! You can also do that if you don't enjoy the videos, actually. I'm not going to tell you how to spend your money."
"cop4u3l1JxI","SB Plays I Was A Teenage Exocolonist 06 - Scaling","SB","2023-03-15","2023-03-15","https://i.ytimg.com/vi/cop4u3l1JxI/hqdefault.jpg","I don't know if that was really intended to rise so quickly....

I Was A Teenage Exocolonist is a narrative RPG with card-based conflict resolution about growing up on an alien world where apparently terrible things happen just all the time, to everybody. But it seems so upbeat and hopeful....
Get it on Steam at https://store.steampowered.com/app/1148760/I_Was_a_Teenage_Exocolonist/

You can chat with other folks on the subreddit at https://www.reddit.com/r/SBMakesStuff
If you enjoy these videos, you can now support us on Patreon at https://www.patreon.com/SBMakesStuff ! You can also do that if you don't enjoy the videos, actually. I'm not going to tell you how to spend your money."
"Z0xMzecJfu8","SB Plays I Was A Teenage Exocolonist 07 - Deep Breaths","SB","2023-03-15","2023-03-16","https://i.ytimg.com/vi/Z0xMzecJfu8/hqdefault.jpg","If people would just wear their damn masks things would stop getting worse, but for some reason they just don't seem to care about--hey, this is sounding a bit familiar....

I Was A Teenage Exocolonist is a narrative RPG with card-based conflict resolution about growing up on an alien world where apparently terrible things happen just all the time, to everybody. But it seems so upbeat and hopeful....
Get it on Steam at https://store.steampowered.com/app/1148760/I_Was_a_Teenage_Exocolonist/

You can chat with other folks on the subreddit at https://www.reddit.com/r/SBMakesStuff
If you enjoy these videos, you can now support us on Patreon at https://www.patreon.com/SBMakesStuff ! You can also do that if you don't enjoy the videos, actually. I'm not going to tell you how to spend your money."
"lkCQoJ5OyfE","SB Plays I Was A Teenage Exocolonist 08 - The Messy Years","SB","2023-03-15","2023-03-18","https://i.ytimg.com/vi/lkCQoJ5OyfE/hqdefault.jpg","There's an awful lot of narrative pressure building up in here....

I Was A Teenage Exocolonist is a narrative RPG with card-based conflict resolution about growing up on an alien world where apparently terrible things happen just all the time, to everybody. But it seems so upbeat and hopeful....
Get it on Steam at https://store.steampowered.com/app/1148760/I_Was_a_Teenage_Exocolonist/

You can chat with other folks on the subreddit at https://www.reddit.com/r/SBMakesStuff
If you enjoy these videos, you can now support us on Patreon at https://www.patreon.com/SBMakesStuff ! You can also do that if you don't enjoy the videos, actually. I'm not going to tell you how to spend your money."
"rSsrc_dteaY","SB Plays I Was A Teenage Exocolonist 09 - A Little Bit Of Honesty","SB","2023-03-19","2023-03-19","https://i.ytimg.com/vi/rSsrc_dteaY/hqdefault.jpg","Adults are not nearly as good at hiding things as they think they are.

I Was A Teenage Exocolonist is a narrative RPG with card-based conflict resolution about growing up on an alien world where apparently terrible things happen just all the time, to everybody. But it seems so upbeat and hopeful....
Get it on Steam at https://store.steampowered.com/app/1148760/I_Was_a_Teenage_Exocolonist/

You can chat with other folks on the subreddit at https://www.reddit.com/r/SBMakesStuff
If you enjoy these videos, you can now support us on Patreon at https://www.patreon.com/SBMakesStuff ! You can also do that if you don't enjoy the videos, actually. I'm not going to tell you how to spend your money."
"_zYL2jtfj1E","SB Plays I Was A Teenage Exocolonist 10 - Contributing Member Of Society","SB","2023-03-19","2023-03-20","https://i.ytimg.com/vi/_zYL2jtfj1E/hqdefault.jpg","I don't know that I feel like my skills as a rancher are really being tested here, but I'm just happy to be useful!

I Was A Teenage Exocolonist is a narrative RPG with card-based conflict resolution about growing up on an alien world where apparently terrible things happen just all the time, to everybody. But it seems so upbeat and hopeful....
Get it on Steam at https://store.steampowered.com/app/1148760/I_Was_a_Teenage_Exocolonist/

You can chat with other folks on the subreddit at https://www.reddit.com/r/SBMakesStuff
If you enjoy these videos, you can now support us on Patreon at https://www.patreon.com/SBMakesStuff ! You can also do that if you don't enjoy the videos, actually. I'm not going to tell you how to spend your money."
"GfezpQ0dtqw","SB Plays I Was A Teenage Exocolonist 11 - New Faces","SB","2023-03-20","2023-03-22","https://i.ytimg.com/vi/GfezpQ0dtqw/hqdefault.jpg","Wait, how?!?

I Was A Teenage Exocolonist is a narrative RPG with card-based conflict resolution about growing up on an alien world where apparently terrible things happen just all the time, to everybody. But it seems so upbeat and hopeful....
Get it on Steam at https://store.steampowered.com/app/1148760/I_Was_a_Teenage_Exocolonist/

You can chat with other folks on the subreddit at https://www.reddit.com/r/SBMakesStuff
If you enjoy these videos, you can now support us on Patreon at https://www.patreon.com/SBMakesStuff ! You can also do that if you don't enjoy the videos, actually. I'm not going to tell you how to spend your money."
"eolAgKwJ_EM","SB Plays I Was A Teenage Exocolonist 12 - Searching High And Low","SB","2023-03-20","2023-03-23","https://i.ytimg.com/vi/eolAgKwJ_EM/hqdefault.jpg","I really feel like everyone should be making a bigger deal about all this....

I Was A Teenage Exocolonist is a narrative RPG with card-based conflict resolution about growing up on an alien world where apparently terrible things happen just all the time, to everybody. But it seems so upbeat and hopeful....
Get it on Steam at https://store.steampowered.com/app/1148760/I_Was_a_Teenage_Exocolonist/

You can chat with other folks on the subreddit at https://www.reddit.com/r/SBMakesStuff
If you enjoy these videos, you can now support us on Patreon at https://www.patreon.com/SBMakesStuff ! You can also do that if you don't enjoy the videos, actually. I'm not going to tell you how to spend your money."
"hG8mWd09pvI","SB Plays I Was A Teenage Exocolonist 13 - Spending Too Much Time On The Computer","SB","2023-03-22","2023-03-24","https://i.ytimg.com/vi/hG8mWd09pvI/hqdefault.jpg","What do you know? We have something in common after all.

I Was A Teenage Exocolonist is a narrative RPG with card-based conflict resolution about growing up on an alien world where apparently terrible things happen just all the time, to everybody. But it seems so upbeat and hopeful....
Get it on Steam at https://store.steampowered.com/app/1148760/I_Was_a_Teenage_Exocolonist/

You can chat with other folks on the subreddit at https://www.reddit.com/r/SBMakesStuff
If you enjoy these videos, you can now support us on Patreon at https://www.patreon.com/SBMakesStuff ! You can also do that if you don't enjoy the videos, actually. I'm not going to tell you how to spend your money."
"aFMO8DIegZs","SB Plays I Was A Teenage Exocolonist 14 - It's Cool, I Got Some Extra","SB","2023-03-22","2023-03-25","https://i.ytimg.com/vi/aFMO8DIegZs/hqdefault.jpg","I don't even know what I'm going to do with all these things.

I Was A Teenage Exocolonist is a narrative RPG with card-based conflict resolution about growing up on an alien world where apparently terrible things happen just all the time, to everybody. But it seems so upbeat and hopeful....
Get it on Steam at https://store.steampowered.com/app/1148760/I_Was_a_Teenage_Exocolonist/

You can chat with other folks on the subreddit at https://www.reddit.com/r/SBMakesStuff
If you enjoy these videos, you can now support us on Patreon at https://www.patreon.com/SBMakesStuff ! You can also do that if you don't enjoy the videos, actually. I'm not going to tell you how to spend your money."
"7D54Yw0XxFg","SB Plays I Was A Teenage Exocolonist 15 - Maybe Everything Will Be Chill Now","SB","2023-03-22","2023-03-26","https://i.ytimg.com/vi/7D54Yw0XxFg/hqdefault.jpg","Obviously, everything is cool and good and settled, forever.

I Was A Teenage Exocolonist is a narrative RPG with card-based conflict resolution about growing up on an alien world where apparently terrible things happen just all the time, to everybody. But it seems so upbeat and hopeful....
Get it on Steam at https://store.steampowered.com/app/1148760/I_Was_a_Teenage_Exocolonist/

You can chat with other folks on the subreddit at https://www.reddit.com/r/SBMakesStuff
If you enjoy these videos, you can now support us on Patreon at https://www.patreon.com/SBMakesStuff ! You can also do that if you don't enjoy the videos, actually. I'm not going to tell you how to spend your money."
"Jxq-R6lSq1c","SB Plays I Was A Teenage Exocolonist 16 - Animal Behaviors","SB","2023-03-29","2023-03-29","https://i.ytimg.com/vi/Jxq-R6lSq1c/hqdefault.jpg","You have to keep your eye on them!

I Was A Teenage Exocolonist is a narrative RPG with card-based conflict resolution about growing up on an alien world where apparently terrible things happen just all the time, to everybody. But it seems so upbeat and hopeful....
Get it on Steam at https://store.steampowered.com/app/1148760/I_Was_a_Teenage_Exocolonist/

You can chat with other folks on the subreddit at https://www.reddit.com/r/SBMakesStuff
If you enjoy these videos, you can now support us on Patreon at https://www.patreon.com/SBMakesStuff ! You can also do that if you don't enjoy the videos, actually. I'm not going to tell you how to spend your money."
"hosnrQJpagM","SB Plays I Was A Teenage Exocolonist 17 - Friction","SB","2023-03-31","2023-03-31","https://i.ytimg.com/vi/hosnrQJpagM/hqdefault.jpg","Frankly, I'm surprised it's taken this long....

I Was A Teenage Exocolonist is a narrative RPG with card-based conflict resolution about growing up on an alien world where apparently terrible things happen just all the time, to everybody. But it seems so upbeat and hopeful....
Get it on Steam at https://store.steampowered.com/app/1148760/I_Was_a_Teenage_Exocolonist/

You can chat with other folks on the subreddit at https://www.reddit.com/r/SBMakesStuff
If you enjoy these videos, you can now support us on Patreon at https://www.patreon.com/SBMakesStuff ! You can also do that if you don't enjoy the videos, actually. I'm not going to tell you how to spend your money."
"LcrsupjhjYg","SB Plays I Was A Teenage Exocolonist 18 - Known Better","SB","2023-04-01","2023-04-01","https://i.ytimg.com/vi/LcrsupjhjYg/hqdefault.jpg","I have to admit I'm getting REAL nervous about the way all this militarism is shaping up....

I Was A Teenage Exocolonist is a narrative RPG with card-based conflict resolution about growing up on an alien world where apparently terrible things happen just all the time, to everybody. But it seems so upbeat and hopeful....
Get it on Steam at https://store.steampowered.com/app/1148760/I_Was_a_Teenage_Exocolonist/

You can chat with other folks on the subreddit at https://www.reddit.com/r/SBMakesStuff
If you enjoy these videos, you can now support us on Patreon at https://www.patreon.com/SBMakesStuff ! You can also do that if you don't enjoy the videos, actually. I'm not going to tell you how to spend your money."
"2qSFKj2fVGo","SB Plays I Was A Teenage Exocolonist 19 - Totally Sick","SB","2023-04-01","2023-04-02","https://i.ytimg.com/vi/2qSFKj2fVGo/hqdefault.jpg","OKAY WELL SOMEONE SHOULD DO SOMETHING ABOUT THAT

I Was A Teenage Exocolonist is a narrative RPG with card-based conflict resolution about growing up on an alien world where apparently terrible things happen just all the time, to everybody. But it seems so upbeat and hopeful....
Get it on Steam at https://store.steampowered.com/app/1148760/I_Was_a_Teenage_Exocolonist/

You can chat with other folks on the subreddit at https://www.reddit.com/r/SBMakesStuff
If you enjoy these videos, you can now support us on Patreon at https://www.patreon.com/SBMakesStuff ! You can also do that if you don't enjoy the videos, actually. I'm not going to tell you how to spend your money."
"rK1cWW-Wse0","SB Plays I Was A Teenage Exocolonist 20 - Somehow That Isn't Better!","SB","2023-04-01","2023-04-02","https://i.ytimg.com/vi/rK1cWW-Wse0/hqdefault.jpg","There are so, so many things that should not be on my plate as a teenager, and we're rapidly approaching having dealt with ALL of them.

I Was A Teenage Exocolonist is a narrative RPG with card-based conflict resolution about growing up on an alien world where apparently terrible things happen just all the time, to everybody. But it seems so upbeat and hopeful....
Get it on Steam at https://store.steampowered.com/app/1148760/I_Was_a_Teenage_Exocolonist/

You can chat with other folks on the subreddit at https://www.reddit.com/r/SBMakesStuff
If you enjoy these videos, you can now support us on Patreon at https://www.patreon.com/SBMakesStuff or via Ko-Fi at https://www.ko-fi.com/sbmakesstuff ! You can also do that if you don't enjoy the videos, actually. I'm not going to tell you how to spend your money."
"paRErw1AAxY","SB Plays I Was A Teenage Exocolonist 21 - Building Up","SB","2023-04-06","2023-04-06","https://i.ytimg.com/vi/paRErw1AAxY/hqdefault.jpg","In the end, it all has to go somewhere....

I Was A Teenage Exocolonist is a narrative RPG with card-based conflict resolution about growing up on an alien world where apparently terrible things happen just all the time, to everybody. But it seems so upbeat and hopeful....
Get it on Steam at https://store.steampowered.com/app/1148760/I_Was_a_Teenage_Exocolonist/

You can chat with other folks on the subreddit at https://www.reddit.com/r/SBMakesStuff
If you enjoy these videos, you can now support us on Patreon at https://www.patreon.com/SBMakesStuff or via Ko-Fi at https://www.ko-fi.com/sbmakesstuff ! You can also do that if you don't enjoy the videos, actually. I'm not going to tell you how to spend your money."
"HZFaA369bl4","SB Plays I Was A Teenage Exocolonist 22 - A Little Warped","SB","2023-04-07","2023-04-07","https://i.ytimg.com/vi/HZFaA369bl4/hqdefault.jpg","It definitely seems like it's going to be significant.

I Was A Teenage Exocolonist is a narrative RPG with card-based conflict resolution about growing up on an alien world where apparently terrible things happen just all the time, to everybody. But it seems so upbeat and hopeful....
Get it on Steam at https://store.steampowered.com/app/1148760/I_Was_a_Teenage_Exocolonist/

You can chat with other folks on the subreddit at https://www.reddit.com/r/SBMakesStuff
If you enjoy these videos, you can now support us on Patreon at https://www.patreon.com/SBMakesStuff or via Ko-Fi at https://www.ko-fi.com/sbmakesstuff ! You can also do that if you don't enjoy the videos, actually. I'm not going to tell you how to spend your money."
"tu9YN7y4N1A","SB Plays I Was A Teenage Exocolonist 23 - Back To Normal (?)","SB","2023-04-12","2023-04-12","https://i.ytimg.com/vi/tu9YN7y4N1A/hqdefault.jpg","You know, for a certain definition....

I Was A Teenage Exocolonist is a narrative RPG with card-based conflict resolution about growing up on an alien world where apparently terrible things happen just all the time, to everybody. But it seems so upbeat and hopeful....
Get it on Steam at https://store.steampowered.com/app/1148760/I_Was_a_Teenage_Exocolonist/

You can chat with other folks on the subreddit at https://www.reddit.com/r/SBMakesStuff
If you enjoy these videos, you can now support us on Patreon at https://www.patreon.com/SBMakesStuff or via Ko-Fi at https://www.ko-fi.com/sbmakesstuff ! You can also do that if you don't enjoy the videos, actually. I'm not going to tell you how to spend your money."
"Ib9K_06akLQ","SB Plays I Was A Teenage Exocolonist 24 - An End Approaches","SB","2023-04-13","2023-04-13","https://i.ytimg.com/vi/Ib9K_06akLQ/hqdefault.jpg","We're drawing up on it now.

I Was A Teenage Exocolonist is a narrative RPG with card-based conflict resolution about growing up on an alien world where apparently terrible things happen just all the time, to everybody. But it seems so upbeat and hopeful....
Get it on Steam at https://store.steampowered.com/app/1148760/I_Was_a_Teenage_Exocolonist/

You can chat with other folks on the subreddit at https://www.reddit.com/r/SBMakesStuff
If you enjoy these videos, you can now support us on Patreon at https://www.patreon.com/SBMakesStuff or via Ko-Fi at https://www.ko-fi.com/sbmakesstuff ! You can also do that if you don't enjoy the videos, actually. I'm not going to tell you how to spend your money."
"ZxFgSS_bHJA","SB Plays I Was A Teenage Exocolonist 25 - Failures Of Diplomacy","SB","2023-04-15","2023-04-15","https://i.ytimg.com/vi/ZxFgSS_bHJA/hqdefault.jpg","If only I had ever learned how to talk to people even a little bit.

I Was A Teenage Exocolonist is a narrative RPG with card-based conflict resolution about growing up on an alien world where apparently terrible things happen just all the time, to everybody. But it seems so upbeat and hopeful....
Get it on Steam at https://store.steampowered.com/app/1148760/I_Was_a_Teenage_Exocolonist/

You can chat with other folks on the subreddit at https://www.reddit.com/r/SBMakesStuff
If you enjoy these videos, you can now support us on Patreon at https://www.patreon.com/SBMakesStuff or via Ko-Fi at https://www.ko-fi.com/sbmakesstuff ! You can also do that if you don't enjoy the videos, actually. I'm not going to tell you how to spend your money."
"erKpUE5Wvrw","SB Plays I Was A Teenage Exocolonist 26 - Begin Again","SB","2023-04-27","2023-04-27","https://i.ytimg.com/vi/erKpUE5Wvrw/hqdefault.jpg","I'll take any fragments I can find....

I Was A Teenage Exocolonist is a narrative RPG with card-based conflict resolution about growing up on an alien world where apparently terrible things happen just all the time, to everybody. But it seems so upbeat and hopeful....
Get it on Steam at https://store.steampowered.com/app/1148760/I_Was_a_Teenage_Exocolonist/

You can chat with other folks on the subreddit at https://www.reddit.com/r/SBMakesStuff
If you enjoy these videos, you can now support us on Patreon at https://www.patreon.com/SBMakesStuff or via Ko-Fi at https://www.ko-fi.com/sbmakesstuff ! You can also do that if you don't enjoy the videos, actually. I'm not going to tell you how to spend your money."
"4CN3iGAfUhM","SB Plays I Was A Teenage Exocolonist 27 - Growing Up Fast","SB","2023-04-27","2023-04-27","https://i.ytimg.com/vi/4CN3iGAfUhM/hqdefault.jpg","Reading is for nerds!

I Was A Teenage Exocolonist is a narrative RPG with card-based conflict resolution about growing up on an alien world where apparently terrible things happen just all the time, to everybody. But it seems so upbeat and hopeful....
Get it on Steam at https://store.steampowered.com/app/1148760/I_Was_a_Teenage_Exocolonist/

You can chat with other folks on the subreddit at https://www.reddit.com/r/SBMakesStuff
If you enjoy these videos, you can now support us on Patreon at https://www.patreon.com/SBMakesStuff or via Ko-Fi at https://www.ko-fi.com/sbmakesstuff ! You can also do that if you don't enjoy the videos, actually. I'm not going to tell you how to spend your money."
"ce_Fp9mZP6Q","SB Plays I Was A Teenage Exocolonist 28 - Spotty Visions","SB","2023-04-30","2023-04-30","https://i.ytimg.com/vi/ce_Fp9mZP6Q/hqdefault.jpg","Okay, I definitely remember... some of this....

I Was A Teenage Exocolonist is a narrative RPG with card-based conflict resolution about growing up on an alien world where apparently terrible things happen just all the time, to everybody. But it seems so upbeat and hopeful....
Get it on Steam at https://store.steampowered.com/app/1148760/I_Was_a_Teenage_Exocolonist/

You can chat with other folks on the subreddit at https://www.reddit.com/r/SBMakesStuff
If you enjoy these videos, you can now support us on Patreon at https://www.patreon.com/SBMakesStuff or via Ko-Fi at https://www.ko-fi.com/sbmakesstuff ! You can also do that if you don't enjoy the videos, actually. I'm not going to tell you how to spend your money."
"gZ00N4q236o","SB Plays I Was A Teenage Exocolonist 29 - Secrets From The Future","SB","2023-05-03","2023-05-04","https://i.ytimg.com/vi/gZ00N4q236o/hqdefault.jpg","All this ""tortured by prophecy"" stuff has to start paying off soon....

I Was A Teenage Exocolonist is a narrative RPG with card-based conflict resolution about growing up on an alien world where apparently terrible things happen just all the time, to everybody. But it seems so upbeat and hopeful....
Get it on Steam at https://store.steampowered.com/app/1148760/I_Was_a_Teenage_Exocolonist/

You can chat with other folks on the subreddit at https://www.reddit.com/r/SBMakesStuff
If you enjoy these videos, you can now support us on Patreon at https://www.patreon.com/SBMakesStuff or via Ko-Fi at https://www.ko-fi.com/sbmakesstuff ! You can also do that if you don't enjoy the videos, actually. I'm not going to tell you how to spend your money."
"8VRsQfAUNVE","SB Plays I Was A Teenage Exocolonist 30 - Hiccups","SB","2023-05-04","2023-05-04","https://i.ytimg.com/vi/8VRsQfAUNVE/hqdefault.jpg","Surely the timestream will survive A LITTLE more fiddling about....

I Was A Teenage Exocolonist is a narrative RPG with card-based conflict resolution about growing up on an alien world where apparently terrible things happen just all the time, to everybody. But it seems so upbeat and hopeful....
Get it on Steam at https://store.steampowered.com/app/1148760/I_Was_a_Teenage_Exocolonist/

You can chat with other folks on the subreddit at https://www.reddit.com/r/SBMakesStuff
If you enjoy these videos, you can now support us on Patreon at https://www.patreon.com/SBMakesStuff or via Ko-Fi at https://www.ko-fi.com/sbmakesstuff ! You can also do that if you don't enjoy the videos, actually. I'm not going to tell you how to spend your money."
"YNVvwt0iULM","SB Plays I Was A Teenage Exocolonist 31 - Secret Not-So-Fun Times","SB","2023-05-06","2023-05-06","https://i.ytimg.com/vi/YNVvwt0iULM/hqdefault.jpg","It's okay, I'm sure I can remember how to get out of this....

I Was A Teenage Exocolonist is a narrative RPG with card-based conflict resolution about growing up on an alien world where apparently terrible things happen just all the time, to everybody. But it seems so upbeat and hopeful....
Get it on Steam at https://store.steampowered.com/app/1148760/I_Was_a_Teenage_Exocolonist/

You can chat with other folks on the subreddit at https://www.reddit.com/r/SBMakesStuff
If you enjoy these videos, you can now support us on Patreon at https://www.patreon.com/SBMakesStuff or via Ko-Fi at https://www.ko-fi.com/sbmakesstuff ! You can also do that if you don't enjoy the videos, actually. I'm not going to tell you how to spend your money."
"EpALsTnQVIk","SB Plays I Was A Teenage Exocolonist 32 - The Shakeup","SB","2023-05-07","2023-05-07","https://i.ytimg.com/vi/EpALsTnQVIk/hqdefault.jpg","I hope all of our foreknowledge can make this stuff feel a little bit less grim this time.

I Was A Teenage Exocolonist is a narrative RPG with card-based conflict resolution about growing up on an alien world where apparently terrible things happen just all the time, to everybody. But it seems so upbeat and hopeful....
Get it on Steam at https://store.steampowered.com/app/1148760/I_Was_a_Teenage_Exocolonist/

You can chat with other folks on the subreddit at https://www.reddit.com/r/SBMakesStuff
If you enjoy these videos, you can now support us on Patreon at https://www.patreon.com/SBMakesStuff or via Ko-Fi at https://www.ko-fi.com/sbmakesstuff ! You can also do that if you don't enjoy the videos, actually. I'm not going to tell you how to spend your money."
"7yPWmsEL52o","SB Plays I Was A Teenage Exocolonist 33 - Always So Much To Do","SB","2023-05-09","2023-05-09","https://i.ytimg.com/vi/7yPWmsEL52o/hqdefault.jpg","HOW IS 10 YEARS ENOUGH TIME TO DO ALL OF THIS?

I Was A Teenage Exocolonist is a narrative RPG with card-based conflict resolution about growing up on an alien world where apparently terrible things happen just all the time, to everybody. But it seems so upbeat and hopeful....
Get it on Steam at https://store.steampowered.com/app/1148760/I_Was_a_Teenage_Exocolonist/

You can chat with other folks on the subreddit at https://www.reddit.com/r/SBMakesStuff
If you enjoy these videos, you can now support us on Patreon at https://www.patreon.com/SBMakesStuff or via Ko-Fi at https://www.ko-fi.com/sbmakesstuff ! You can also do that if you don't enjoy the videos, actually. I'm not going to tell you how to spend your money."
"0y315x74b74","SB Plays I Was A Teenage Exocolonist 34 - Very High Skill","SB","2023-05-10","2023-05-10","https://i.ytimg.com/vi/0y315x74b74/hqdefault.jpg","Perhaps if I just make myself constantly pathetically endangered, Sym will have to come and save me from myself!

I Was A Teenage Exocolonist is a narrative RPG with card-based conflict resolution about growing up on an alien world where apparently terrible things happen just all the time, to everybody. But it seems so upbeat and hopeful....
Get it on Steam at https://store.steampowered.com/app/1148760/I_Was_a_Teenage_Exocolonist/

You can chat with other folks on the subreddit at https://www.reddit.com/r/SBMakesStuff
If you enjoy these videos, you can now support us on Patreon at https://www.patreon.com/SBMakesStuff or via Ko-Fi at https://www.ko-fi.com/sbmakesstuff ! You can also do that if you don't enjoy the videos, actually. I'm not going to tell you how to spend your money."
"9QYX9s4r--A","SB Plays I Was A Teenage Exocolonist 35 - As We Seek","SB","2023-05-11","2023-05-11","https://i.ytimg.com/vi/9QYX9s4r--A/hqdefault.jpg","This past life knowledge stuff really comes in handy sometimes!

I Was A Teenage Exocolonist is a narrative RPG with card-based conflict resolution about growing up on an alien world where apparently terrible things happen just all the time, to everybody. But it seems so upbeat and hopeful....
Get it on Steam at https://store.steampowered.com/app/1148760/I_Was_a_Teenage_Exocolonist/

You can chat with other folks on the subreddit at https://www.reddit.com/r/SBMakesStuff
If you enjoy these videos, you can now support us on Patreon at https://www.patreon.com/SBMakesStuff or via Ko-Fi at https://www.ko-fi.com/sbmakesstuff ! You can also do that if you don't enjoy the videos, actually. I'm not going to tell you how to spend your money."
"jGBTlS5lfFQ","SB Plays I Was A Teenage Exocolonist 36 - Swamped","SB","2023-05-13","2023-05-13","https://i.ytimg.com/vi/jGBTlS5lfFQ/hqdefault.jpg","I can't believe I managed to accidentally avert so many catastrophes last time. This time I feel like I can't even do it on purpose!

I Was A Teenage Exocolonist is a narrative RPG with card-based conflict resolution about growing up on an alien world where apparently terrible things happen just all the time, to everybody. But it seems so upbeat and hopeful....
Get it on Steam at https://store.steampowered.com/app/1148760/I_Was_a_Teenage_Exocolonist/

You can chat with other folks on the subreddit at https://www.reddit.com/r/SBMakesStuff
If you enjoy these videos, you can now support us on Patreon at https://www.patreon.com/SBMakesStuff or via Ko-Fi at https://www.ko-fi.com/sbmakesstuff ! You can also do that if you don't enjoy the videos, actually. I'm not going to tell you how to spend your money."
"UVOsImv8Dqc","SB Plays I Was A Teenage Exocolonist 37 - Shudder (Reupload)","SB","2023-05-15","2023-05-15","https://i.ytimg.com/vi/UVOsImv8Dqc/hqdefault.jpg","OKAY LET'S SEE IF IT WORKS THIS TIME

I Was A Teenage Exocolonist is a narrative RPG with card-based conflict resolution about growing up on an alien world where apparently terrible things happen just all the time, to everybody. But it seems so upbeat and hopeful....
Get it on Steam at https://store.steampowered.com/app/1148760/I_Was_a_Teenage_Exocolonist/

You can chat with other folks on the subreddit at https://www.reddit.com/r/SBMakesStuff
If you enjoy these videos, you can now support us on Patreon at https://www.patreon.com/SBMakesStuff or via Ko-Fi at https://www.ko-fi.com/sbmakesstuff ! You can also do that if you don't enjoy the videos, actually. I'm not going to tell you how to spend your money."
"sPpSZGnQ-EI","SB Plays I Was A Teenage Exocolonist 38 - The Fruits Of Our Labors","SB","2023-05-15","2023-05-15","https://i.ytimg.com/vi/sPpSZGnQ-EI/hqdefault.jpg","Careful. Sometimes they're radioactive!

I Was A Teenage Exocolonist is a narrative RPG with card-based conflict resolution about growing up on an alien world where apparently terrible things happen just all the time, to everybody. But it seems so upbeat and hopeful....
Get it on Steam at https://store.steampowered.com/app/1148760/I_Was_a_Teenage_Exocolonist/

You can chat with other folks on the subreddit at https://www.reddit.com/r/SBMakesStuff
If you enjoy these videos, you can now support us on Patreon at https://www.patreon.com/SBMakesStuff or via Ko-Fi at https://www.ko-fi.com/sbmakesstuff ! You can also do that if you don't enjoy the videos, actually. I'm not going to tell you how to spend your money."
"5Wp-5MN3EKc","SB Plays I Was A Teenage Exocolonist 39 - Tightening Bonds","SB","2023-05-18","2023-05-18","https://i.ytimg.com/vi/5Wp-5MN3EKc/hqdefault.jpg","It turns out we're going to need an awful lot of friends....

I Was A Teenage Exocolonist is a narrative RPG with card-based conflict resolution about growing up on an alien world where apparently terrible things happen just all the time, to everybody. But it seems so upbeat and hopeful....
Get it on Steam at https://store.steampowered.com/app/1148760/I_Was_a_Teenage_Exocolonist/

You can chat with other folks on the subreddit at https://www.reddit.com/r/SBMakesStuff
If you enjoy these videos, you can now support us on Patreon at https://www.patreon.com/SBMakesStuff or via Ko-Fi at https://www.ko-fi.com/sbmakesstuff ! You can also do that if you don't enjoy the videos, actually. I'm not going to tell you how to spend your money."
"pUC7EQ2XKic","SB Plays I Was A Teenage Exocolonist 40 - Opinion Polling","SB","2023-05-19","2023-05-19","https://i.ytimg.com/vi/pUC7EQ2XKic/hqdefault.jpg","Gosh, I sure hope all these people are telling us the truth.

I Was A Teenage Exocolonist is a narrative RPG with card-based conflict resolution about growing up on an alien world where apparently terrible things happen just all the time, to everybody. But it seems so upbeat and hopeful....
Get it on Steam at https://store.steampowered.com/app/1148760/I_Was_a_Teenage_Exocolonist/

You can chat with other folks on the subreddit at https://www.reddit.com/r/SBMakesStuff
If you enjoy these videos, you can now support us on Patreon at https://www.patreon.com/SBMakesStuff or via Ko-Fi at https://www.ko-fi.com/sbmakesstuff ! You can also do that if you don't enjoy the videos, actually. I'm not going to tell you how to spend your money."
"bY2fg2sxx-0","SB Plays I Was A Teenage Exocolonist 41 - The Moment Of Truth","SB","2023-05-21","2023-05-21","https://i.ytimg.com/vi/bY2fg2sxx-0/hqdefault.jpg","It's time someone finally did something about this!

I Was A Teenage Exocolonist is a narrative RPG with card-based conflict resolution about growing up on an alien world where apparently terrible things happen just all the time, to everybody. But it seems so upbeat and hopeful....
Get it on Steam at https://store.steampowered.com/app/1148760/I_Was_a_Teenage_Exocolonist/

You can chat with other folks on the subreddit at https://www.reddit.com/r/SBMakesStuff
If you enjoy these videos, you can now support us on Patreon at https://www.patreon.com/SBMakesStuff or via Ko-Fi at https://www.ko-fi.com/sbmakesstuff ! You can also do that if you don't enjoy the videos, actually. I'm not going to tell you how to spend your money."
"n7YvoPIL5GE","SB Plays I Was A Teenage Exocolonist 42 - The Question","SB","2023-05-22","2023-05-22","https://i.ytimg.com/vi/n7YvoPIL5GE/hqdefault.jpg","Something tells me this is going to be more complicated than multiplying six by nine.

I Was A Teenage Exocolonist is a narrative RPG with card-based conflict resolution about growing up on an alien world where apparently terrible things happen just all the time, to everybody. But it seems so upbeat and hopeful....
Get it on Steam at https://store.steampowered.com/app/1148760/I_Was_a_Teenage_Exocolonist/

You can chat with other folks on the subreddit at https://www.reddit.com/r/SBMakesStuff
If you enjoy these videos, you can now support us on Patreon at https://www.patreon.com/SBMakesStuff or via Ko-Fi at https://www.ko-fi.com/sbmakesstuff ! You can also do that if you don't enjoy the videos, actually. I'm not going to tell you how to spend your money."
"lFO4K4fvIBc","SB Plays I Was A Teenage Exocolonist 43 - The Answer","SB","2023-05-24","2023-05-24","https://i.ytimg.com/vi/lFO4K4fvIBc/hqdefault.jpg","You know, it wasn't all hits all the time, but this game has really impressed me.

I Was A Teenage Exocolonist is a narrative RPG with card-based conflict resolution about growing up on an alien world where apparently terrible things happen just all the time, to everybody. But it seems so upbeat and hopeful....
Get it on Steam at https://store.steampowered.com/app/1148760/I_Was_a_Teenage_Exocolonist/

You can chat with other folks on the subreddit at https://www.reddit.com/r/SBMakesStuff
If you enjoy these videos, you can now support us on Patreon at https://www.patreon.com/SBMakesStuff or via Ko-Fi at https://www.ko-fi.com/sbmakesstuff ! You can also do that if you don't enjoy the videos, actually. I'm not going to tell you how to spend your money."
