"Playlist URL","https://www.youtube.com/playlist?list=PLv2Qcu6n6_mJy96arKf1_x4ykWMY7JQ0R"
"Playlist title","SB Plays Psychonauts 2"
"Playlist author","SB"
"Videos","17"

"Video ID","Title","Channel","Added At","Published At","Thumbnail URL","Description"
"YoZpbXLJ6nA","SB Plays Psychonauts 2 01 - A Toothsome Return","SB","2021-08-26","2021-08-26","https://i.ytimg.com/vi/YoZpbXLJ6nA/hqdefault.jpg","Additional content warning: Just way too much dental imagery

Psychonauts 2 is Double Fine's newest game about secret agents and brain stuff. And the secret agents are secret agents OF brain stuff. Come for the incredible psychic powers, stay for the wordplay!
Tou can get it on Steam at https://store.steampowered.com/app/607080/Psychonauts_2/
If you want to see more of this, check out the playlist for this series: https://www.youtube.com/playlist?list=PLv2Qcu6n6_mJy96arKf1_x4ykWMY7JQ0R

You can chat with other folks on the subreddit at https://www.reddit.com/r/SBMakesStuff
If you enjoy these videos, you can now support us on Patreon at https://www.patreon.com/SBMakesStuff ! You can also do that if you don't enjoy the videos, actually. I'm not going to tell you how to spend your money."
"xITt3efOb9I","SB Plays Psychonauts 2 02 - Priorities","SB","2021-08-28","2021-08-28","https://i.ytimg.com/vi/xITt3efOb9I/hqdefault.jpg","You're all lucky there isn't a pool minigame.


Psychonauts 2 is Double Fine's newest game about secret agents and brain stuff. And the secret agents are secret agents OF brain stuff. Come for the incredible psychic powers, stay for the wordplay!
Tou can get it on Steam at https://store.steampowered.com/app/607080/Psychonauts_2/
If you want to see more of this, check out the playlist for this series: https://www.youtube.com/playlist?list=PLv2Qcu6n6_mJy96arKf1_x4ykWMY7JQ0R


You can chat with other folks on the subreddit at https://www.reddit.com/r/SBMakesStuff
If you enjoy these videos, you can now support us on Patreon at https://www.patreon.com/SBMakesStuff ! You can also do that if you don't enjoy the videos, actually. I'm not going to tell you how to spend your money."
"ymm3msbkylI","SB Plays Psychonauts 2 03 - It's Not Brain Surgery","SB","2021-08-29","2021-08-29","https://i.ytimg.com/vi/ymm3msbkylI/hqdefault.jpg","Technically, anyway.


Psychonauts 2 is Double Fine's newest game about secret agents and brain stuff. And the secret agents are secret agents OF brain stuff. Come for the incredible psychic powers, stay for the wordplay!
Tou can get it on Steam at https://store.steampowered.com/app/607080/Psychonauts_2/
If you want to see more of this, check out the playlist for this series: https://www.youtube.com/playlist?list=PLv2Qcu6n6_mJy96arKf1_x4ykWMY7JQ0R


You can chat with other folks on the subreddit at https://www.reddit.com/r/SBMakesStuff
If you enjoy these videos, you can now support us on Patreon at https://www.patreon.com/SBMakesStuff ! You can also do that if you don't enjoy the videos, actually. I'm not going to tell you how to spend your money."
"BkZBvFHVkts","SB Plays Psychonauts 2 04 - Always Bet On Red","SB","2021-09-01","2021-09-01","https://i.ytimg.com/vi/BkZBvFHVkts/hqdefault.jpg","Or don't. I'm not your mom.


Psychonauts 2 is Double Fine's newest game about secret agents and brain stuff. And the secret agents are secret agents OF brain stuff. Come for the incredible psychic powers, stay for the wordplay!
Tou can get it on Steam at https://store.steampowered.com/app/607080/Psychonauts_2/
If you want to see more of this, check out the playlist for this series: https://www.youtube.com/playlist?list=PLv2Qcu6n6_mJy96arKf1_x4ykWMY7JQ0R


You can chat with other folks on the subreddit at https://www.reddit.com/r/SBMakesStuff
If you enjoy these videos, you can now support us on Patreon at https://www.patreon.com/SBMakesStuff ! You can also do that if you don't enjoy the videos, actually. I'm not going to tell you how to spend your money."
"-FU6zS_a-E4","SB Plays Psychonauts 2 05 - The Persistence Of Memory","SB","2021-09-02","2021-09-02","https://i.ytimg.com/vi/-FU6zS_a-E4/hqdefault.jpg","But probably with fewer drippy clocks than you're expecting.


Psychonauts 2 is Double Fine's newest game about secret agents and brain stuff. And the secret agents are secret agents OF brain stuff. Come for the incredible psychic powers, stay for the wordplay!
Tou can get it on Steam at https://store.steampowered.com/app/607080/Psychonauts_2/
If you want to see more of this, check out the playlist for this series: https://www.youtube.com/playlist?list=PLv2Qcu6n6_mJy96arKf1_x4ykWMY7JQ0R


You can chat with other folks on the subreddit at https://www.reddit.com/r/SBMakesStuff
If you enjoy these videos, you can now support us on Patreon at https://www.patreon.com/SBMakesStuff ! You can also do that if you don't enjoy the videos, actually. I'm not going to tell you how to spend your money."
"Nb8yJy4HHfw","SB Plays Psychonauts 2 06 - Making Up For Lost Time","SB","2021-09-03","2021-09-03","https://i.ytimg.com/vi/Nb8yJy4HHfw/hqdefault.jpg","This ought to be a blast. After all, who has ever had a bad time with their family?


Psychonauts 2 is Double Fine's newest game about secret agents and brain stuff. And the secret agents are secret agents OF brain stuff. Come for the incredible psychic powers, stay for the wordplay!
Tou can get it on Steam at https://store.steampowered.com/app/607080/Psychonauts_2/
If you want to see more of this, check out the playlist for this series: https://www.youtube.com/playlist?list=PLv2Qcu6n6_mJy96arKf1_x4ykWMY7JQ0R


You can chat with other folks on the subreddit at https://www.reddit.com/r/SBMakesStuff
If you enjoy these videos, you can now support us on Patreon at https://www.patreon.com/SBMakesStuff ! You can also do that if you don't enjoy the videos, actually. I'm not going to tell you how to spend your money."
"VRiYSJITl-M","SB Plays Psychonauts 2 07 - A Feast For The Brain","SB","2021-09-08","2021-09-08","https://i.ytimg.com/vi/VRiYSJITl-M/hqdefault.jpg","This legend isn't brutal enough for my taste.


Psychonauts 2 is Double Fine's newest game about secret agents and brain stuff. And the secret agents are secret agents OF brain stuff. Come for the incredible psychic powers, stay for the wordplay!
Tou can get it on Steam at https://store.steampowered.com/app/607080/Psychonauts_2/
If you want to see more of this, check out the playlist for this series: https://www.youtube.com/playlist?list=PLv2Qcu6n6_mJy96arKf1_x4ykWMY7JQ0R


You can chat with other folks on the subreddit at https://www.reddit.com/r/SBMakesStuff
If you enjoy these videos, you can now support us on Patreon at https://www.patreon.com/SBMakesStuff ! You can also do that if you don't enjoy the videos, actually. I'm not going to tell you how to spend your money."
"RAo9m4JjdyY","SB Plays Psychonauts 2 08 - That's A Lot Of Hair","SB","2021-09-09","2021-09-09","https://i.ytimg.com/vi/RAo9m4JjdyY/hqdefault.jpg","And here I thought they looked weird on the outside.


Psychonauts 2 is Double Fine's newest game about secret agents and brain stuff. And the secret agents are secret agents OF brain stuff. Come for the incredible psychic powers, stay for the wordplay!
Tou can get it on Steam at https://store.steampowered.com/app/607080/Psychonauts_2/
If you want to see more of this, check out the playlist for this series: https://www.youtube.com/playlist?list=PLv2Qcu6n6_mJy96arKf1_x4ykWMY7JQ0R


You can chat with other folks on the subreddit at https://www.reddit.com/r/SBMakesStuff
If you enjoy these videos, you can now support us on Patreon at https://www.patreon.com/SBMakesStuff ! You can also do that if you don't enjoy the videos, actually. I'm not going to tell you how to spend your money."
"coTUeSQfSdg","SB Plays Psychonauts 2 09 - Once More Among The Trees","SB","2021-09-11","2021-09-11","https://i.ytimg.com/vi/coTUeSQfSdg/hqdefault.jpg","To echo what I said out loud while walking the dog today: ""I JUST WANT TO GO BACK INDOORS.""


Psychonauts 2 is Double Fine's newest game about secret agents and brain stuff. And the secret agents are secret agents OF brain stuff. Come for the incredible psychic powers, stay for the wordplay!
Tou can get it on Steam at https://store.steampowered.com/app/607080/Psychonauts_2/
If you want to see more of this, check out the playlist for this series: https://www.youtube.com/playlist?list=PLv2Qcu6n6_mJy96arKf1_x4ykWMY7JQ0R


You can chat with other folks on the subreddit at https://www.reddit.com/r/SBMakesStuff
If you enjoy these videos, you can now support us on Patreon at https://www.patreon.com/SBMakesStuff ! You can also do that if you don't enjoy the videos, actually. I'm not going to tell you how to spend your money."
"5qrgP3SYxpA","SB Plays Psychonauts 2 10 - Thoroughly Baked","SB","2021-09-12","2021-09-13","https://i.ytimg.com/vi/5qrgP3SYxpA/hqdefault.jpg","It's the only explanation, really.


Psychonauts 2 is Double Fine's newest game about secret agents and brain stuff. And the secret agents are secret agents OF brain stuff. Come for the incredible psychic powers, stay for the wordplay!
Tou can get it on Steam at https://store.steampowered.com/app/607080/Psychonauts_2/
If you want to see more of this, check out the playlist for this series: https://www.youtube.com/playlist?list=PLv2Qcu6n6_mJy96arKf1_x4ykWMY7JQ0R


You can chat with other folks on the subreddit at https://www.reddit.com/r/SBMakesStuff
If you enjoy these videos, you can now support us on Patreon at https://www.patreon.com/SBMakesStuff ! You can also do that if you don't enjoy the videos, actually. I'm not going to tell you how to spend your money."
"zzNwgWNHoG0","SB Plays Psychonauts 2 11 - Reunited","SB","2021-09-15","2021-09-15","https://i.ytimg.com/vi/zzNwgWNHoG0/hqdefault.jpg","And it does not feel good. At all.


Psychonauts 2 is Double Fine's newest game about secret agents and brain stuff. And the secret agents are secret agents OF brain stuff. Come for the incredible psychic powers, stay for the wordplay!
Tou can get it on Steam at https://store.steampowered.com/app/607080/Psychonauts_2/
If you want to see more of this, check out the playlist for this series: https://www.youtube.com/playlist?list=PLv2Qcu6n6_mJy96arKf1_x4ykWMY7JQ0R


You can chat with other folks on the subreddit at https://www.reddit.com/r/SBMakesStuff
If you enjoy these videos, you can now support us on Patreon at https://www.patreon.com/SBMakesStuff ! You can also do that if you don't enjoy the videos, actually. I'm not going to tell you how to spend your money."
"aRUaEIwPr-U","SB Plays Psychonauts 2 12 - The Voyage Of The SS Responsible","SB","2021-09-17","2021-09-17","https://i.ytimg.com/vi/aRUaEIwPr-U/hqdefault.jpg","Raz has never ever had a good idea, and he's done just fine so far, so....


Psychonauts 2 is Double Fine's newest game about secret agents and brain stuff. And the secret agents are secret agents OF brain stuff. Come for the incredible psychic powers, stay for the wordplay!
Tou can get it on Steam at https://store.steampowered.com/app/607080/Psychonauts_2/
If you want to see more of this, check out the playlist for this series: https://www.youtube.com/playlist?list=PLv2Qcu6n6_mJy96arKf1_x4ykWMY7JQ0R


You can chat with other folks on the subreddit at https://www.reddit.com/r/SBMakesStuff
If you enjoy these videos, you can now support us on Patreon at https://www.patreon.com/SBMakesStuff ! You can also do that if you don't enjoy the videos, actually. I'm not going to tell you how to spend your money."
"eEKtW7DXJlg","SB Plays Psychonauts 2 13 - Imago","SB","2021-09-17","2021-09-18","https://i.ytimg.com/vi/eEKtW7DXJlg/hqdefault.jpg","How do I know which me is the real me? Well, if the authorities are to be believed, it's the one who's always starting all the fires.


Psychonauts 2 is Double Fine's newest game about secret agents and brain stuff. And the secret agents are secret agents OF brain stuff. Come for the incredible psychic powers, stay for the wordplay!
Tou can get it on Steam at https://store.steampowered.com/app/607080/Psychonauts_2/
If you want to see more of this, check out the playlist for this series: https://www.youtube.com/playlist?list=PLv2Qcu6n6_mJy96arKf1_x4ykWMY7JQ0R


You can chat with other folks on the subreddit at https://www.reddit.com/r/SBMakesStuff
If you enjoy these videos, you can now support us on Patreon at https://www.patreon.com/SBMakesStuff ! You can also do that if you don't enjoy the videos, actually. I'm not going to tell you how to spend your money."
"b43B9yVm91c","SB Plays Psychonauts 2 14 - Intrusion","SB","2021-09-22","2021-09-22","https://i.ytimg.com/vi/b43B9yVm91c/hqdefault.jpg","As always: I say ""boo"" to real life.


Psychonauts 2 is Double Fine's newest game about secret agents and brain stuff. And the secret agents are secret agents OF brain stuff. Come for the incredible psychic powers, stay for the wordplay!
Tou can get it on Steam at https://store.steampowered.com/app/607080/Psychonauts_2/
If you want to see more of this, check out the playlist for this series: https://www.youtube.com/playlist?list=PLv2Qcu6n6_mJy96arKf1_x4ykWMY7JQ0R


You can chat with other folks on the subreddit at https://www.reddit.com/r/SBMakesStuff
If you enjoy these videos, you can now support us on Patreon at https://www.patreon.com/SBMakesStuff ! You can also do that if you don't enjoy the videos, actually. I'm not going to tell you how to spend your money."
"NfxLmXRLiro","SB Plays Psychonauts 15 - ASCAB","SB","2021-09-23","2021-09-23","https://i.ytimg.com/vi/NfxLmXRLiro/hqdefault.jpg","If they added a rainbow skull emoji, I would probably stop using all the others. And also maybe letters in general.


Psychonauts 2 is Double Fine's newest game about secret agents and brain stuff. And the secret agents are secret agents OF brain stuff. Come for the incredible psychic powers, stay for the wordplay!
Tou can get it on Steam at https://store.steampowered.com/app/607080/Psychonauts_2/
If you want to see more of this, check out the playlist for this series: https://www.youtube.com/playlist?list=PLv2Qcu6n6_mJy96arKf1_x4ykWMY7JQ0R


You can chat with other folks on the subreddit at https://www.reddit.com/r/SBMakesStuff
If you enjoy these videos, you can now support us on Patreon at https://www.patreon.com/SBMakesStuff ! You can also do that if you don't enjoy the videos, actually. I'm not going to tell you how to spend your money."
"zqbvvynLC6o","SB Plays Psychonauts 2 16 - Collect Later, BRAINS Now","SB","2021-09-24","2021-09-24","https://i.ytimg.com/vi/zqbvvynLC6o/hqdefault.jpg","There doesn't actually seem to be any mechanical value to picking up most of the kinds of collectibles anyway.

Psychonauts 2 is Double Fine's newest game about secret agents and brain stuff. And the secret agents are secret agents OF brain stuff. Come for the incredible psychic powers, stay for the wordplay!
Tou can get it on Steam at https://store.steampowered.com/app/607080/Psychonauts_2/
If you want to see more of this, check out the playlist for this series: https://www.youtube.com/playlist?list=PLv2Qcu6n6_mJy96arKf1_x4ykWMY7JQ0R


You can chat with other folks on the subreddit at https://www.reddit.com/r/SBMakesStuff
If you enjoy these videos, you can now support us on Patreon at https://www.patreon.com/SBMakesStuff ! You can also do that if you don't enjoy the videos, actually. I'm not going to tell you how to spend your money."
"7-Ww7F9XAa4","SB Plays Psychonauts 2 17 - Deluge","SB","2021-09-27","2021-09-27","https://i.ytimg.com/vi/7-Ww7F9XAa4/hqdefault.jpg","It's coming down pretty hard now.


Psychonauts 2 is Double Fine's newest game about secret agents and brain stuff. And the secret agents are secret agents OF brain stuff. Come for the incredible psychic powers, stay for the wordplay!
Tou can get it on Steam at https://store.steampowered.com/app/607080/Psychonauts_2/
If you want to see more of this, check out the playlist for this series: https://www.youtube.com/playlist?list=PLv2Qcu6n6_mJy96arKf1_x4ykWMY7JQ0R


You can chat with other folks on the subreddit at https://www.reddit.com/r/SBMakesStuff
If you enjoy these videos, you can now support us on Patreon at https://www.patreon.com/SBMakesStuff ! You can also do that if you don't enjoy the videos, actually. I'm not going to tell you how to spend your money."
