"Playlist URL","https://www.youtube.com/playlist?list=PLv2Qcu6n6_mIbYTeail0bbo6eTdxLUjsS"
"Playlist title","SB Returns To Hades"
"Playlist author","SB"
"Videos","69"

"Video ID","Title","Channel","Added At","Published At","Thumbnail URL","Description"
"7fmVM0BxUiI","SB Returns To Hades 01 - A Hell Of A Release","SB","2020-09-17","2020-09-17","https://i.ytimg.com/vi/7fmVM0BxUiI/hqdefault.jpg","And a hell of a surprise!

We have finally reached the 1.0 release of Hades, the new action roguelite from Supergiant Games in which you defy the god of death, wield legendary weapons of myth, and get murdered over and over again by giant flaming skulls. Is the labyrinth of Hades truly inescapable?
Find out at https://www.epicgames.com/store/en-US/product/hades/home

You can chat with other folks on the subreddit at https://www.reddit.com/r/SBMakesStuff
If you enjoy these videos, you can now support us on Patreon at https://www.patreon.com/SBMakesStuff ! You can also do that if you don't enjoy the videos, actually. I'm not going to tell you how to spend your money."
"ZYGKcTsCB00","SB Returns To Hades 02 - Making Headway","SB","2020-09-18","2020-09-18","https://i.ytimg.com/vi/ZYGKcTsCB00/hqdefault.jpg","I think I used to be good at this game....


We have finally reached the 1.0 release of Hades, the new action roguelite from Supergiant Games in which you defy the god of death, wield legendary weapons of myth, and get murdered over and over again by giant flaming skulls. Is the labyrinth of Hades truly inescapable?
Find out at https://www.epicgames.com/store/en-US/product/hades/home


You can chat with other folks on the subreddit at https://www.reddit.com/r/SBMakesStuff
If you enjoy these videos, you can now support us on Patreon at https://www.patreon.com/SBMakesStuff ! You can also do that if you don't enjoy the videos, actually. I'm not going to tell you how to spend your money."
"P1UUkoYT3zY","SB Returns To Hades 03 - Deep Strike","SB","2020-09-19","2020-09-19","https://i.ytimg.com/vi/P1UUkoYT3zY/hqdefault.jpg","Maybe the secret is just to stand outside of punching range.


We have finally reached the 1.0 release of Hades, the new action roguelite from Supergiant Games in which you defy the god of death, wield legendary weapons of myth, and get murdered over and over again by giant flaming skulls. Is the labyrinth of Hades truly inescapable?
Find out at https://www.epicgames.com/store/en-US/product/hades/home


You can chat with other folks on the subreddit at https://www.reddit.com/r/SBMakesStuff
If you enjoy these videos, you can now support us on Patreon at https://www.patreon.com/SBMakesStuff ! You can also do that if you don't enjoy the videos, actually. I'm not going to tell you how to spend your money."
"iNFNnQewUEw","SB Returns To Hades 04 - Two-Fisted","SB","2020-09-19","2020-09-20","https://i.ytimg.com/vi/iNFNnQewUEw/hqdefault.jpg","Not very elegant, but they'll get the job done.


We have finally reached the 1.0 release of Hades, the new action roguelite from Supergiant Games in which you defy the god of death, wield legendary weapons of myth, and get murdered over and over again by giant flaming skulls. Is the labyrinth of Hades truly inescapable?
Find out at https://www.epicgames.com/store/en-US/product/hades/home


You can chat with other folks on the subreddit at https://www.reddit.com/r/SBMakesStuff
If you enjoy these videos, you can now support us on Patreon at https://www.patreon.com/SBMakesStuff ! You can also do that if you don't enjoy the videos, actually. I'm not going to tell you how to spend your money."
"Jy05kyPVKOA","SB Returns To Hades 05 - Half-Dead","SB","2020-09-21","2020-09-21","https://i.ytimg.com/vi/Jy05kyPVKOA/hqdefault.jpg","Or... considerably more than half? I don't know how the underworld works.


We have finally reached the 1.0 release of Hades, the new action roguelite from Supergiant Games in which you defy the god of death, wield legendary weapons of myth, and get murdered over and over again by giant flaming skulls. Is the labyrinth of Hades truly inescapable?
Find out at https://www.epicgames.com/store/en-US/product/hades/home


You can chat with other folks on the subreddit at https://www.reddit.com/r/SBMakesStuff
If you enjoy these videos, you can now support us on Patreon at https://www.patreon.com/SBMakesStuff ! You can also do that if you don't enjoy the videos, actually. I'm not going to tell you how to spend your money."
"kwoBVkuscEc","SB Returns To Hades 06 - Take A Shot","SB","2020-09-22","2020-09-22","https://i.ytimg.com/vi/kwoBVkuscEc/hqdefault.jpg","If we can do well with a sword, surely we can do well with one of these!


We have finally reached the 1.0 release of Hades, the new action roguelite from Supergiant Games in which you defy the god of death, wield legendary weapons of myth, and get murdered over and over again by giant flaming skulls. Is the labyrinth of Hades truly inescapable?
Find out at https://www.epicgames.com/store/en-US/product/hades/home


You can chat with other folks on the subreddit at https://www.reddit.com/r/SBMakesStuff
If you enjoy these videos, you can now support us on Patreon at https://www.patreon.com/SBMakesStuff ! You can also do that if you don't enjoy the videos, actually. I'm not going to tell you how to spend your money."
"ZukhfgZDDYc","SB Returns To Hades 07 - Getting Punchy","SB","2020-09-22","2020-09-23","https://i.ytimg.com/vi/ZukhfgZDDYc/hqdefault.jpg","It's possible that I have sustained some closed head injuries from all this battling.

We have finally reached the 1.0 release of Hades, the new action roguelite from Supergiant Games in which you defy the god of death, wield legendary weapons of myth, and get murdered over and over again by giant flaming skulls. Is the labyrinth of Hades truly inescapable?
Find out at https://www.epicgames.com/store/en-US/product/hades/home

You can chat with other folks on the subreddit at https://www.reddit.com/r/SBMakesStuff
If you enjoy these videos, you can now support us on Patreon at https://www.patreon.com/SBMakesStuff ! You can also do that if you don't enjoy the videos, actually. I'm not going to tell you how to spend your money."
"ivMhKBApDsQ","SB Returns To Hades 08 - Bloodshed","SB","2020-09-24","2020-09-24","https://i.ytimg.com/vi/ivMhKBApDsQ/hqdefault.jpg","I should probably be a little more concerned about the fact that these weapons are so.... thirsty.


We have finally reached the 1.0 release of Hades, the new action roguelite from Supergiant Games in which you defy the god of death, wield legendary weapons of myth, and get murdered over and over again by giant flaming skulls. Is the labyrinth of Hades truly inescapable?
Find out at https://www.epicgames.com/store/en-US/product/hades/home


You can chat with other folks on the subreddit at https://www.reddit.com/r/SBMakesStuff
If you enjoy these videos, you can now support us on Patreon at https://www.patreon.com/SBMakesStuff ! You can also do that if you don't enjoy the videos, actually. I'm not going to tell you how to spend your money."
"seUClofLG7U","SB Returns To Hades 09 - Reloaded","SB","2020-09-24","2020-09-25","https://i.ytimg.com/vi/seUClofLG7U/hqdefault.jpg","I really don't feel like I did this weapon justice last time.


We have finally reached the 1.0 release of Hades, the new action roguelite from Supergiant Games in which you defy the god of death, wield legendary weapons of myth, and get murdered over and over again by giant flaming skulls. Is the labyrinth of Hades truly inescapable?
Find out at https://www.epicgames.com/store/en-US/product/hades/home


You can chat with other folks on the subreddit at https://www.reddit.com/r/SBMakesStuff
If you enjoy these videos, you can now support us on Patreon at https://www.patreon.com/SBMakesStuff ! You can also do that if you don't enjoy the videos, actually. I'm not going to tell you how to spend your money."
"h_Mq0J9o0kw","SB Returns To Hades 10 - Cold Reception","SB","2020-09-24","2020-09-26","https://i.ytimg.com/vi/h_Mq0J9o0kw/hqdefault.jpg","Where's that wind coming from?


We have finally reached the 1.0 release of Hades, the new action roguelite from Supergiant Games in which you defy the god of death, wield legendary weapons of myth, and get murdered over and over again by giant flaming skulls. Is the labyrinth of Hades truly inescapable?
Find out at https://www.epicgames.com/store/en-US/product/hades/home


You can chat with other folks on the subreddit at https://www.reddit.com/r/SBMakesStuff
If you enjoy these videos, you can now support us on Patreon at https://www.patreon.com/SBMakesStuff ! You can also do that if you don't enjoy the videos, actually. I'm not going to tell you how to spend your money."
"_v-jP3hjYBQ","SB Returns To Hades 11 - Sought","SB","2020-09-24","2020-09-28","https://i.ytimg.com/vi/_v-jP3hjYBQ/hqdefault.jpg","So may we find.


We have finally reached the 1.0 release of Hades, the new action roguelite from Supergiant Games in which you defy the god of death, wield legendary weapons of myth, and get murdered over and over again by giant flaming skulls. Is the labyrinth of Hades truly inescapable?
Find out at https://www.epicgames.com/store/en-US/product/hades/home


You can chat with other folks on the subreddit at https://www.reddit.com/r/SBMakesStuff
If you enjoy these videos, you can now support us on Patreon at https://www.patreon.com/SBMakesStuff ! You can also do that if you don't enjoy the videos, actually. I'm not going to tell you how to spend your money."
"KWphFSyTEI8","SB Returns To Hades 12 - Encore","SB","2020-09-28","2020-09-29","https://i.ytimg.com/vi/KWphFSyTEI8/hqdefault.jpg","Time for a repeat performance!


We have finally reached the 1.0 release of Hades, the new action roguelite from Supergiant Games in which you defy the god of death, wield legendary weapons of myth, and get murdered over and over again by giant flaming skulls. Is the labyrinth of Hades truly inescapable?
Find out at https://www.epicgames.com/store/en-US/product/hades/home


You can chat with other folks on the subreddit at https://www.reddit.com/r/SBMakesStuff
If you enjoy these videos, you can now support us on Patreon at https://www.patreon.com/SBMakesStuff ! You can also do that if you don't enjoy the videos, actually. I'm not going to tell you how to spend your money."
"CsQL2ZP1GMI","SB Returns To Hades 13 - Lucky","SB","2020-09-29","2020-09-30","https://i.ytimg.com/vi/CsQL2ZP1GMI/hqdefault.jpg","Perhaps our number has come up at last.


We have finally reached the 1.0 release of Hades, the new action roguelite from Supergiant Games in which you defy the god of death, wield legendary weapons of myth, and get murdered over and over again by giant flaming skulls. Is the labyrinth of Hades truly inescapable?
Find out at https://www.epicgames.com/store/en-US/product/hades/home


You can chat with other folks on the subreddit at https://www.reddit.com/r/SBMakesStuff
If you enjoy these videos, you can now support us on Patreon at https://www.patreon.com/SBMakesStuff ! You can also do that if you don't enjoy the videos, actually. I'm not going to tell you how to spend your money."
"E6s0rsNdQxM","SB Returns To Hades 14 - Playing The Angles","SB","2020-09-29","2020-10-01","https://i.ytimg.com/vi/E6s0rsNdQxM/hqdefault.jpg","Float like a butterfly, sting like something they can't see.

We have finally reached the 1.0 release of Hades, the new action roguelite from Supergiant Games in which you defy the god of death, wield legendary weapons of myth, and get murdered over and over again by giant flaming skulls. Is the labyrinth of Hades truly inescapable?
Find out at https://www.epicgames.com/store/en-US/product/hades/home

You can chat with other folks on the subreddit at https://www.reddit.com/r/SBMakesStuff
If you enjoy these videos, you can now support us on Patreon at https://www.patreon.com/SBMakesStuff ! You can also do that if you don't enjoy the videos, actually. I'm not going to tell you how to spend your money."
"y6Za1FTRlDY","SB Returns To Hades 15 - Familiar","SB","2020-09-29","2020-10-02","https://i.ytimg.com/vi/y6Za1FTRlDY/hqdefault.jpg","If I were him, I'd be annoyed.


We have finally reached the 1.0 release of Hades, the new action roguelite from Supergiant Games in which you defy the god of death, wield legendary weapons of myth, and get murdered over and over again by giant flaming skulls. Is the labyrinth of Hades truly inescapable?
Find out at https://www.epicgames.com/store/en-US/product/hades/home


You can chat with other folks on the subreddit at https://www.reddit.com/r/SBMakesStuff
If you enjoy these videos, you can now support us on Patreon at https://www.patreon.com/SBMakesStuff ! You can also do that if you don't enjoy the videos, actually. I'm not going to tell you how to spend your money."
"Fz2vtUdq6p0","SB Returns To Hades 16 - A Little Hiccup","SB","2020-09-29","2020-10-05","https://i.ytimg.com/vi/Fz2vtUdq6p0/hqdefault.jpg","(It looked significantly less weird on the recording than it did on my monitor.)


We have finally reached the 1.0 release of Hades, the new action roguelite from Supergiant Games in which you defy the god of death, wield legendary weapons of myth, and get murdered over and over again by giant flaming skulls. Is the labyrinth of Hades truly inescapable?
Find out at https://www.epicgames.com/store/en-US/product/hades/home


You can chat with other folks on the subreddit at https://www.reddit.com/r/SBMakesStuff
If you enjoy these videos, you can now support us on Patreon at https://www.patreon.com/SBMakesStuff ! You can also do that if you don't enjoy the videos, actually. I'm not going to tell you how to spend your money."
"tRdE777_1-Q","SB Returns To Hades 17 - This Sword Is Heavy","SB","2020-09-29","2020-10-06","https://i.ytimg.com/vi/tRdE777_1-Q/hqdefault.jpg","And my arms are so tiny.


We have finally reached the 1.0 release of Hades, the new action roguelite from Supergiant Games in which you defy the god of death, wield legendary weapons of myth, and get murdered over and over again by giant flaming skulls. Is the labyrinth of Hades truly inescapable?
Find out at https://www.epicgames.com/store/en-US/product/hades/home


You can chat with other folks on the subreddit at https://www.reddit.com/r/SBMakesStuff
If you enjoy these videos, you can now support us on Patreon at https://www.patreon.com/SBMakesStuff ! You can also do that if you don't enjoy the videos, actually. I'm not going to tell you how to spend your money."
"y8KUs_uBAoE","SB Returns To Hades 18 - Shake It Off","SB","2020-10-01","2020-10-07","https://i.ytimg.com/vi/y8KUs_uBAoE/hqdefault.jpg","We can't let one little failure get us down.


We have finally reached the 1.0 release of Hades, the new action roguelite from Supergiant Games in which you defy the god of death, wield legendary weapons of myth, and get murdered over and over again by giant flaming skulls. Is the labyrinth of Hades truly inescapable?
Find out at https://www.epicgames.com/store/en-US/product/hades/home


You can chat with other folks on the subreddit at https://www.reddit.com/r/SBMakesStuff
If you enjoy these videos, you can now support us on Patreon at https://www.patreon.com/SBMakesStuff ! You can also do that if you don't enjoy the videos, actually. I'm not going to tell you how to spend your money."
"FuT1q-4ZCcA","SB Returns To Hades 19 - Clerical Error","SB","2020-10-08","2020-10-08","https://i.ytimg.com/vi/FuT1q-4ZCcA/hqdefault.jpg","Don't worry, you're not missing anything.


We have finally reached the 1.0 release of Hades, the new action roguelite from Supergiant Games in which you defy the god of death, wield legendary weapons of myth, and get murdered over and over again by giant flaming skulls. Is the labyrinth of Hades truly inescapable?
Find out at https://www.epicgames.com/store/en-US/product/hades/home


You can chat with other folks on the subreddit at https://www.reddit.com/r/SBMakesStuff
If you enjoy these videos, you can now support us on Patreon at https://www.patreon.com/SBMakesStuff ! You can also do that if you don't enjoy the videos, actually. I'm not going to tell you how to spend your money."
"TgSquUdX4FA","SB Returns To Hades 20 - Laser Spear Wizard","SB","2020-10-08","2020-10-09","https://i.ytimg.com/vi/TgSquUdX4FA/hqdefault.jpg","The build diversity available in this game is really something.


We have finally reached the 1.0 release of Hades, the new action roguelite from Supergiant Games in which you defy the god of death, wield legendary weapons of myth, and get murdered over and over again by giant flaming skulls. Is the labyrinth of Hades truly inescapable?
Find out at https://www.epicgames.com/store/en-US/product/hades/home


You can chat with other folks on the subreddit at https://www.reddit.com/r/SBMakesStuff
If you enjoy these videos, you can now support us on Patreon at https://www.patreon.com/SBMakesStuff ! You can also do that if you don't enjoy the videos, actually. I'm not going to tell you how to spend your money."
"aV6o7lcFvt8","SB Returns To Hades 21 - Hang In There","SB","2020-10-08","2020-10-12","https://i.ytimg.com/vi/aV6o7lcFvt8/hqdefault.jpg","Everybody needs a hand sometimes.


We have finally reached the 1.0 release of Hades, the new action roguelite from Supergiant Games in which you defy the god of death, wield legendary weapons of myth, and get murdered over and over again by giant flaming skulls. Is the labyrinth of Hades truly inescapable?
Find out at https://www.epicgames.com/store/en-US/product/hades/home


You can chat with other folks on the subreddit at https://www.reddit.com/r/SBMakesStuff
If you enjoy these videos, you can now support us on Patreon at https://www.patreon.com/SBMakesStuff ! You can also do that if you don't enjoy the videos, actually. I'm not going to tell you how to spend your money."
"FworBQckLXU","SB Returns To Hades 22 - Shifting In The Dark","SB","2020-10-09","2020-10-13","https://i.ytimg.com/vi/FworBQckLXU/hqdefault.jpg","The whole thing is getting rather murky, I think.


We have finally reached the 1.0 release of Hades, the new action roguelite from Supergiant Games in which you defy the god of death, wield legendary weapons of myth, and get murdered over and over again by giant flaming skulls. Is the labyrinth of Hades truly inescapable?
Find out at https://www.epicgames.com/store/en-US/product/hades/home


You can chat with other folks on the subreddit at https://www.reddit.com/r/SBMakesStuff
If you enjoy these videos, you can now support us on Patreon at https://www.patreon.com/SBMakesStuff ! You can also do that if you don't enjoy the videos, actually. I'm not going to tell you how to spend your money."
"-IMo3FQceLw","SB Returns To Hades 23 - Tough Day","SB","2020-10-09","2020-10-14","https://i.ytimg.com/vi/-IMo3FQceLw/hqdefault.jpg","Some days you have it, and some days... less so.


We have finally reached the 1.0 release of Hades, the new action roguelite from Supergiant Games in which you defy the god of death, wield legendary weapons of myth, and get murdered over and over again by giant flaming skulls. Is the labyrinth of Hades truly inescapable?
Find out at https://www.epicgames.com/store/en-US/product/hades/home


You can chat with other folks on the subreddit at https://www.reddit.com/r/SBMakesStuff
If you enjoy these videos, you can now support us on Patreon at https://www.patreon.com/SBMakesStuff ! You can also do that if you don't enjoy the videos, actually. I'm not going to tell you how to spend your money."
"qABomlyQOKU","SB Returns To Hades 24 - On The Hook","SB","2020-10-10","2020-10-15","https://i.ytimg.com/vi/qABomlyQOKU/hqdefault.jpg","And boy are my lips tired.


We have finally reached the 1.0 release of Hades, the new action roguelite from Supergiant Games in which you defy the god of death, wield legendary weapons of myth, and get murdered over and over again by giant flaming skulls. Is the labyrinth of Hades truly inescapable?
Find out at https://www.epicgames.com/store/en-US/product/hades/home


You can chat with other folks on the subreddit at https://www.reddit.com/r/SBMakesStuff
If you enjoy these videos, you can now support us on Patreon at https://www.patreon.com/SBMakesStuff ! You can also do that if you don't enjoy the videos, actually. I'm not going to tell you how to spend your money."
"nLqRkDsQ3Ko","SB Returns To Hades 25 - Brain Poison","SB","2020-10-10","2020-10-16","https://i.ytimg.com/vi/nLqRkDsQ3Ko/hqdefault.jpg","I think we all should have learned by now that my brain is not to be trusted, me most of all.


We have finally reached the 1.0 release of Hades, the new action roguelite from Supergiant Games in which you defy the god of death, wield legendary weapons of myth, and get murdered over and over again by giant flaming skulls. Is the labyrinth of Hades truly inescapable?
Find out at https://www.epicgames.com/store/en-US/product/hades/home


You can chat with other folks on the subreddit at https://www.reddit.com/r/SBMakesStuff
If you enjoy these videos, you can now support us on Patreon at https://www.patreon.com/SBMakesStuff ! You can also do that if you don't enjoy the videos, actually. I'm not going to tell you how to spend your money."
"ujKXpAwPGXY","SB Returns To Hades 26 - Punished","SB","2020-10-10","2020-10-19","https://i.ytimg.com/vi/ujKXpAwPGXY/hqdefault.jpg","I think my eyepatch is still in the mail.


We have finally reached the 1.0 release of Hades, the new action roguelite from Supergiant Games in which you defy the god of death, wield legendary weapons of myth, and get murdered over and over again by giant flaming skulls. Is the labyrinth of Hades truly inescapable?
Find out at https://www.epicgames.com/store/en-US/product/hades/home


You can chat with other folks on the subreddit at https://www.reddit.com/r/SBMakesStuff
If you enjoy these videos, you can now support us on Patreon at https://www.patreon.com/SBMakesStuff ! You can also do that if you don't enjoy the videos, actually. I'm not going to tell you how to spend your money."
"fN-YYOMI_jU","SB Returns To Hades 27 - All For One","SB","2020-10-11","2020-10-20","https://i.ytimg.com/vi/fN-YYOMI_jU/hqdefault.jpg","It's about time we tried this.


We have finally reached the 1.0 release of Hades, the new action roguelite from Supergiant Games in which you defy the god of death, wield legendary weapons of myth, and get murdered over and over again by giant flaming skulls. Is the labyrinth of Hades truly inescapable?
Find out at https://www.epicgames.com/store/en-US/product/hades/home


You can chat with other folks on the subreddit at https://www.reddit.com/r/SBMakesStuff
If you enjoy these videos, you can now support us on Patreon at https://www.patreon.com/SBMakesStuff ! You can also do that if you don't enjoy the videos, actually. I'm not going to tell you how to spend your money."
"Xoj4fzpqpco","SB Returns To Hades 28 - Sanguine","SB","2020-10-11","2020-10-21","https://i.ytimg.com/vi/Xoj4fzpqpco/hqdefault.jpg","Red does look good on us.


We have finally reached the 1.0 release of Hades, the new action roguelite from Supergiant Games in which you defy the god of death, wield legendary weapons of myth, and get murdered over and over again by giant flaming skulls. Is the labyrinth of Hades truly inescapable?
Find out at https://www.epicgames.com/store/en-US/product/hades/home


You can chat with other folks on the subreddit at https://www.reddit.com/r/SBMakesStuff
If you enjoy these videos, you can now support us on Patreon at https://www.patreon.com/SBMakesStuff ! You can also do that if you don't enjoy the videos, actually. I'm not going to tell you how to spend your money."
"eI-kG0RPbg0","SB Returns To Hades 29 - A Glorious Bloodwheel","SB","2020-10-11","2020-10-22","https://i.ytimg.com/vi/eI-kG0RPbg0/hqdefault.jpg","Not THE glorious Bloodwheel, of course, but still not bad.


We have finally reached the 1.0 release of Hades, the new action roguelite from Supergiant Games in which you defy the god of death, wield legendary weapons of myth, and get murdered over and over again by giant flaming skulls. Is the labyrinth of Hades truly inescapable?
Find out at https://www.epicgames.com/store/en-US/product/hades/home


You can chat with other folks on the subreddit at https://www.reddit.com/r/SBMakesStuff
If you enjoy these videos, you can now support us on Patreon at https://www.patreon.com/SBMakesStuff ! You can also do that if you don't enjoy the videos, actually. I'm not going to tell you how to spend your money."
"uiGKdSzPfE4","SB Returns To Hades 30 - Days Of Thunder","SB","2020-10-11","2020-10-23","https://i.ytimg.com/vi/uiGKdSzPfE4/hqdefault.jpg","I have this strange feeling that we've ben hur before.


We have finally reached the 1.0 release of Hades, the new action roguelite from Supergiant Games in which you defy the god of death, wield legendary weapons of myth, and get murdered over and over again by giant flaming skulls. Is the labyrinth of Hades truly inescapable?
Find out at https://www.epicgames.com/store/en-US/product/hades/home


You can chat with other folks on the subreddit at https://www.reddit.com/r/SBMakesStuff
If you enjoy these videos, you can now support us on Patreon at https://www.patreon.com/SBMakesStuff ! You can also do that if you don't enjoy the videos, actually. I'm not going to tell you how to spend your money."
"EqjF61npQgQ","SB Returns To Hades 31 - Seven-Punch Man","SB","2020-10-11","2020-10-26","https://i.ytimg.com/vi/EqjF61npQgQ/hqdefault.jpg","If only my punches had the power of kicks....


We have finally reached the 1.0 release of Hades, the new action roguelite from Supergiant Games in which you defy the god of death, wield legendary weapons of myth, and get murdered over and over again by giant flaming skulls. Is the labyrinth of Hades truly inescapable?
Find out at https://www.epicgames.com/store/en-US/product/hades/home


You can chat with other folks on the subreddit at https://www.reddit.com/r/SBMakesStuff
If you enjoy these videos, you can now support us on Patreon at https://www.patreon.com/SBMakesStuff ! You can also do that if you don't enjoy the videos, actually. I'm not going to tell you how to spend your money."
"lZ-oYKx6JRY","SB Returns To Hades 32 - Reloaded","SB","2020-10-11","2020-10-27","https://i.ytimg.com/vi/lZ-oYKx6JRY/hqdefault.jpg","Sure, why not just turn it up?


We have finally reached the 1.0 release of Hades, the new action roguelite from Supergiant Games in which you defy the god of death, wield legendary weapons of myth, and get murdered over and over again by giant flaming skulls. Is the labyrinth of Hades truly inescapable?
Find out at https://www.epicgames.com/store/en-US/product/hades/home


You can chat with other folks on the subreddit at https://www.reddit.com/r/SBMakesStuff
If you enjoy these videos, you can now support us on Patreon at https://www.patreon.com/SBMakesStuff ! You can also do that if you don't enjoy the videos, actually. I'm not going to tell you how to spend your money."
"3loC-3QLKf0","SB Returns To Hades 33 - Oaths","SB","2020-10-11","2020-10-28","https://i.ytimg.com/vi/3loC-3QLKf0/hqdefault.jpg","Apparently words have power. Who knew?

We have finally reached the 1.0 release of Hades, the new action roguelite from Supergiant Games in which you defy the god of death, wield legendary weapons of myth, and get murdered over and over again by giant flaming skulls. Is the labyrinth of Hades truly inescapable?
Find out at https://www.epicgames.com/store/en-US/product/hades/home

You can chat with other folks on the subreddit at https://www.reddit.com/r/SBMakesStuff
If you enjoy these videos, you can now support us on Patreon at https://www.patreon.com/SBMakesStuff ! You can also do that if you don't enjoy the videos, actually. I'm not going to tell you how to spend your money."
"uZnCrth3xT8","SB Returns To Hades 34 - Fair Enough","SB","2020-10-12","2020-10-29","https://i.ytimg.com/vi/uZnCrth3xT8/hqdefault.jpg","This seems just peachy.

We have finally reached the 1.0 release of Hades, the new action roguelite from Supergiant Games in which you defy the god of death, wield legendary weapons of myth, and get murdered over and over again by giant flaming skulls. Is the labyrinth of Hades truly inescapable?
Find out at https://www.epicgames.com/store/en-US/product/hades/home

You can chat with other folks on the subreddit at https://www.reddit.com/r/SBMakesStuff
If you enjoy these videos, you can now support us on Patreon at https://www.patreon.com/SBMakesStuff ! You can also do that if you don't enjoy the videos, actually. I'm not going to tell you how to spend your money."
"G7QXxOQARdQ","SB Returns To Hades 35 - Splitting Headache","SB","2020-10-12","2020-10-30","https://i.ytimg.com/vi/G7QXxOQARdQ/hqdefault.jpg","I can identify with this.


We have finally reached the 1.0 release of Hades, the new action roguelite from Supergiant Games in which you defy the god of death, wield legendary weapons of myth, and get murdered over and over again by giant flaming skulls. Is the labyrinth of Hades truly inescapable?
Find out at https://www.epicgames.com/store/en-US/product/hades/home


You can chat with other folks on the subreddit at https://www.reddit.com/r/SBMakesStuff
If you enjoy these videos, you can now support us on Patreon at https://www.patreon.com/SBMakesStuff ! You can also do that if you don't enjoy the videos, actually. I'm not going to tell you how to spend your money."
"0qlQiHkQp9c","SB Returns To Hades 36 - In The Stars","SB","2020-10-12","2020-11-02","https://i.ytimg.com/vi/0qlQiHkQp9c/hqdefault.jpg","I might need to spend a little time looking at the real-life codex on this one.


We have finally reached the 1.0 release of Hades, the new action roguelite from Supergiant Games in which you defy the god of death, wield legendary weapons of myth, and get murdered over and over again by giant flaming skulls. Is the labyrinth of Hades truly inescapable?
Find out at https://www.epicgames.com/store/en-US/product/hades/home


You can chat with other folks on the subreddit at https://www.reddit.com/r/SBMakesStuff
If you enjoy these videos, you can now support us on Patreon at https://www.patreon.com/SBMakesStuff ! You can also do that if you don't enjoy the videos, actually. I'm not going to tell you how to spend your money."
"K3-gpce8P1k","SB Returns To Hades 37 - Looking For Love","SB","2020-10-13","2020-11-03","https://i.ytimg.com/vi/K3-gpce8P1k/hqdefault.jpg","Although it's possible that huge metal gauntlets might not be the place to find it.


We have finally reached the 1.0 release of Hades, the new action roguelite from Supergiant Games in which you defy the god of death, wield legendary weapons of myth, and get murdered over and over again by giant flaming skulls. Is the labyrinth of Hades truly inescapable?
Find out at https://www.epicgames.com/store/en-US/product/hades/home


You can chat with other folks on the subreddit at https://www.reddit.com/r/SBMakesStuff
If you enjoy these videos, you can now support us on Patreon at https://www.patreon.com/SBMakesStuff ! You can also do that if you don't enjoy the videos, actually. I'm not going to tell you how to spend your money."
"4ZEY3uBfebo","SB Returns To Hades 38 - Double Dip","SB","2020-10-13","2020-11-04","https://i.ytimg.com/vi/4ZEY3uBfebo/hqdefault.jpg","I might be starting to understand how this game works.


We have finally reached the 1.0 release of Hades, the new action roguelite from Supergiant Games in which you defy the god of death, wield legendary weapons of myth, and get murdered over and over again by giant flaming skulls. Is the labyrinth of Hades truly inescapable?
Find out at https://www.epicgames.com/store/en-US/product/hades/home


You can chat with other folks on the subreddit at https://www.reddit.com/r/SBMakesStuff
If you enjoy these videos, you can now support us on Patreon at https://www.patreon.com/SBMakesStuff ! You can also do that if you don't enjoy the videos, actually. I'm not going to tell you how to spend your money."
"w1TMEi36fbc","SB Returns To Hades 39 - Our Powers Combined","SB","2020-10-14","2020-11-05","https://i.ytimg.com/vi/w1TMEi36fbc/hqdefault.jpg","I really appreciate the in-game boon list, because otherwise I would have to tab out twenty times per run.


We have finally reached the 1.0 release of Hades, the new action roguelite from Supergiant Games in which you defy the god of death, wield legendary weapons of myth, and get murdered over and over again by giant flaming skulls. Is the labyrinth of Hades truly inescapable?
Find out at https://www.epicgames.com/store/en-US/product/hades/home


You can chat with other folks on the subreddit at https://www.reddit.com/r/SBMakesStuff
If you enjoy these videos, you can now support us on Patreon at https://www.patreon.com/SBMakesStuff ! You can also do that if you don't enjoy the videos, actually. I'm not going to tell you how to spend your money."
"9ozFgkhNbBU","SB Returns To Hades 40 - On The Edge","SB","2020-10-15","2020-11-06","https://i.ytimg.com/vi/9ozFgkhNbBU/hqdefault.jpg","I feel the need....


We have finally reached the 1.0 release of Hades, the new action roguelite from Supergiant Games in which you defy the god of death, wield legendary weapons of myth, and get murdered over and over again by giant flaming skulls. Is the labyrinth of Hades truly inescapable?
Find out at https://www.epicgames.com/store/en-US/product/hades/home


You can chat with other folks on the subreddit at https://www.reddit.com/r/SBMakesStuff
If you enjoy these videos, you can now support us on Patreon at https://www.patreon.com/SBMakesStuff ! You can also do that if you don't enjoy the videos, actually. I'm not going to tell you how to spend your money."
"Kd2uFG7ABtU","SB Returns To Hades 41 - Stick And Move","SB","2020-10-15","2020-11-09","https://i.ytimg.com/vi/Kd2uFG7ABtU/hqdefault.jpg","to wound the autumnal city.


We have finally reached the 1.0 release of Hades, the new action roguelite from Supergiant Games in which you defy the god of death, wield legendary weapons of myth, and get murdered over and over again by giant flaming skulls. Is the labyrinth of Hades truly inescapable?
Find out at https://www.epicgames.com/store/en-US/product/hades/home


You can chat with other folks on the subreddit at https://www.reddit.com/r/SBMakesStuff
If you enjoy these videos, you can now support us on Patreon at https://www.patreon.com/SBMakesStuff ! You can also do that if you don't enjoy the videos, actually. I'm not going to tell you how to spend your money."
"sPnP1BeVsMs","SB Returns To Hades 42 - Haymaker","SB","2020-10-17","2020-11-10","https://i.ytimg.com/vi/sPnP1BeVsMs/hqdefault.jpg","Is there such a thing as swinging too big?


We have finally reached the 1.0 release of Hades, the new action roguelite from Supergiant Games in which you defy the god of death, wield legendary weapons of myth, and get murdered over and over again by giant flaming skulls. Is the labyrinth of Hades truly inescapable?
Find out at https://www.epicgames.com/store/en-US/product/hades/home


You can chat with other folks on the subreddit at https://www.reddit.com/r/SBMakesStuff
If you enjoy these videos, you can now support us on Patreon at https://www.patreon.com/SBMakesStuff ! You can also do that if you don't enjoy the videos, actually. I'm not going to tell you how to spend your money."
"ZIgveywq9AE","SB Returns To Hades 43 - Bigger Guns","SB","2020-10-17","2020-11-11","https://i.ytimg.com/vi/ZIgveywq9AE/hqdefault.jpg","The problem here is clearly a lack of explosions.


We have finally reached the 1.0 release of Hades, the new action roguelite from Supergiant Games in which you defy the god of death, wield legendary weapons of myth, and get murdered over and over again by giant flaming skulls. Is the labyrinth of Hades truly inescapable?
Find out at https://www.epicgames.com/store/en-US/product/hades/home


You can chat with other folks on the subreddit at https://www.reddit.com/r/SBMakesStuff
If you enjoy these videos, you can now support us on Patreon at https://www.patreon.com/SBMakesStuff ! You can also do that if you don't enjoy the videos, actually. I'm not going to tell you how to spend your money."
"dJ3jMJMQZ30","SB Returns To Hades 44 - Long Day","SB","2020-10-18","2020-11-12","https://i.ytimg.com/vi/dJ3jMJMQZ30/hqdefault.jpg","There's a lesson somewhere in all of this.


We have finally reached the 1.0 release of Hades, the new action roguelite from Supergiant Games in which you defy the god of death, wield legendary weapons of myth, and get murdered over and over again by giant flaming skulls. Is the labyrinth of Hades truly inescapable?
Find out at https://www.epicgames.com/store/en-US/product/hades/home


You can chat with other folks on the subreddit at https://www.reddit.com/r/SBMakesStuff
If you enjoy these videos, you can now support us on Patreon at https://www.patreon.com/SBMakesStuff ! You can also do that if you don't enjoy the videos, actually. I'm not going to tell you how to spend your money."
"a3_rXGdP3xQ","SB Returns To Hades 45 - Replenish","SB","2020-10-18","2020-11-13","https://i.ytimg.com/vi/a3_rXGdP3xQ/hqdefault.jpg","Sometimes it feels like I'm just running low on everything.


We have finally reached the 1.0 release of Hades, the new action roguelite from Supergiant Games in which you defy the god of death, wield legendary weapons of myth, and get murdered over and over again by giant flaming skulls. Is the labyrinth of Hades truly inescapable?
Find out at https://www.epicgames.com/store/en-US/product/hades/home


You can chat with other folks on the subreddit at https://www.reddit.com/r/SBMakesStuff
If you enjoy these videos, you can now support us on Patreon at https://www.patreon.com/SBMakesStuff ! You can also do that if you don't enjoy the videos, actually. I'm not going to tell you how to spend your money."
"S6z6kSXGNH8","SB Returns To Hades 46 - Ambiguity","SB","2020-10-18","2020-11-16","https://i.ytimg.com/vi/S6z6kSXGNH8/hqdefault.jpg","Is it possible that offense isn't the only answer?


We have finally reached the 1.0 release of Hades, the new action roguelite from Supergiant Games in which you defy the god of death, wield legendary weapons of myth, and get murdered over and over again by giant flaming skulls. Is the labyrinth of Hades truly inescapable?
Find out at https://www.epicgames.com/store/en-US/product/hades/home


You can chat with other folks on the subreddit at https://www.reddit.com/r/SBMakesStuff
If you enjoy these videos, you can now support us on Patreon at https://www.patreon.com/SBMakesStuff ! You can also do that if you don't enjoy the videos, actually. I'm not going to tell you how to spend your money."
"ibD-hVvXcA8","SB Returns To Hades 47 - Unleashed","SB","2020-10-18","2020-11-17","https://i.ytimg.com/vi/ibD-hVvXcA8/hqdefault.jpg","With werehog's fury.


We have finally reached the 1.0 release of Hades, the new action roguelite from Supergiant Games in which you defy the god of death, wield legendary weapons of myth, and get murdered over and over again by giant flaming skulls. Is the labyrinth of Hades truly inescapable?
Find out at https://www.epicgames.com/store/en-US/product/hades/home


You can chat with other folks on the subreddit at https://www.reddit.com/r/SBMakesStuff
If you enjoy these videos, you can now support us on Patreon at https://www.patreon.com/SBMakesStuff ! You can also do that if you don't enjoy the videos, actually. I'm not going to tell you how to spend your money."
"GctyIwNtOfA","SB Returns To Hades 48 - Fairer Still","SB","2020-10-18","2020-11-18","https://i.ytimg.com/vi/GctyIwNtOfA/hqdefault.jpg","Mirror, mirror on the wall, who is the speariest of them all?


We have finally reached the 1.0 release of Hades, the new action roguelite from Supergiant Games in which you defy the god of death, wield legendary weapons of myth, and get murdered over and over again by giant flaming skulls. Is the labyrinth of Hades truly inescapable?
Find out at https://www.epicgames.com/store/en-US/product/hades/home


You can chat with other folks on the subreddit at https://www.reddit.com/r/SBMakesStuff
If you enjoy these videos, you can now support us on Patreon at https://www.patreon.com/SBMakesStuff ! You can also do that if you don't enjoy the videos, actually. I'm not going to tell you how to spend your money."
"XTpJS46mESk","SB Returns To Hades 49 - The Big One","SB","2020-10-19","2020-11-19","https://i.ytimg.com/vi/XTpJS46mESk/hqdefault.jpg","No no, bigger than that.


We have finally reached the 1.0 release of Hades, the new action roguelite from Supergiant Games in which you defy the god of death, wield legendary weapons of myth, and get murdered over and over again by giant flaming skulls. Is the labyrinth of Hades truly inescapable?
Find out at https://www.epicgames.com/store/en-US/product/hades/home


You can chat with other folks on the subreddit at https://www.reddit.com/r/SBMakesStuff
If you enjoy these videos, you can now support us on Patreon at https://www.patreon.com/SBMakesStuff ! You can also do that if you don't enjoy the videos, actually. I'm not going to tell you how to spend your money."
"Rxdisc7YVAA","SB Returns To Hades 50 - Double-Barreled","SB","2020-10-19","2020-11-20","https://i.ytimg.com/vi/Rxdisc7YVAA/hqdefault.jpg","That's twice as many as normal!


We have finally reached the 1.0 release of Hades, the new action roguelite from Supergiant Games in which you defy the god of death, wield legendary weapons of myth, and get murdered over and over again by giant flaming skulls. Is the labyrinth of Hades truly inescapable?
Find out at https://www.epicgames.com/store/en-US/product/hades/home


You can chat with other folks on the subreddit at https://www.reddit.com/r/SBMakesStuff
If you enjoy these videos, you can now support us on Patreon at https://www.patreon.com/SBMakesStuff ! You can also do that if you don't enjoy the videos, actually. I'm not going to tell you how to spend your money."
"cNFA1q4iuqs","SB Returns To Hades 51 - Even Bigger","SB","2020-10-22","2020-11-23","https://i.ytimg.com/vi/cNFA1q4iuqs/hqdefault.jpg","Frankly, just the concept that a number might be big enough makes me slightly uncomfortable.


We have finally reached the 1.0 release of Hades, the new action roguelite from Supergiant Games in which you defy the god of death, wield legendary weapons of myth, and get murdered over and over again by giant flaming skulls. Is the labyrinth of Hades truly inescapable?
Find out at https://www.epicgames.com/store/en-US/product/hades/home


You can chat with other folks on the subreddit at https://www.reddit.com/r/SBMakesStuff
If you enjoy these videos, you can now support us on Patreon at https://www.patreon.com/SBMakesStuff ! You can also do that if you don't enjoy the videos, actually. I'm not going to tell you how to spend your money."
"-1vSQDXjoPM","SB Returns To Hades 52 - Another Shot","SB","2020-10-22","2020-11-24","https://i.ytimg.com/vi/-1vSQDXjoPM/hqdefault.jpg","It's hard to believe so many of these guys are willing to keep fighting me after seeing the grenade launcher fired even a single time.


We have finally reached the 1.0 release of Hades, the new action roguelite from Supergiant Games in which you defy the god of death, wield legendary weapons of myth, and get murdered over and over again by giant flaming skulls. Is the labyrinth of Hades truly inescapable?
Find out at https://www.epicgames.com/store/en-US/product/hades/home


You can chat with other folks on the subreddit at https://www.reddit.com/r/SBMakesStuff
If you enjoy these videos, you can now support us on Patreon at https://www.patreon.com/SBMakesStuff ! You can also do that if you don't enjoy the videos, actually. I'm not going to tell you how to spend your money."
"Dr5Q0u6AFxI","SB Returns To Hades 53 - Counting Up","SB","2020-10-22","2020-11-25","https://i.ytimg.com/vi/Dr5Q0u6AFxI/hqdefault.jpg","Never mind what I was saying before. ALWAYS INCREASE.


We have finally reached the 1.0 release of Hades, the new action roguelite from Supergiant Games in which you defy the god of death, wield legendary weapons of myth, and get murdered over and over again by giant flaming skulls. Is the labyrinth of Hades truly inescapable?
Find out at https://www.epicgames.com/store/en-US/product/hades/home


You can chat with other folks on the subreddit at https://www.reddit.com/r/SBMakesStuff
If you enjoy these videos, you can now support us on Patreon at https://www.patreon.com/SBMakesStuff ! You can also do that if you don't enjoy the videos, actually. I'm not going to tell you how to spend your money."
"AO_daClJFbA","SB Returns To Hades 54 - Turning Up","SB","2020-10-23","2020-11-26","https://i.ytimg.com/vi/AO_daClJFbA/hqdefault.jpg","This is probably going to sting a little.


We have finally reached the 1.0 release of Hades, the new action roguelite from Supergiant Games in which you defy the god of death, wield legendary weapons of myth, and get murdered over and over again by giant flaming skulls. Is the labyrinth of Hades truly inescapable?
Find out at https://www.epicgames.com/store/en-US/product/hades/home


You can chat with other folks on the subreddit at https://www.reddit.com/r/SBMakesStuff
If you enjoy these videos, you can now support us on Patreon at https://www.patreon.com/SBMakesStuff ! You can also do that if you don't enjoy the videos, actually. I'm not going to tell you how to spend your money."
"ydjM237kY18","SB Returns To Hades 55 - Out Of The Frying Pan","SB","2020-10-23","2020-11-27","https://i.ytimg.com/vi/ydjM237kY18/hqdefault.jpg","Into the deceptively horrible butterfly meadow.


We have finally reached the 1.0 release of Hades, the new action roguelite from Supergiant Games in which you defy the god of death, wield legendary weapons of myth, and get murdered over and over again by giant flaming skulls. Is the labyrinth of Hades truly inescapable?
Find out at https://www.epicgames.com/store/en-US/product/hades/home


You can chat with other folks on the subreddit at https://www.reddit.com/r/SBMakesStuff
If you enjoy these videos, you can now support us on Patreon at https://www.patreon.com/SBMakesStuff ! You can also do that if you don't enjoy the videos, actually. I'm not going to tell you how to spend your money."
"dm9mHgFPxO0","SB Returns To Hades 56 - Over And Over","SB","2020-10-23","2020-11-30","https://i.ytimg.com/vi/dm9mHgFPxO0/hqdefault.jpg","I'm starting to feel like someone's looking out for me after all.


We have finally reached the 1.0 release of Hades, the new action roguelite from Supergiant Games in which you defy the god of death, wield legendary weapons of myth, and get murdered over and over again by giant flaming skulls. Is the labyrinth of Hades truly inescapable?
Find out at https://www.epicgames.com/store/en-US/product/hades/home


You can chat with other folks on the subreddit at https://www.reddit.com/r/SBMakesStuff
If you enjoy these videos, you can now support us on Patreon at https://www.patreon.com/SBMakesStuff ! You can also do that if you don't enjoy the videos, actually. I'm not going to tell you how to spend your money."
"KsgrIqXrxms","SB Returns To Hades 57 - Third Time's The Charm","SB","2020-10-23","2020-12-01","https://i.ytimg.com/vi/KsgrIqXrxms/hqdefault.jpg","At least, I sure hope so.


We have finally reached the 1.0 release of Hades, the new action roguelite from Supergiant Games in which you defy the god of death, wield legendary weapons of myth, and get murdered over and over again by giant flaming skulls. Is the labyrinth of Hades truly inescapable?
Find out at https://www.epicgames.com/store/en-US/product/hades/home


You can chat with other folks on the subreddit at https://www.reddit.com/r/SBMakesStuff
If you enjoy these videos, you can now support us on Patreon at https://www.patreon.com/SBMakesStuff ! You can also do that if you don't enjoy the videos, actually. I'm not going to tell you how to spend your money."
"TYhdLqb5lxE","SB Returns To Hades 58 - From Hell","SB","2020-10-23","2020-12-02","https://i.ytimg.com/vi/TYhdLqb5lxE/hqdefault.jpg","They'll all see the light.


We have finally reached the 1.0 release of Hades, the new action roguelite from Supergiant Games in which you defy the god of death, wield legendary weapons of myth, and get murdered over and over again by giant flaming skulls. Is the labyrinth of Hades truly inescapable?
Find out at https://www.epicgames.com/store/en-US/product/hades/home


You can chat with other folks on the subreddit at https://www.reddit.com/r/SBMakesStuff
If you enjoy these videos, you can now support us on Patreon at https://www.patreon.com/SBMakesStuff ! You can also do that if you don't enjoy the videos, actually. I'm not going to tell you how to spend your money."
"KzR-K4HOeoU","SB Returns To Hades 59 - Tight Deadlines","SB","2020-10-25","2020-12-03","https://i.ytimg.com/vi/KzR-K4HOeoU/hqdefault.jpg","CHAMPION SPEEDRUNNER


We have finally reached the 1.0 release of Hades, the new action roguelite from Supergiant Games in which you defy the god of death, wield legendary weapons of myth, and get murdered over and over again by giant flaming skulls. Is the labyrinth of Hades truly inescapable?
Find out at https://www.epicgames.com/store/en-US/product/hades/home


You can chat with other folks on the subreddit at https://www.reddit.com/r/SBMakesStuff
If you enjoy these videos, you can now support us on Patreon at https://www.patreon.com/SBMakesStuff ! You can also do that if you don't enjoy the videos, actually. I'm not going to tell you how to spend your money."
"teK0-9Cafjw","SB Returns To Hades 60 - A Slight Downgrade","SB","2020-10-26","2020-12-04","https://i.ytimg.com/vi/teK0-9Cafjw/hqdefault.jpg","It's no laser cannon, I'll tell you that.


We have finally reached the 1.0 release of Hades, the new action roguelite from Supergiant Games in which you defy the god of death, wield legendary weapons of myth, and get murdered over and over again by giant flaming skulls. Is the labyrinth of Hades truly inescapable?
Find out at https://www.epicgames.com/store/en-US/product/hades/home


You can chat with other folks on the subreddit at https://www.reddit.com/r/SBMakesStuff
If you enjoy these videos, you can now support us on Patreon at https://www.patreon.com/SBMakesStuff ! You can also do that if you don't enjoy the videos, actually. I'm not going to tell you how to spend your money."
"3b2pGbMwgY8","SB Returns To Hades 61 - Doomed Lament","SB","2020-10-26","2020-12-07","https://i.ytimg.com/vi/3b2pGbMwgY8/hqdefault.jpg","It's no sword, I'll tell you that!


We have finally reached the 1.0 release of Hades, the new action roguelite from Supergiant Games in which you defy the god of death, wield legendary weapons of myth, and get murdered over and over again by giant flaming skulls. Is the labyrinth of Hades truly inescapable?
Find out at https://www.epicgames.com/store/en-US/product/hades/home


You can chat with other folks on the subreddit at https://www.reddit.com/r/SBMakesStuff
If you enjoy these videos, you can now support us on Patreon at https://www.patreon.com/SBMakesStuff ! You can also do that if you don't enjoy the videos, actually. I'm not going to tell you how to spend your money."
"HcMiJsEUl7I","SB Returns To Hades 62 - The Key To Their Heart","SB","2020-10-29","2020-12-08","https://i.ytimg.com/vi/HcMiJsEUl7I/hqdefault.jpg","Frankly, trying to make sense of other people's desires is terrifying.


We have finally reached the 1.0 release of Hades, the new action roguelite from Supergiant Games in which you defy the god of death, wield legendary weapons of myth, and get murdered over and over again by giant flaming skulls. Is the labyrinth of Hades truly inescapable?
Find out at https://www.epicgames.com/store/en-US/product/hades/home


You can chat with other folks on the subreddit at https://www.reddit.com/r/SBMakesStuff
If you enjoy these videos, you can now support us on Patreon at https://www.patreon.com/SBMakesStuff ! You can also do that if you don't enjoy the videos, actually. I'm not going to tell you how to spend your money."
"IGaFZapeIZc","SB Returns To Hades 63 - Spear Pun Goes Here","SB","2020-10-30","2020-12-09","https://i.ytimg.com/vi/IGaFZapeIZc/hqdefault.jpg","Listen, we're pretty deep in this thing. I'm running out of material.


We have finally reached the 1.0 release of Hades, the new action roguelite from Supergiant Games in which you defy the god of death, wield legendary weapons of myth, and get murdered over and over again by giant flaming skulls. Is the labyrinth of Hades truly inescapable?
Find out at https://www.epicgames.com/store/en-US/product/hades/home


You can chat with other folks on the subreddit at https://www.reddit.com/r/SBMakesStuff
If you enjoy these videos, you can now support us on Patreon at https://www.patreon.com/SBMakesStuff ! You can also do that if you don't enjoy the videos, actually. I'm not going to tell you how to spend your money."
"irS-aRg8Ocs","SB Returns To Hades 64 - Now I'm Just Trying To Make Myself Feel Better","SB","2020-10-31","2020-12-10","https://i.ytimg.com/vi/irS-aRg8Ocs/hqdefault.jpg","I get VERY insecure VERY quickly. At least I'm aware of it!


We have finally reached the 1.0 release of Hades, the new action roguelite from Supergiant Games in which you defy the god of death, wield legendary weapons of myth, and get murdered over and over again by giant flaming skulls. Is the labyrinth of Hades truly inescapable?
Find out at https://www.epicgames.com/store/en-US/product/hades/home


You can chat with other folks on the subreddit at https://www.reddit.com/r/SBMakesStuff
If you enjoy these videos, you can now support us on Patreon at https://www.patreon.com/SBMakesStuff ! You can also do that if you don't enjoy the videos, actually. I'm not going to tell you how to spend your money."
"QalpHw6PC4Y","SB Returns To Hades 65 - Pointed Repetition","SB","2020-10-31","2020-12-11","https://i.ytimg.com/vi/QalpHw6PC4Y/hqdefault.jpg","Surely doing the same thing as before will guarantee a better outcome, right?


We have finally reached the 1.0 release of Hades, the new action roguelite from Supergiant Games in which you defy the god of death, wield legendary weapons of myth, and get murdered over and over again by giant flaming skulls. Is the labyrinth of Hades truly inescapable?
Find out at https://www.epicgames.com/store/en-US/product/hades/home


You can chat with other folks on the subreddit at https://www.reddit.com/r/SBMakesStuff
If you enjoy these videos, you can now support us on Patreon at https://www.patreon.com/SBMakesStuff ! You can also do that if you don't enjoy the videos, actually. I'm not going to tell you how to spend your money."
"dms6BkeRduE","SB Returns To Hades 66 - Almost","SB","2020-11-01","2020-12-14","https://i.ytimg.com/vi/dms6BkeRduE/hqdefault.jpg","Just six hundred more to go!


We have finally reached the 1.0 release of Hades, the new action roguelite from Supergiant Games in which you defy the god of death, wield legendary weapons of myth, and get murdered over and over again by giant flaming skulls. Is the labyrinth of Hades truly inescapable?
Find out at https://www.epicgames.com/store/en-US/product/hades/home


You can chat with other folks on the subreddit at https://www.reddit.com/r/SBMakesStuff
If you enjoy these videos, you can now support us on Patreon at https://www.patreon.com/SBMakesStuff ! You can also do that if you don't enjoy the videos, actually. I'm not going to tell you how to spend your money."
"1xnsBx2Fj9Y","SB Returns To Hades 67 - Bloody Knuckles","SB","2020-11-01","2020-12-15","https://i.ytimg.com/vi/1xnsBx2Fj9Y/hqdefault.jpg","No wonder we haven't completed these hammer prophecies. We just see the same upgrades over and over and over again.


We have finally reached the 1.0 release of Hades, the new action roguelite from Supergiant Games in which you defy the god of death, wield legendary weapons of myth, and get murdered over and over again by giant flaming skulls. Is the labyrinth of Hades truly inescapable?
Find out at https://www.epicgames.com/store/en-US/product/hades/home


You can chat with other folks on the subreddit at https://www.reddit.com/r/SBMakesStuff
If you enjoy these videos, you can now support us on Patreon at https://www.patreon.com/SBMakesStuff ! You can also do that if you don't enjoy the videos, actually. I'm not going to tell you how to spend your money."
"ZmfFdk_NhPs","SB Returns To Hades 68 - Carrier","SB","2020-11-01","2020-12-16","https://i.ytimg.com/vi/ZmfFdk_NhPs/hqdefault.jpg","I should get some of those little winged sandals!

We have finally reached the 1.0 release of Hades, the new action roguelite from Supergiant Games in which you defy the god of death, wield legendary weapons of myth, and get murdered over and over again by giant flaming skulls. Is the labyrinth of Hades truly inescapable?
Find out at https://www.epicgames.com/store/en-US/product/hades/home

You can chat with other folks on the subreddit at https://www.reddit.com/r/SBMakesStuff
If you enjoy these videos, you can now support us on Patreon at https://www.patreon.com/SBMakesStuff ! You can also do that if you don't enjoy the videos, actually. I'm not going to tell you how to spend your money."
"W0xhOHIhR0w","SB Returns To Hades 69 - A Nice Evening","SB","2020-11-03","2020-12-17","https://i.ytimg.com/vi/W0xhOHIhR0w/hqdefault.jpg","I could only partially resist.


We have finally reached the 1.0 release of Hades, the new action roguelite from Supergiant Games in which you defy the god of death, wield legendary weapons of myth, and get murdered over and over again by giant flaming skulls. Is the labyrinth of Hades truly inescapable?
Find out at https://www.epicgames.com/store/en-US/product/hades/home


You can chat with other folks on the subreddit at https://www.reddit.com/r/SBMakesStuff
If you enjoy these videos, you can now support us on Patreon at https://www.patreon.com/SBMakesStuff ! You can also do that if you don't enjoy the videos, actually. I'm not going to tell you how to spend your money."
